transaction_id,week,store_id,customer_id,channel,treatment_group,segment,net_sales,gross_margin,converted
T01S01000,1,S01,C0051,ecommerce,treatment,Value,141.36,49.47,1
T01S01001,1,S01,C0058,store,treatment,Core,81.06,34.05,1
T01S01002,1,S01,C0065,store,treatment,Premium,80.53,33.82,1
T01S01003,1,S01,C0072,store,treatment,Value,79.22,33.27,1
T01S01004,1,S01,C0079,store,treatment,Core,66.09,23.13,0
T01S01005,1,S01,C0086,ecommerce,treatment,Premium,117.15,49.2,1
T01S01006,1,S01,C0093,store,treatment,Value,91.97,38.63,1
T01S01007,1,S01,C0100,store,treatment,Core,116.27,48.83,1
T01S01008,1,S01,C0107,store,treatment,Premium,101.27,35.44,1
T01S01009,1,S01,C0114,store,treatment,Value,99.78,41.91,1
T01S01010,1,S01,C0121,ecommerce,treatment,Core,67.69,28.43,0
T01S01011,1,S01,C0128,store,treatment,Premium,81.96,34.42,1
T01S01012,1,S01,C0135,store,treatment,Value,66.8,23.38,0
T01S01013,1,S01,C0142,store,treatment,Core,128.84,54.11,1
T01S01014,1,S01,C0149,store,treatment,Premium,97.8,41.08,1
T01S01015,1,S01,C0156,ecommerce,treatment,Value,63.89,26.84,0
T01S01016,1,S01,C0163,store,treatment,Core,109.27,38.24,1
T01S01017,1,S01,C0170,store,treatment,Premium,94.95,39.88,1
T01S01018,1,S01,C0177,store,treatment,Value,86.22,36.21,1
T01S01019,1,S01,C0184,store,treatment,Core,103.82,43.6,1
T01S01020,1,S01,C0191,ecommerce,treatment,Premium,100.26,35.09,1
T01S01021,1,S01,C0198,store,treatment,Value,82.08,34.47,1
T01S01022,1,S01,C0005,store,treatment,Premium,109.27,45.89,1
T01S01023,1,S01,C0012,store,treatment,Value,84.16,35.35,1
T01S01024,1,S01,C0019,store,treatment,Core,91.49,32.02,1
T01S01025,1,S01,C0026,ecommerce,treatment,Premium,125.15,52.56,1
T01S01026,1,S01,C0033,store,treatment,Value,94.0,39.48,1
T01S01027,1,S01,C0040,store,treatment,Core,93.15,39.12,1
T01S01028,1,S01,C0047,store,treatment,Premium,104.67,36.64,1
T01S01029,1,S01,C0054,store,treatment,Value,81.05,34.04,1
T01S01030,1,S01,C0061,ecommerce,treatment,Core,63.41,26.63,0
T01S01031,1,S01,C0068,store,treatment,Premium,104.78,44.01,1
T01S01032,1,S01,C0075,store,treatment,Value,92.75,32.46,1
T01S01033,1,S01,C0082,store,treatment,Core,86.36,36.27,1
T01S01034,1,S01,C0089,store,treatment,Premium,115.17,48.37,1
T01S01035,1,S01,C0096,ecommerce,treatment,Value,96.76,40.64,1
T01S01036,1,S01,C0103,store,treatment,Core,71.52,25.03,0
T01S01037,1,S01,C0110,store,treatment,Premium,116.79,49.05,1
T01S01038,1,S01,C0117,store,treatment,Value,105.32,44.23,1
T01S01039,1,S01,C0124,store,treatment,Core,107.03,44.95,1
T01S01040,1,S01,C0131,ecommerce,treatment,Premium,120.02,42.01,1
T01S01041,1,S01,C0138,store,treatment,Value,88.86,37.32,1
T01S01042,1,S01,C0145,store,treatment,Core,77.9,32.72,1
T01S01043,1,S01,C0152,store,treatment,Premium,112.8,47.38,1
T01S01044,1,S01,C0159,store,treatment,Value,80.83,28.29,1
T01S01045,1,S01,C0166,ecommerce,treatment,Core,90.8,38.14,1
T01S01046,1,S01,C0173,store,treatment,Premium,129.26,54.29,1
T01S01047,1,S01,C0180,store,treatment,Value,90.62,38.06,1
T01S01048,1,S01,C0187,store,treatment,Core,98.97,34.64,1
T01S01049,1,S01,C0194,store,treatment,Premium,99.49,41.79,1
T01S01050,1,S01,C0001,ecommerce,treatment,Core,103.72,43.56,1
T01S01051,1,S01,C0008,store,treatment,Premium,108.46,45.55,1
T01S01052,1,S01,C0015,store,treatment,Value,110.72,38.75,1
T01S01053,1,S01,C0022,store,treatment,Core,115.37,48.46,1
T01S01054,1,S01,C0029,store,treatment,Premium,120.6,50.65,1
T01S01055,1,S01,C0036,ecommerce,treatment,Value,93.82,39.4,1
T01S01056,1,S01,C0043,store,treatment,Core,99.62,34.87,1
T01S01057,1,S01,C0050,store,treatment,Premium,79.81,33.52,1
T01S01058,1,S01,C0057,store,treatment,Value,87.32,36.67,1
T01S01059,1,S01,C0064,store,treatment,Core,95.01,39.9,1
T01S01060,1,S01,C0071,ecommerce,treatment,Premium,103.09,36.08,1
T01S01061,1,S01,C0078,store,treatment,Value,84.1,35.32,1
T01S01062,1,S01,C0085,store,treatment,Core,126.6,53.17,1
T01S01063,1,S01,C0092,store,treatment,Premium,142.29,59.76,1
T01S01064,1,S01,C0099,store,treatment,Value,89.87,31.45,1
T01S01065,1,S01,C0106,ecommerce,treatment,Core,74.66,31.36,0
T01S01066,1,S01,C0113,store,treatment,Premium,98.53,41.38,1
T01S01067,1,S01,C0120,store,treatment,Value,64.95,27.28,0
T01S01068,1,S01,C0127,store,treatment,Core,101.16,35.41,1
T01S01069,1,S01,C0134,store,treatment,Premium,109.57,46.02,1
T01S01070,1,S01,C0141,ecommerce,treatment,Value,113.52,47.68,1
T01S01071,1,S01,C0148,store,treatment,Core,70.65,29.67,0
T01S01072,1,S01,C0155,store,treatment,Premium,85.65,29.98,1
T01S01073,1,S01,C0162,store,treatment,Value,120.4,50.57,1
T01S01074,1,S01,C0169,store,treatment,Core,123.28,51.78,1
T01S01075,1,S01,C0176,ecommerce,treatment,Premium,101.64,42.69,1
T01S01076,1,S01,C0183,store,treatment,Value,89.93,31.48,1
T01S01077,1,S01,C0190,store,treatment,Core,105.54,44.33,1
T01S01078,1,S01,C0197,store,treatment,Premium,128.88,54.13,1
T01S01079,1,S01,C0004,store,treatment,Core,37.46,15.73,0
T01S01080,1,S01,C0011,ecommerce,treatment,Premium,131.31,45.96,1
T01S01081,1,S01,C0018,store,treatment,Value,59.51,25.0,0
T01S01082,1,S01,C0025,store,treatment,Core,83.46,35.05,1
T01S01083,1,S01,C0032,store,treatment,Premium,85.79,36.03,1
T01S01084,1,S01,C0039,store,treatment,Value,65.74,23.01,0
T01S01085,1,S01,C0046,ecommerce,treatment,Core,97.51,40.95,1
T01S01086,1,S01,C0053,store,treatment,Premium,120.01,50.41,1
T01S01087,1,S01,C0060,store,treatment,Value,65.26,27.41,0
T01S01088,1,S01,C0067,store,treatment,Core,86.02,30.11,1
T01S01089,1,S01,C0074,store,treatment,Premium,127.75,53.66,1
T01S01090,1,S01,C0081,ecommerce,treatment,Value,91.18,38.29,1
T01S01091,1,S01,C0088,store,treatment,Core,112.38,47.2,1
T01S01092,1,S01,C0095,store,treatment,Premium,82.25,28.79,1
T01S01093,1,S01,C0102,store,treatment,Value,104.34,43.82,1
T01S01094,1,S01,C0109,store,treatment,Core,107.93,45.33,1
T01S01095,1,S01,C0116,ecommerce,treatment,Premium,108.24,45.46,1
T01S01096,1,S01,C0123,store,treatment,Value,127.6,44.66,1
T01S01097,1,S01,C0130,store,treatment,Core,70.03,29.41,0
T01S01098,1,S01,C0137,store,treatment,Premium,127.84,53.69,1
T01S01099,1,S01,C0144,store,treatment,Value,50.42,21.18,0
T01S01100,1,S01,C0151,ecommerce,treatment,Core,47.24,16.53,0
T01S01101,1,S01,C0158,store,treatment,Premium,101.03,42.43,1
T01S01102,1,S01,C0165,store,treatment,Value,114.53,48.1,1
T01S01103,1,S01,C0172,store,treatment,Core,106.98,44.93,1
T01S01104,1,S01,C0179,store,treatment,Premium,102.3,35.8,1
T01S01105,1,S01,C0186,ecommerce,treatment,Value,91.35,38.37,1
T01S01106,1,S01,C0193,store,treatment,Core,115.83,48.65,1
T01S01107,1,S01,C0200,store,treatment,Premium,91.36,38.37,1
T01S01108,1,S01,C0007,store,treatment,Core,111.1,38.88,1
T01S01109,1,S01,C0014,store,treatment,Premium,108.72,45.66,1
T01S01110,1,S01,C0021,ecommerce,treatment,Value,105.68,44.39,1
T01S01111,1,S01,C0028,store,treatment,Core,87.75,36.86,1
T01S01112,1,S01,C0035,store,treatment,Premium,101.17,35.41,1
T01S01113,1,S01,C0042,store,treatment,Value,87.24,36.64,1
T01S01114,1,S01,C0049,store,treatment,Core,71.7,30.11,0
T01S01115,1,S01,C0056,ecommerce,treatment,Premium,117.73,49.45,1
T01S01116,1,S01,C0063,store,treatment,Value,74.51,26.08,0
T01S01117,1,S01,C0070,store,treatment,Core,72.17,30.31,0
T01S01118,1,S01,C0077,store,treatment,Premium,90.23,37.9,1
T01S01119,1,S01,C0084,store,treatment,Value,62.41,26.21,0
T01S01120,1,S01,C0091,ecommerce,treatment,Core,88.54,30.99,1
T01S01121,1,S01,C0098,store,treatment,Premium,87.13,36.59,1
T01S01122,1,S01,C0105,store,treatment,Value,50.04,21.02,0
T01S01123,1,S01,C0112,store,treatment,Core,73.94,31.06,0
T01S01124,1,S01,C0119,store,treatment,Premium,105.67,36.99,1
T01S01125,1,S01,C0126,ecommerce,treatment,Value,77.58,32.58,1
T01S01126,1,S01,C0133,store,treatment,Core,120.33,50.54,1
T01S01127,1,S01,C0140,store,treatment,Premium,119.96,50.38,1
T01S01128,1,S01,C0147,store,treatment,Value,87.97,30.79,1
T01S01129,1,S01,C0154,store,treatment,Core,92.58,38.89,1
T01S01130,1,S01,C0161,ecommerce,treatment,Premium,92.33,38.78,1
T01S01131,1,S01,C0168,store,treatment,Value,96.48,40.52,1
T01S01132,1,S01,C0175,store,treatment,Core,82.88,29.01,1
T01S01133,1,S01,C0182,store,treatment,Premium,85.12,35.75,1
T01S01134,1,S01,C0189,store,treatment,Value,84.42,35.46,1
T01S01135,1,S01,C0196,ecommerce,treatment,Core,91.73,38.53,1
T01S01136,1,S01,C0003,store,treatment,Value,104.54,36.59,1
T01S01137,1,S01,C0010,store,treatment,Core,99.59,41.83,1
T01S01138,1,S01,C0017,store,treatment,Premium,86.75,36.43,1
T01S01139,1,S01,C0024,store,treatment,Value,76.14,31.98,1
T01S01140,1,S01,C0031,ecommerce,treatment,Core,108.32,37.91,1
T01S01141,1,S01,C0038,store,treatment,Premium,106.62,44.78,1
T01S01142,1,S01,C0045,store,treatment,Value,100.26,42.11,1
T01S01143,1,S01,C0052,store,treatment,Core,119.59,50.23,1
T01S01144,1,S01,C0059,store,treatment,Premium,97.18,34.01,1
T01S01145,1,S01,C0066,ecommerce,treatment,Value,88.49,37.17,1
T01S01146,1,S01,C0073,store,treatment,Core,97.44,40.93,1
T01S01147,1,S01,C0080,store,treatment,Premium,110.25,46.3,1
T01S01148,1,S01,C0087,store,treatment,Value,73.34,25.67,0
T01S01149,1,S01,C0094,store,treatment,Core,95.49,40.11,1
T01S01150,1,S01,C0101,ecommerce,treatment,Premium,103.11,43.31,1
T01S01151,1,S01,C0108,store,treatment,Value,117.11,49.18,1
T01S01152,1,S01,C0115,store,treatment,Core,91.76,32.11,1
T01S01153,1,S01,C0122,store,treatment,Premium,119.06,50.01,1
T01S01154,1,S01,C0129,store,treatment,Value,111.28,46.74,1
T01S01155,1,S01,C0136,ecommerce,treatment,Core,142.32,59.77,1
T01S01156,1,S01,C0143,store,treatment,Premium,89.52,31.33,1
T01S01157,1,S01,C0150,store,treatment,Value,84.96,35.68,1
T01S01158,1,S01,C0157,store,treatment,Core,78.59,33.01,1
T01S01159,1,S01,C0164,store,treatment,Premium,99.82,41.92,1
T01S02000,1,S02,C0064,ecommerce,control,Core,78.0,27.3,1
T01S02001,1,S02,C0071,store,control,Premium,107.27,45.05,1
T01S02002,1,S02,C0078,store,control,Value,82.46,34.64,1
T01S02003,1,S02,C0085,store,control,Core,85.76,36.02,1
T01S02004,1,S02,C0092,store,control,Premium,97.44,34.1,1
T01S02005,1,S02,C0099,ecommerce,control,Value,81.75,34.33,1
T01S02006,1,S02,C0106,store,control,Core,82.59,34.69,1
T01S02007,1,S02,C0113,store,control,Premium,110.73,46.51,1
T01S02008,1,S02,C0120,store,control,Value,77.34,27.07,1
T01S02009,1,S02,C0127,store,control,Core,43.16,18.13,0
T01S02010,1,S02,C0134,ecommerce,control,Premium,55.98,23.51,0
T01S02011,1,S02,C0141,store,control,Value,58.17,24.43,0
T01S02012,1,S02,C0148,store,control,Core,56.39,19.74,0
T01S02013,1,S02,C0155,store,control,Premium,61.83,25.97,0
T01S02014,1,S02,C0162,store,control,Value,66.76,28.04,0
T01S02015,1,S02,C0169,ecommerce,control,Core,86.13,36.18,1
T01S02016,1,S02,C0176,store,control,Premium,125.61,43.96,1
T01S02017,1,S02,C0183,store,control,Value,87.22,36.63,1
T01S02018,1,S02,C0190,store,control,Core,38.91,16.34,0
T01S02019,1,S02,C0197,store,control,Premium,99.61,41.84,1
T01S02020,1,S02,C0004,ecommerce,control,Core,59.71,20.9,0
T01S02021,1,S02,C0011,store,control,Premium,119.25,50.09,1
T01S02022,1,S02,C0018,store,control,Value,56.45,23.71,0
T01S02023,1,S02,C0025,store,control,Core,59.15,24.84,0
T01S02024,1,S02,C0032,store,control,Premium,85.96,30.09,1
T01S02025,1,S02,C0039,ecommerce,control,Value,73.97,31.07,0
T01S02026,1,S02,C0046,store,control,Core,98.28,41.28,1
T01S02027,1,S02,C0053,store,control,Premium,111.33,46.76,1
T01S02028,1,S02,C0060,store,control,Value,59.03,20.66,0
T01S02029,1,S02,C0067,store,control,Core,64.2,26.96,0
T01S02030,1,S02,C0074,ecommerce,control,Premium,105.81,44.44,1
T01S02031,1,S02,C0081,store,control,Value,44.77,18.8,0
T01S02032,1,S02,C0088,store,control,Core,57.16,20.0,0
T01S02033,1,S02,C0095,store,control,Premium,57.72,24.24,0
T01S02034,1,S02,C0102,store,control,Value,93.34,39.2,1
T01S02035,1,S02,C0109,ecommerce,control,Core,119.41,50.15,1
T01S02036,1,S02,C0116,store,control,Premium,90.41,31.64,1
T01S02037,1,S02,C0123,store,control,Value,89.23,37.48,1
T01S02038,1,S02,C0130,store,control,Core,97.77,41.06,1
T01S02039,1,S02,C0137,store,control,Premium,126.0,52.92,1
T01S02040,1,S02,C0144,ecommerce,control,Value,68.21,23.87,0
T01S02041,1,S02,C0151,store,control,Core,107.15,45.0,1
T01S02042,1,S02,C0158,store,control,Premium,99.09,41.62,1
T01S02043,1,S02,C0165,store,control,Value,72.32,30.37,0
T01S02044,1,S02,C0172,store,control,Core,105.38,36.88,1
T01S02045,1,S02,C0179,ecommerce,control,Premium,114.21,47.97,1
T01S02046,1,S02,C0186,store,control,Value,84.24,35.38,1
T01S02047,1,S02,C0193,store,control,Core,47.1,19.78,0
T01S02048,1,S02,C0200,store,control,Premium,102.63,35.92,1
T01S02049,1,S02,C0007,store,control,Core,99.5,41.79,1
T01S02050,1,S02,C0014,ecommerce,control,Premium,93.6,39.31,1
T01S02051,1,S02,C0021,store,control,Value,107.01,44.94,1
T01S02052,1,S02,C0028,store,control,Core,92.34,32.32,1
T01S02053,1,S02,C0035,store,control,Premium,104.87,44.04,1
T01S02054,1,S02,C0042,store,control,Value,46.07,19.35,0
T01S02055,1,S02,C0049,ecommerce,control,Core,84.93,35.67,1
T01S02056,1,S02,C0056,store,control,Premium,91.8,32.13,1
T01S02057,1,S02,C0063,store,control,Value,60.11,25.24,0
T01S02058,1,S02,C0070,store,control,Core,65.8,27.64,0
T01S02059,1,S02,C0077,store,control,Premium,85.06,35.72,1
T01S02060,1,S02,C0084,ecommerce,control,Value,75.85,26.55,0
T01S02061,1,S02,C0091,store,control,Core,86.22,36.21,1
T01S02062,1,S02,C0098,store,control,Premium,66.9,28.1,0
T01S02063,1,S02,C0105,store,control,Value,93.27,39.17,1
T01S02064,1,S02,C0112,store,control,Core,97.97,34.29,1
T01S02065,1,S02,C0119,ecommerce,control,Premium,108.53,45.58,1
T01S02066,1,S02,C0126,store,control,Value,83.72,35.16,1
T01S02067,1,S02,C0133,store,control,Core,57.72,24.24,0
T01S02068,1,S02,C0140,store,control,Premium,98.86,34.6,1
T01S02069,1,S02,C0147,store,control,Value,45.29,19.02,0
T01S02070,1,S02,C0154,ecommerce,control,Core,85.96,36.1,1
T01S02071,1,S02,C0161,store,control,Premium,80.12,33.65,1
T01S02072,1,S02,C0168,store,control,Value,68.02,23.81,0
T01S02073,1,S02,C0175,store,control,Core,79.96,33.58,1
T01S02074,1,S02,C0182,store,control,Premium,99.44,41.77,1
T01S02075,1,S02,C0189,ecommerce,control,Value,108.34,45.5,1
T01S02076,1,S02,C0196,store,control,Core,103.75,36.31,1
T01S02077,1,S02,C0003,store,control,Value,82.54,34.67,1
T01S02078,1,S02,C0010,store,control,Core,98.76,41.48,1
T01S02079,1,S02,C0017,store,control,Premium,70.85,29.76,0
T01S02080,1,S02,C0024,ecommerce,control,Value,74.58,26.1,0
T01S02081,1,S02,C0031,store,control,Core,78.62,33.02,1
T01S02082,1,S02,C0038,store,control,Premium,69.65,29.25,0
T01S02083,1,S02,C0045,store,control,Value,52.62,22.1,0
T01S02084,1,S02,C0052,store,control,Core,68.4,23.94,0
T01S02085,1,S02,C0059,ecommerce,control,Premium,116.86,49.08,1
T01S02086,1,S02,C0066,store,control,Value,89.72,37.68,1
T01S02087,1,S02,C0073,store,control,Core,116.13,48.77,1
T01S02088,1,S02,C0080,store,control,Premium,96.05,33.62,1
T01S02089,1,S02,C0087,store,control,Value,63.37,26.61,0
T01S02090,1,S02,C0094,ecommerce,control,Core,44.46,18.67,0
T01S02091,1,S02,C0101,store,control,Premium,115.65,48.57,1
T01S02092,1,S02,C0108,store,control,Value,86.6,30.31,1
T01S02093,1,S02,C0115,store,control,Core,102.29,42.96,1
T01S02094,1,S02,C0122,store,control,Premium,81.9,34.4,1
T01S02095,1,S02,C0129,ecommerce,control,Value,74.48,31.28,0
T01S02096,1,S02,C0136,store,control,Core,68.15,23.85,0
T01S02097,1,S02,C0143,store,control,Premium,72.43,30.42,0
T01S02098,1,S02,C0150,store,control,Value,74.04,31.1,0
T01S02099,1,S02,C0157,store,control,Core,74.1,31.12,0
T01S02100,1,S02,C0164,ecommerce,control,Premium,119.31,41.76,1
T01S02101,1,S02,C0171,store,control,Value,49.59,20.83,0
T01S02102,1,S02,C0178,store,control,Core,72.43,30.42,0
T01S02103,1,S02,C0185,store,control,Premium,96.95,40.72,1
T01S02104,1,S02,C0192,store,control,Value,87.37,30.58,1
T01S02105,1,S02,C0199,ecommerce,control,Core,72.36,30.39,0
T01S02106,1,S02,C0006,store,control,Value,91.2,38.3,1
T01S02107,1,S02,C0013,store,control,Core,60.33,25.34,0
T01S02108,1,S02,C0020,store,control,Premium,113.06,39.57,1
T01S02109,1,S02,C0027,store,control,Value,70.71,29.7,0
T01S02110,1,S02,C0034,ecommerce,control,Core,77.93,32.73,1
T01S02111,1,S02,C0041,store,control,Premium,96.45,40.51,1
T01S02112,1,S02,C0048,store,control,Value,76.03,26.61,1
T01S02113,1,S02,C0055,store,control,Core,98.7,41.46,1
T01S02114,1,S02,C0062,store,control,Premium,106.8,44.86,1
T01S02115,1,S02,C0069,ecommerce,control,Value,77.87,32.71,1
T01S02116,1,S02,C0076,store,control,Core,66.57,23.3,0
T01S02117,1,S02,C0083,store,control,Premium,89.67,37.66,1
T01S02118,1,S02,C0090,store,control,Value,84.65,35.55,1
T01S02119,1,S02,C0097,store,control,Core,76.91,32.3,1
T01S02120,1,S02,C0104,ecommerce,control,Premium,97.06,33.97,1
T01S02121,1,S02,C0111,store,control,Value,91.05,38.24,1
T01S02122,1,S02,C0118,store,control,Core,54.39,22.84,0
T01S02123,1,S02,C0125,store,control,Premium,79.08,33.21,1
T01S02124,1,S02,C0132,store,control,Value,78.83,27.59,1
T01S02125,1,S02,C0139,ecommerce,control,Core,97.6,40.99,1
T01S02126,1,S02,C0146,store,control,Premium,82.2,34.52,1
T01S02127,1,S02,C0153,store,control,Value,87.88,36.91,1
T01S02128,1,S02,C0160,store,control,Core,57.98,20.29,0
T01S02129,1,S02,C0167,store,control,Premium,48.56,20.39,0
T01S02130,1,S02,C0174,ecommerce,control,Value,63.66,26.74,0
T01S02131,1,S02,C0181,store,control,Core,109.8,46.12,1
T01S02132,1,S02,C0188,store,control,Premium,83.71,29.3,1
T01S02133,1,S02,C0195,store,control,Value,52.47,22.04,0
T01S02134,1,S02,C0002,store,control,Premium,69.17,29.05,0
T01S02135,1,S02,C0009,ecommerce,control,Value,91.62,38.48,1
T01S02136,1,S02,C0016,store,control,Core,72.13,25.24,0
T01S02137,1,S02,C0023,store,control,Premium,110.13,46.25,1
T01S02138,1,S02,C0030,store,control,Value,41.13,17.27,0
T01S02139,1,S02,C0037,store,control,Core,78.21,32.85,1
T01S02140,1,S02,C0044,ecommerce,control,Premium,71.06,24.87,0
T01S02141,1,S02,C0051,store,control,Value,79.19,33.26,1
T01S02142,1,S02,C0058,store,control,Core,99.28,41.7,1
T01S02143,1,S02,C0065,store,control,Premium,58.43,24.54,0
T01S02144,1,S02,C0072,store,control,Value,100.42,35.15,1
T01S02145,1,S02,C0079,ecommerce,control,Core,79.51,33.39,1
T01S02146,1,S02,C0086,store,control,Premium,94.27,39.59,1
T01S02147,1,S02,C0093,store,control,Value,45.33,19.04,0
T01S02148,1,S02,C0100,store,control,Core,70.8,24.78,0
T01S02149,1,S02,C0107,store,control,Premium,100.61,42.26,1
T01S02150,1,S02,C0114,ecommerce,control,Value,92.56,38.88,1
T01S02151,1,S02,C0121,store,control,Core,54.53,22.9,0
T01S02152,1,S02,C0128,store,control,Premium,114.44,40.05,1
T01S02153,1,S02,C0135,store,control,Value,58.31,24.49,0
T01S02154,1,S02,C0142,store,control,Core,78.3,32.89,1
T01S02155,1,S02,C0149,ecommerce,control,Premium,81.78,34.35,1
T01S02156,1,S02,C0156,store,control,Value,70.65,24.73,0
T01S02157,1,S02,C0163,store,control,Core,97.62,41.0,1
T01S02158,1,S02,C0170,store,control,Premium,83.0,34.86,1
T01S02159,1,S02,C0177,store,control,Value,77.13,32.39,1
T01S03000,1,S03,C0077,ecommerce,treatment,Premium,104.49,36.57,1
T01S03001,1,S03,C0084,store,treatment,Value,75.63,31.76,0
T01S03002,1,S03,C0091,store,treatment,Core,104.47,43.88,1
T01S03003,1,S03,C0098,store,treatment,Premium,109.78,46.11,1
T01S03004,1,S03,C0105,store,treatment,Value,98.48,34.47,1
T01S03005,1,S03,C0112,ecommerce,treatment,Core,112.23,47.14,1
T01S03006,1,S03,C0119,store,treatment,Premium,81.97,34.43,1
T01S03007,1,S03,C0126,store,treatment,Value,111.52,46.84,1
T01S03008,1,S03,C0133,store,treatment,Core,152.2,53.27,1
T01S03009,1,S03,C0140,store,treatment,Premium,121.77,51.14,1
T01S03010,1,S03,C0147,ecommerce,treatment,Value,89.09,37.42,1
T01S03011,1,S03,C0154,store,treatment,Core,88.49,37.16,1
T01S03012,1,S03,C0161,store,treatment,Premium,101.33,35.47,1
T01S03013,1,S03,C0168,store,treatment,Value,106.33,44.66,1
T01S03014,1,S03,C0175,store,treatment,Core,101.13,42.47,1
T01S03015,1,S03,C0182,ecommerce,treatment,Premium,111.17,46.69,1
T01S03016,1,S03,C0189,store,treatment,Value,98.69,34.54,1
T01S03017,1,S03,C0196,store,treatment,Core,83.9,35.24,1
T01S03018,1,S03,C0003,store,treatment,Value,93.85,39.42,1
T01S03019,1,S03,C0010,store,treatment,Core,96.59,40.57,1
T01S03020,1,S03,C0017,ecommerce,treatment,Premium,74.71,26.15,0
T01S03021,1,S03,C0024,store,treatment,Value,64.57,27.12,0
T01S03022,1,S03,C0031,store,treatment,Core,93.46,39.25,1
T01S03023,1,S03,C0038,store,treatment,Premium,124.96,52.48,1
T01S03024,1,S03,C0045,store,treatment,Value,82.93,29.02,1
T01S03025,1,S03,C0052,ecommerce,treatment,Core,93.15,39.12,1
T01S03026,1,S03,C0059,store,treatment,Premium,92.72,38.94,1
T01S03027,1,S03,C0066,store,treatment,Value,72.59,30.49,0
T01S03028,1,S03,C0073,store,treatment,Core,111.51,39.03,1
T01S03029,1,S03,C0080,store,treatment,Premium,144.19,60.56,1
T01S03030,1,S03,C0087,ecommerce,treatment,Value,78.03,32.77,1
T01S03031,1,S03,C0094,store,treatment,Core,73.5,30.87,0
T01S03032,1,S03,C0101,store,treatment,Premium,93.38,32.68,1
T01S03033,1,S03,C0108,store,treatment,Value,116.59,48.97,1
T01S03034,1,S03,C0115,store,treatment,Core,73.84,31.01,0
T01S03035,1,S03,C0122,ecommerce,treatment,Premium,133.11,55.91,1
T01S03036,1,S03,C0129,store,treatment,Value,91.62,32.07,1
T01S03037,1,S03,C0136,store,treatment,Core,99.71,41.88,1
T01S03038,1,S03,C0143,store,treatment,Premium,122.11,51.29,1
T01S03039,1,S03,C0150,store,treatment,Value,81.57,34.26,1
T01S03040,1,S03,C0157,ecommerce,treatment,Core,94.56,33.1,1
T01S03041,1,S03,C0164,store,treatment,Premium,124.65,52.35,1
T01S03042,1,S03,C0171,store,treatment,Value,95.49,40.11,1
T01S03043,1,S03,C0178,store,treatment,Core,109.1,45.82,1
T01S03044,1,S03,C0185,store,treatment,Premium,94.13,32.94,1
T01S03045,1,S03,C0192,ecommerce,treatment,Value,114.43,48.06,1
T01S03046,1,S03,C0199,store,treatment,Core,123.23,51.76,1
T01S03047,1,S03,C0006,store,treatment,Value,63.79,26.79,0
T01S03048,1,S03,C0013,store,treatment,Core,118.96,41.64,1
T01S03049,1,S03,C0020,store,treatment,Premium,82.27,34.56,1
T01S03050,1,S03,C0027,ecommerce,treatment,Value,99.09,41.62,1
T01S03051,1,S03,C0034,store,treatment,Core,78.11,32.8,1
T01S03052,1,S03,C0041,store,treatment,Premium,139.39,48.79,1
T01S03053,1,S03,C0048,store,treatment,Value,60.65,25.47,0
T01S03054,1,S03,C0055,store,treatment,Core,63.92,26.84,0
T01S03055,1,S03,C0062,ecommerce,treatment,Premium,133.24,55.96,1
T01S03056,1,S03,C0069,store,treatment,Value,92.04,32.21,1
T01S03057,1,S03,C0076,store,treatment,Core,129.44,54.36,1
T01S03058,1,S03,C0083,store,treatment,Premium,152.65,64.11,1
T01S03059,1,S03,C0090,store,treatment,Value,89.42,37.55,1
T01S03060,1,S03,C0097,ecommerce,treatment,Core,92.88,32.51,1
T01S03061,1,S03,C0104,store,treatment,Premium,122.74,51.55,1
T01S03062,1,S03,C0111,store,treatment,Value,80.26,33.71,1
T01S03063,1,S03,C0118,store,treatment,Core,140.25,58.9,1
T01S03064,1,S03,C0125,store,treatment,Premium,91.88,32.16,1
T01S03065,1,S03,C0132,ecommerce,treatment,Value,86.86,36.48,1
T01S03066,1,S03,C0139,store,treatment,Core,89.38,37.54,1
T01S03067,1,S03,C0146,store,treatment,Premium,122.82,51.58,1
T01S03068,1,S03,C0153,store,treatment,Value,55.97,19.59,0
T01S03069,1,S03,C0160,store,treatment,Core,102.84,43.19,1
T01S03070,1,S03,C0167,ecommerce,treatment,Premium,115.66,48.58,1
T01S03071,1,S03,C0174,store,treatment,Value,100.46,42.2,1
T01S03072,1,S03,C0181,store,treatment,Core,94.45,33.06,1
T01S03073,1,S03,C0188,store,treatment,Premium,99.59,41.83,1
T01S03074,1,S03,C0195,store,treatment,Value,96.32,40.46,1
T01S03075,1,S03,C0002,ecommerce,treatment,Premium,138.09,58.0,1
T01S03076,1,S03,C0009,store,treatment,Value,113.16,39.61,1
T01S03077,1,S03,C0016,store,treatment,Core,111.18,46.69,1
T01S03078,1,S03,C0023,store,treatment,Premium,101.15,42.48,1
T01S03079,1,S03,C0030,store,treatment,Value,95.29,40.02,1
T01S03080,1,S03,C0037,ecommerce,treatment,Core,93.47,32.71,1
T01S03081,1,S03,C0044,store,treatment,Premium,114.83,48.23,1
T01S03082,1,S03,C0051,store,treatment,Value,68.6,28.81,0
T01S03083,1,S03,C0058,store,treatment,Core,97.53,40.96,1
T01S03084,1,S03,C0065,store,treatment,Premium,118.22,41.38,1
T01S03085,1,S03,C0072,ecommerce,treatment,Value,118.4,49.73,1
T01S03086,1,S03,C0079,store,treatment,Core,124.37,52.24,1
T01S03087,1,S03,C0086,store,treatment,Premium,101.72,42.72,1
T01S03088,1,S03,C0093,store,treatment,Value,96.72,33.85,1
T01S03089,1,S03,C0100,store,treatment,Core,117.27,49.25,1
T01S03090,1,S03,C0107,ecommerce,treatment,Premium,99.2,41.66,1
T01S03091,1,S03,C0114,store,treatment,Value,92.41,38.81,1
T01S03092,1,S03,C0121,store,treatment,Core,119.93,41.98,1
T01S03093,1,S03,C0128,store,treatment,Premium,129.95,54.58,1
T01S03094,1,S03,C0135,store,treatment,Value,85.04,35.72,1
T01S03095,1,S03,C0142,ecommerce,treatment,Core,74.02,31.09,0
T01S03096,1,S03,C0149,store,treatment,Premium,115.5,40.43,1
T01S03097,1,S03,C0156,store,treatment,Value,80.26,33.71,1
T01S03098,1,S03,C0163,store,treatment,Core,107.03,44.95,1
T01S03099,1,S03,C0170,store,treatment,Premium,75.17,31.57,0
T01S03100,1,S03,C0177,ecommerce,treatment,Value,90.47,31.67,1
T01S03101,1,S03,C0184,store,treatment,Core,85.25,35.8,1
T01S03102,1,S03,C0191,store,treatment,Premium,137.76,57.86,1
T01S03103,1,S03,C0198,store,treatment,Value,121.98,51.23,1
T01S03104,1,S03,C0005,store,treatment,Premium,122.46,42.86,1
T01S03105,1,S03,C0012,ecommerce,treatment,Value,109.71,46.08,1
T01S03106,1,S03,C0019,store,treatment,Core,96.38,40.48,1
T01S03107,1,S03,C0026,store,treatment,Premium,92.26,38.75,1
T01S03108,1,S03,C0033,store,treatment,Value,116.84,40.89,1
T01S03109,1,S03,C0040,store,treatment,Core,73.69,30.95,0
T01S03110,1,S03,C0047,ecommerce,treatment,Premium,98.99,41.58,1
T01S03111,1,S03,C0054,store,treatment,Value,86.6,36.37,1
T01S03112,1,S03,C0061,store,treatment,Core,128.22,44.88,1
T01S03113,1,S03,C0068,store,treatment,Premium,54.63,22.95,0
T01S03114,1,S03,C0075,store,treatment,Value,101.51,42.63,1
T01S03115,1,S03,C0082,ecommerce,treatment,Core,72.97,30.65,0
T01S03116,1,S03,C0089,store,treatment,Premium,76.95,26.93,1
T01S03117,1,S03,C0096,store,treatment,Value,100.77,42.32,1
T01S03118,1,S03,C0103,store,treatment,Core,123.44,51.84,1
T01S03119,1,S03,C0110,store,treatment,Premium,106.54,44.75,1
T01S03120,1,S03,C0117,ecommerce,treatment,Value,102.41,35.84,1
T01S03121,1,S03,C0124,store,treatment,Core,101.64,42.69,1
T01S03122,1,S03,C0131,store,treatment,Premium,113.72,47.76,1
T01S03123,1,S03,C0138,store,treatment,Value,91.23,38.32,1
T01S03124,1,S03,C0145,store,treatment,Core,76.24,26.68,1
T01S03125,1,S03,C0152,ecommerce,treatment,Premium,118.66,49.84,1
T01S03126,1,S03,C0159,store,treatment,Value,84.56,35.51,1
T01S03127,1,S03,C0166,store,treatment,Core,83.39,35.03,1
T01S03128,1,S03,C0173,store,treatment,Premium,111.82,39.14,1
T01S03129,1,S03,C0180,store,treatment,Value,111.86,46.98,1
T01S03130,1,S03,C0187,ecommerce,treatment,Core,103.71,43.56,1
T01S03131,1,S03,C0194,store,treatment,Premium,91.6,38.47,1
T01S03132,1,S03,C0001,store,treatment,Core,86.64,30.32,1
T01S03133,1,S03,C0008,store,treatment,Premium,94.35,39.63,1
T01S03134,1,S03,C0015,store,treatment,Value,120.74,50.71,1
T01S03135,1,S03,C0022,ecommerce,treatment,Core,70.29,29.52,0
T01S03136,1,S03,C0029,store,treatment,Premium,123.14,43.1,1
T01S03137,1,S03,C0036,store,treatment,Value,92.65,38.91,1
T01S03138,1,S03,C0043,store,treatment,Core,116.25,48.82,1
T01S03139,1,S03,C0050,store,treatment,Premium,101.84,42.77,1
T01S03140,1,S03,C0057,ecommerce,treatment,Value,59.63,20.87,0
T01S03141,1,S03,C0064,store,treatment,Core,116.7,49.01,1
T01S03142,1,S03,C0071,store,treatment,Premium,114.66,48.16,1
T01S03143,1,S03,C0078,store,treatment,Value,72.03,30.25,0
T01S03144,1,S03,C0085,store,treatment,Core,67.11,23.49,0
T01S03145,1,S03,C0092,ecommerce,treatment,Premium,126.42,53.1,1
T01S03146,1,S03,C0099,store,treatment,Value,81.31,34.15,1
T01S03147,1,S03,C0106,store,treatment,Core,97.54,40.97,1
T01S03148,1,S03,C0113,store,treatment,Premium,107.55,37.64,1
T01S03149,1,S03,C0120,store,treatment,Value,108.06,45.39,1
T01S03150,1,S03,C0127,ecommerce,treatment,Core,96.47,40.52,1
T01S03151,1,S03,C0134,store,treatment,Premium,115.51,48.51,1
T01S03152,1,S03,C0141,store,treatment,Value,96.07,33.62,1
T01S03153,1,S03,C0148,store,treatment,Core,119.09,50.02,1
T01S03154,1,S03,C0155,store,treatment,Premium,101.49,42.62,1
T01S03155,1,S03,C0162,ecommerce,treatment,Value,71.14,29.88,0
T01S03156,1,S03,C0169,store,treatment,Core,104.6,36.61,1
T01S03157,1,S03,C0176,store,treatment,Premium,95.84,40.25,1
T01S03158,1,S03,C0183,store,treatment,Value,59.38,24.94,0
T01S03159,1,S03,C0190,store,treatment,Core,99.17,41.65,1
T01S04000,1,S04,C0090,ecommerce,control,Value,62.44,21.85,0
T01S04001,1,S04,C0097,store,control,Core,91.68,38.5,1
T01S04002,1,S04,C0104,store,control,Premium,119.94,50.37,1
T01S04003,1,S04,C0111,store,control,Value,64.51,27.1,0
T01S04004,1,S04,C0118,store,control,Core,85.44,29.9,1
T01S04005,1,S04,C0125,ecommerce,control,Premium,126.95,53.32,1
T01S04006,1,S04,C0132,store,control,Value,85.56,35.94,1
T01S04007,1,S04,C0139,store,control,Core,77.57,32.58,1
T01S04008,1,S04,C0146,store,control,Premium,100.02,35.01,1
T01S04009,1,S04,C0153,store,control,Value,53.53,22.48,0
T01S04010,1,S04,C0160,ecommerce,control,Core,94.02,39.49,1
T01S04011,1,S04,C0167,store,control,Premium,114.0,47.88,1
T01S04012,1,S04,C0174,store,control,Value,69.29,24.25,0
T01S04013,1,S04,C0181,store,control,Core,82.06,34.47,1
T01S04014,1,S04,C0188,store,control,Premium,76.2,32.01,1
T01S04015,1,S04,C0195,ecommerce,control,Value,45.91,19.28,0
T01S04016,1,S04,C0002,store,control,Premium,87.62,30.67,1
T01S04017,1,S04,C0009,store,control,Value,79.31,33.31,1
T01S04018,1,S04,C0016,store,control,Core,84.61,35.54,1
T01S04019,1,S04,C0023,store,control,Premium,90.56,38.04,1
T01S04020,1,S04,C0030,ecommerce,control,Value,61.7,21.59,0
T01S04021,1,S04,C0037,store,control,Core,51.09,21.46,0
T01S04022,1,S04,C0044,store,control,Premium,80.62,33.86,1
T01S04023,1,S04,C0051,store,control,Value,82.22,34.53,1
T01S04024,1,S04,C0058,store,control,Core,90.57,31.7,1
T01S04025,1,S04,C0065,ecommerce,control,Premium,60.27,25.31,0
T01S04026,1,S04,C0072,store,control,Value,63.67,26.74,0
T01S04027,1,S04,C0079,store,control,Core,72.15,30.3,0
T01S04028,1,S04,C0086,store,control,Premium,69.44,24.31,0
T01S04029,1,S04,C0093,store,control,Value,79.32,33.31,1
T01S04030,1,S04,C0100,ecommerce,control,Core,68.04,28.58,0
T01S04031,1,S04,C0107,store,control,Premium,100.33,42.14,1
T01S04032,1,S04,C0114,store,control,Value,70.5,24.68,0
T01S04033,1,S04,C0121,store,control,Core,103.35,43.41,1
T01S04034,1,S04,C0128,store,control,Premium,99.49,41.79,1
T01S04035,1,S04,C0135,ecommerce,control,Value,94.03,39.49,1
T01S04036,1,S04,C0142,store,control,Core,88.48,30.97,1
T01S04037,1,S04,C0149,store,control,Premium,107.81,45.28,1
T01S04038,1,S04,C0156,store,control,Value,71.99,30.23,0
T01S04039,1,S04,C0163,store,control,Core,97.67,41.02,1
T01S04040,1,S04,C0170,ecommerce,control,Premium,100.99,35.35,1
T01S04041,1,S04,C0177,store,control,Value,58.91,24.74,0
T01S04042,1,S04,C0184,store,control,Core,61.74,25.93,0
T01S04043,1,S04,C0191,store,control,Premium,79.23,33.28,1
T01S04044,1,S04,C0198,store,control,Value,53.27,18.64,0
T01S04045,1,S04,C0005,ecommerce,control,Premium,109.77,46.1,1
T01S04046,1,S04,C0012,store,control,Value,68.64,28.83,0
T01S04047,1,S04,C0019,store,control,Core,61.08,25.65,0
T01S04048,1,S04,C0026,store,control,Premium,54.37,19.03,0
T01S04049,1,S04,C0033,store,control,Value,92.75,38.95,1
T01S04050,1,S04,C0040,ecommerce,control,Core,106.91,44.9,1
T01S04051,1,S04,C0047,store,control,Premium,81.68,34.31,1
T01S04052,1,S04,C0054,store,control,Value,72.6,25.41,0
T01S04053,1,S04,C0061,store,control,Core,56.75,23.84,0
T01S04054,1,S04,C0068,store,control,Premium,113.36,47.61,1
T01S04055,1,S04,C0075,ecommerce,control,Value,107.11,44.98,1
T01S04056,1,S04,C0082,store,control,Core,88.64,31.02,1
T01S04057,1,S04,C0089,store,control,Premium,84.52,35.5,1
T01S04058,1,S04,C0096,store,control,Value,50.43,21.18,0
T01S04059,1,S04,C0103,store,control,Core,41.89,17.59,0
T01S04060,1,S04,C0110,ecommerce,control,Premium,119.41,41.79,1
T01S04061,1,S04,C0117,store,control,Value,83.89,35.23,1
T01S04062,1,S04,C0124,store,control,Core,114.41,48.05,1
T01S04063,1,S04,C0131,store,control,Premium,90.79,38.13,1
T01S04064,1,S04,C0138,store,control,Value,52.85,18.5,0
T01S04065,1,S04,C0145,ecommerce,control,Core,60.9,25.58,0
T01S04066,1,S04,C0152,store,control,Premium,89.56,37.62,1
T01S04067,1,S04,C0159,store,control,Value,81.81,34.36,1
T01S04068,1,S04,C0166,store,control,Core,101.32,35.46,1
T01S04069,1,S04,C0173,store,control,Premium,106.73,44.83,1
T01S04070,1,S04,C0180,ecommerce,control,Value,76.46,32.12,1
T01S04071,1,S04,C0187,store,control,Core,107.09,44.98,1
T01S04072,1,S04,C0194,store,control,Premium,100.76,35.26,1
T01S04073,1,S04,C0001,store,control,Core,62.08,26.07,0
T01S04074,1,S04,C0008,store,control,Premium,107.11,44.99,1
T01S04075,1,S04,C0015,ecommerce,control,Value,71.97,30.23,0
T01S04076,1,S04,C0022,store,control,Core,76.12,26.64,1
T01S04077,1,S04,C0029,store,control,Premium,54.84,23.03,0
T01S04078,1,S04,C0036,store,control,Value,75.76,31.82,0
T01S04079,1,S04,C0043,store,control,Core,65.09,27.34,0
T01S04080,1,S04,C0050,ecommerce,control,Premium,66.48,23.27,0
T01S04081,1,S04,C0057,store,control,Value,98.61,41.41,1
T01S04082,1,S04,C0064,store,control,Core,87.34,36.68,1
T01S04083,1,S04,C0071,store,control,Premium,56.05,23.54,0
T01S04084,1,S04,C0078,store,control,Value,100.89,35.31,1
T01S04085,1,S04,C0085,ecommerce,control,Core,96.11,40.36,1
T01S04086,1,S04,C0092,store,control,Premium,49.04,20.6,0
T01S04087,1,S04,C0099,store,control,Value,98.04,41.18,1
T01S04088,1,S04,C0106,store,control,Core,102.37,35.83,1
T01S04089,1,S04,C0113,store,control,Premium,100.72,42.3,1
T01S04090,1,S04,C0120,ecommerce,control,Value,108.02,45.37,1
T01S04091,1,S04,C0127,store,control,Core,78.44,32.95,1
T01S04092,1,S04,C0134,store,control,Premium,104.9,36.71,1
T01S04093,1,S04,C0141,store,control,Value,80.57,33.84,1
T01S04094,1,S04,C0148,store,control,Core,76.91,32.3,1
T01S04095,1,S04,C0155,ecommerce,control,Premium,82.41,34.61,1
T01S04096,1,S04,C0162,store,control,Value,82.26,28.79,1
T01S04097,1,S04,C0169,store,control,Core,81.09,34.06,1
T01S04098,1,S04,C0176,store,control,Premium,73.15,30.72,0
T01S04099,1,S04,C0183,store,control,Value,128.55,53.99,1
T01S04100,1,S04,C0190,ecommerce,control,Core,75.45,26.41,0
T01S04101,1,S04,C0197,store,control,Premium,63.44,26.65,0
T01S04102,1,S04,C0004,store,control,Core,91.32,38.36,1
T01S04103,1,S04,C0011,store,control,Premium,92.88,39.01,1
T01S04104,1,S04,C0018,store,control,Value,106.51,37.28,1
T01S04105,1,S04,C0025,ecommerce,control,Core,82.34,34.58,1
T01S04106,1,S04,C0032,store,control,Premium,94.01,39.49,1
T01S04107,1,S04,C0039,store,control,Value,51.44,21.6,0
T01S04108,1,S04,C0046,store,control,Core,89.02,31.16,1
T01S04109,1,S04,C0053,store,control,Premium,96.6,40.57,1
T01S04110,1,S04,C0060,ecommerce,control,Value,73.54,30.89,0
T01S04111,1,S04,C0067,store,control,Core,84.77,35.6,1
T01S04112,1,S04,C0074,store,control,Premium,82.36,28.83,1
T01S04113,1,S04,C0081,store,control,Value,102.32,42.98,1
T01S04114,1,S04,C0088,store,control,Core,79.08,33.21,1
T01S04115,1,S04,C0095,ecommerce,control,Premium,79.72,33.48,1
T01S04116,1,S04,C0102,store,control,Value,69.32,24.26,0
T01S04117,1,S04,C0109,store,control,Core,51.07,21.45,0
T01S04118,1,S04,C0116,store,control,Premium,98.14,41.22,1
T01S04119,1,S04,C0123,store,control,Value,72.84,30.59,0
T01S04120,1,S04,C0130,ecommerce,control,Core,92.18,32.26,1
T01S04121,1,S04,C0137,store,control,Premium,90.54,38.03,1
T01S04122,1,S04,C0144,store,control,Value,72.96,30.64,0
T01S04123,1,S04,C0151,store,control,Core,73.1,30.7,0
T01S04124,1,S04,C0158,store,control,Premium,108.12,37.84,1
T01S04125,1,S04,C0165,ecommerce,control,Value,83.04,34.88,1
T01S04126,1,S04,C0172,store,control,Core,78.21,32.85,1
T01S04127,1,S04,C0179,store,control,Premium,104.5,43.89,1
T01S04128,1,S04,C0186,store,control,Value,91.51,32.03,1
T01S04129,1,S04,C0193,store,control,Core,96.35,40.47,1
T01S04130,1,S04,C0200,ecommerce,control,Premium,75.1,31.54,0
T01S04131,1,S04,C0007,store,control,Core,90.61,38.06,1
T01S04132,1,S04,C0014,store,control,Premium,77.46,27.11,1
T01S04133,1,S04,C0021,store,control,Value,62.64,26.31,0
T01S04134,1,S04,C0028,store,control,Core,76.61,32.18,1
T01S04135,1,S04,C0035,ecommerce,control,Premium,68.2,28.64,0
T01S04136,1,S04,C0042,store,control,Value,81.65,28.58,1
T01S04137,1,S04,C0049,store,control,Core,69.05,29.0,0
T01S04138,1,S04,C0056,store,control,Premium,87.71,36.84,1
T01S04139,1,S04,C0063,store,control,Value,47.15,19.8,0
T01S04140,1,S04,C0070,ecommerce,control,Core,94.18,32.96,1
T01S04141,1,S04,C0077,store,control,Premium,95.98,40.31,1
T01S04142,1,S04,C0084,store,control,Value,28.73,12.07,0
T01S04143,1,S04,C0091,store,control,Core,99.43,41.76,1
T01S04144,1,S04,C0098,store,control,Premium,80.5,28.17,1
T01S04145,1,S04,C0105,ecommerce,control,Value,70.41,29.57,0
T01S04146,1,S04,C0112,store,control,Core,75.42,31.68,0
T01S04147,1,S04,C0119,store,control,Premium,97.09,40.78,1
T01S04148,1,S04,C0126,store,control,Value,62.37,21.83,0
T01S04149,1,S04,C0133,store,control,Core,51.04,21.44,0
T01S04150,1,S04,C0140,ecommerce,control,Premium,116.95,49.12,1
T01S04151,1,S04,C0147,store,control,Value,93.62,39.32,1
T01S04152,1,S04,C0154,store,control,Core,104.93,36.73,1
T01S04153,1,S04,C0161,store,control,Premium,87.35,36.69,1
T01S04154,1,S04,C0168,store,control,Value,73.96,31.06,0
T01S04155,1,S04,C0175,ecommerce,control,Core,85.88,36.07,1
T01S04156,1,S04,C0182,store,control,Premium,84.88,29.71,1
T01S04157,1,S04,C0189,store,control,Value,86.34,36.26,1
T01S04158,1,S04,C0196,store,control,Core,88.42,37.14,1
T01S04159,1,S04,C0003,store,control,Value,69.62,29.24,0
T01S05000,1,S05,C0103,ecommerce,treatment,Core,114.26,39.99,1
T01S05001,1,S05,C0110,store,treatment,Premium,107.58,45.18,1
T01S05002,1,S05,C0117,store,treatment,Value,72.82,30.58,0
T01S05003,1,S05,C0124,store,treatment,Core,80.39,33.76,1
T01S05004,1,S05,C0131,store,treatment,Premium,76.37,26.73,1
T01S05005,1,S05,C0138,ecommerce,treatment,Value,85.08,35.73,1
T01S05006,1,S05,C0145,store,treatment,Core,120.82,50.74,1
T01S05007,1,S05,C0152,store,treatment,Premium,101.02,42.43,1
T01S05008,1,S05,C0159,store,treatment,Value,115.97,40.59,1
T01S05009,1,S05,C0166,store,treatment,Core,114.84,48.23,1
T01S05010,1,S05,C0173,ecommerce,treatment,Premium,84.75,35.6,1
T01S05011,1,S05,C0180,store,treatment,Value,78.13,32.81,1
T01S05012,1,S05,C0187,store,treatment,Core,95.8,33.53,1
T01S05013,1,S05,C0194,store,treatment,Premium,70.68,29.69,0
T01S05014,1,S05,C0001,store,treatment,Core,105.65,44.37,1
T01S05015,1,S05,C0008,ecommerce,treatment,Premium,121.35,50.97,1
T01S05016,1,S05,C0015,store,treatment,Value,74.32,26.01,0
T01S05017,1,S05,C0022,store,treatment,Core,88.53,37.18,1
T01S05018,1,S05,C0029,store,treatment,Premium,106.94,44.92,1
T01S05019,1,S05,C0036,store,treatment,Value,76.45,32.11,1
T01S05020,1,S05,C0043,ecommerce,treatment,Core,117.21,41.02,1
T01S05021,1,S05,C0050,store,treatment,Premium,97.37,40.9,1
T01S05022,1,S05,C0057,store,treatment,Value,111.62,46.88,1
T01S05023,1,S05,C0064,store,treatment,Core,95.6,40.15,1
T01S05024,1,S05,C0071,store,treatment,Premium,112.79,39.48,1
T01S05025,1,S05,C0078,ecommerce,treatment,Value,56.45,23.71,0
T01S05026,1,S05,C0085,store,treatment,Core,91.14,38.28,1
T01S05027,1,S05,C0092,store,treatment,Premium,83.08,34.89,1
T01S05028,1,S05,C0099,store,treatment,Value,92.04,32.21,1
T01S05029,1,S05,C0106,store,treatment,Core,81.55,34.25,1
T01S05030,1,S05,C0113,ecommerce,treatment,Premium,103.31,43.39,1
T01S05031,1,S05,C0120,store,treatment,Value,65.86,27.66,0
T01S05032,1,S05,C0127,store,treatment,Core,73.55,25.74,0
T01S05033,1,S05,C0134,store,treatment,Premium,117.74,49.45,1
T01S05034,1,S05,C0141,store,treatment,Value,94.48,39.68,1
T01S05035,1,S05,C0148,ecommerce,treatment,Core,107.55,45.17,1
T01S05036,1,S05,C0155,store,treatment,Premium,87.81,30.73,1
T01S05037,1,S05,C0162,store,treatment,Value,102.43,43.02,1
T01S05038,1,S05,C0169,store,treatment,Core,86.53,36.34,1
T01S05039,1,S05,C0176,store,treatment,Premium,95.92,40.29,1
T01S05040,1,S05,C0183,ecommerce,treatment,Value,94.22,32.98,1
T01S05041,1,S05,C0190,store,treatment,Core,71.0,29.82,0
T01S05042,1,S05,C0197,store,treatment,Premium,103.74,43.57,1
T01S05043,1,S05,C0004,store,treatment,Core,109.11,45.82,1
T01S05044,1,S05,C0011,store,treatment,Premium,132.41,46.34,1
T01S05045,1,S05,C0018,ecommerce,treatment,Value,96.24,40.42,1
T01S05046,1,S05,C0025,store,treatment,Core,95.92,40.28,1
T01S05047,1,S05,C0032,store,treatment,Premium,109.69,46.07,1
T01S05048,1,S05,C0039,store,treatment,Value,95.82,33.54,1
T01S05049,1,S05,C0046,store,treatment,Core,99.35,41.73,1
T01S05050,1,S05,C0053,ecommerce,treatment,Premium,105.06,44.13,1
T01S05051,1,S05,C0060,store,treatment,Value,84.46,35.47,1
T01S05052,1,S05,C0067,store,treatment,Core,98.65,34.53,1
T01S05053,1,S05,C0074,store,treatment,Premium,86.18,36.2,1
T01S05054,1,S05,C0081,store,treatment,Value,75.93,31.89,0
T01S05055,1,S05,C0088,ecommerce,treatment,Core,119.0,49.98,1
T01S05056,1,S05,C0095,store,treatment,Premium,110.55,38.69,1
T01S05057,1,S05,C0102,store,treatment,Value,60.63,25.47,0
T01S05058,1,S05,C0109,store,treatment,Core,81.81,34.36,1
T01S05059,1,S05,C0116,store,treatment,Premium,101.3,42.55,1
T01S05060,1,S05,C0123,ecommerce,treatment,Value,72.9,25.51,0
T01S05061,1,S05,C0130,store,treatment,Core,94.25,39.58,1
T01S05062,1,S05,C0137,store,treatment,Premium,103.82,43.6,1
T01S05063,1,S05,C0144,store,treatment,Value,98.11,41.21,1
T01S05064,1,S05,C0151,store,treatment,Core,78.11,27.34,1
T01S05065,1,S05,C0158,ecommerce,treatment,Premium,105.72,44.4,1
T01S05066,1,S05,C0165,store,treatment,Value,71.22,29.91,0
T01S05067,1,S05,C0172,store,treatment,Core,68.44,28.75,0
T01S05068,1,S05,C0179,store,treatment,Premium,89.31,31.26,1
T01S05069,1,S05,C0186,store,treatment,Value,97.26,40.85,1
T01S05070,1,S05,C0193,ecommerce,treatment,Core,100.32,42.14,1
T01S05071,1,S05,C0200,store,treatment,Premium,119.81,50.32,1
T01S05072,1,S05,C0007,store,treatment,Core,106.06,37.12,1
T01S05073,1,S05,C0014,store,treatment,Premium,93.43,39.24,1
T01S05074,1,S05,C0021,store,treatment,Value,62.72,26.34,0
T01S05075,1,S05,C0028,ecommerce,treatment,Core,87.82,36.89,1
T01S05076,1,S05,C0035,store,treatment,Premium,150.69,52.74,1
T01S05077,1,S05,C0042,store,treatment,Value,86.91,36.5,1
T01S05078,1,S05,C0049,store,treatment,Core,71.47,30.02,0
T01S05079,1,S05,C0056,store,treatment,Premium,98.36,41.31,1
T01S05080,1,S05,C0063,ecommerce,treatment,Value,65.81,23.03,0
T01S05081,1,S05,C0070,store,treatment,Core,71.95,30.22,0
T01S05082,1,S05,C0077,store,treatment,Premium,102.47,43.04,1
T01S05083,1,S05,C0084,store,treatment,Value,71.41,29.99,0
T01S05084,1,S05,C0091,store,treatment,Core,71.38,24.98,0
T01S05085,1,S05,C0098,ecommerce,treatment,Premium,89.11,37.43,1
T01S05086,1,S05,C0105,store,treatment,Value,85.73,36.01,1
T01S05087,1,S05,C0112,store,treatment,Core,106.03,44.53,1
T01S05088,1,S05,C0119,store,treatment,Premium,128.18,44.86,1
T01S05089,1,S05,C0126,store,treatment,Value,59.56,25.02,0
T01S05090,1,S05,C0133,ecommerce,treatment,Core,85.41,35.87,1
T01S05091,1,S05,C0140,store,treatment,Premium,86.56,36.36,1
T01S05092,1,S05,C0147,store,treatment,Value,87.74,30.71,1
T01S05093,1,S05,C0154,store,treatment,Core,83.51,35.07,1
T01S05094,1,S05,C0161,store,treatment,Premium,124.12,52.13,1
T01S05095,1,S05,C0168,ecommerce,treatment,Value,92.54,38.86,1
T01S05096,1,S05,C0175,store,treatment,Core,88.92,31.12,1
T01S05097,1,S05,C0182,store,treatment,Premium,93.72,39.36,1
T01S05098,1,S05,C0189,store,treatment,Value,47.15,19.8,0
T01S05099,1,S05,C0196,store,treatment,Core,74.92,31.47,0
T01S05100,1,S05,C0003,ecommerce,treatment,Value,66.06,23.12,0
T01S05101,1,S05,C0010,store,treatment,Core,76.72,32.22,1
T01S05102,1,S05,C0017,store,treatment,Premium,132.15,55.5,1
T01S05103,1,S05,C0024,store,treatment,Value,94.05,39.5,1
T01S05104,1,S05,C0031,store,treatment,Core,86.39,30.24,1
T01S05105,1,S05,C0038,ecommerce,treatment,Premium,107.16,45.01,1
T01S05106,1,S05,C0045,store,treatment,Value,121.39,50.98,1
T01S05107,1,S05,C0052,store,treatment,Core,62.68,26.32,0
T01S05108,1,S05,C0059,store,treatment,Premium,101.19,35.41,1
T01S05109,1,S05,C0066,store,treatment,Value,68.98,28.97,0
T01S05110,1,S05,C0073,ecommerce,treatment,Core,87.53,36.76,1
T01S05111,1,S05,C0080,store,treatment,Premium,122.74,51.55,1
T01S05112,1,S05,C0087,store,treatment,Value,74.8,26.18,0
T01S05113,1,S05,C0094,store,treatment,Core,100.56,42.24,1
T01S05114,1,S05,C0101,store,treatment,Premium,98.04,41.18,1
T01S05115,1,S05,C0108,ecommerce,treatment,Value,64.84,27.23,0
T01S05116,1,S05,C0115,store,treatment,Core,108.13,37.85,1
T01S05117,1,S05,C0122,store,treatment,Premium,115.72,48.6,1
T01S05118,1,S05,C0129,store,treatment,Value,58.32,24.49,0
T01S05119,1,S05,C0136,store,treatment,Core,100.01,42.0,1
T01S05120,1,S05,C0143,ecommerce,treatment,Premium,91.99,32.2,1
T01S05121,1,S05,C0150,store,treatment,Value,55.76,23.42,0
T01S05122,1,S05,C0157,store,treatment,Core,57.81,24.28,0
T01S05123,1,S05,C0164,store,treatment,Premium,100.75,42.32,1
T01S05124,1,S05,C0171,store,treatment,Value,75.13,26.29,0
T01S05125,1,S05,C0178,ecommerce,treatment,Core,79.95,33.58,1
T01S05126,1,S05,C0185,store,treatment,Premium,93.44,39.25,1
T01S05127,1,S05,C0192,store,treatment,Value,77.55,32.57,1
T01S05128,1,S05,C0199,store,treatment,Core,96.22,33.68,1
T01S05129,1,S05,C0006,store,treatment,Value,76.82,32.26,1
T01S05130,1,S05,C0013,ecommerce,treatment,Core,86.52,36.34,1
T01S05131,1,S05,C0020,store,treatment,Premium,130.45,54.79,1
T01S05132,1,S05,C0027,store,treatment,Value,102.69,35.94,1
T01S05133,1,S05,C0034,store,treatment,Core,69.97,29.39,0
T01S05134,1,S05,C0041,store,treatment,Premium,125.14,52.56,1
T01S05135,1,S05,C0048,ecommerce,treatment,Value,90.0,37.8,1
T01S05136,1,S05,C0055,store,treatment,Core,92.18,32.26,1
T01S05137,1,S05,C0062,store,treatment,Premium,110.29,46.32,1
T01S05138,1,S05,C0069,store,treatment,Value,84.71,35.58,1
T01S05139,1,S05,C0076,store,treatment,Core,103.5,43.47,1
T01S05140,1,S05,C0083,ecommerce,treatment,Premium,93.19,32.62,1
T01S05141,1,S05,C0090,store,treatment,Value,71.35,29.97,0
T01S05142,1,S05,C0097,store,treatment,Core,104.25,43.79,1
T01S05143,1,S05,C0104,store,treatment,Premium,110.49,46.41,1
T01S05144,1,S05,C0111,store,treatment,Value,83.83,29.34,1
T01S05145,1,S05,C0118,ecommerce,treatment,Core,53.87,22.62,0
T01S05146,1,S05,C0125,store,treatment,Premium,105.54,44.33,1
T01S05147,1,S05,C0132,store,treatment,Value,62.0,26.04,0
T01S05148,1,S05,C0139,store,treatment,Core,97.8,34.23,1
T01S05149,1,S05,C0146,store,treatment,Premium,102.39,43.0,1
T01S05150,1,S05,C0153,ecommerce,treatment,Value,80.89,33.97,1
T01S05151,1,S05,C0160,store,treatment,Core,85.9,36.08,1
T01S05152,1,S05,C0167,store,treatment,Premium,108.25,37.89,1
T01S05153,1,S05,C0174,store,treatment,Value,88.57,37.2,1
T01S05154,1,S05,C0181,store,treatment,Core,97.36,40.89,1
T01S05155,1,S05,C0188,ecommerce,treatment,Premium,64.35,27.03,0
T01S05156,1,S05,C0195,store,treatment,Value,95.82,33.54,1
T01S05157,1,S05,C0002,store,treatment,Premium,89.48,37.58,1
T01S05158,1,S05,C0009,store,treatment,Value,98.95,41.56,1
T01S05159,1,S05,C0016,store,treatment,Core,118.29,49.68,1
T01S06000,1,S06,C0116,ecommerce,control,Premium,65.2,22.82,0
T01S06001,1,S06,C0123,store,control,Value,51.66,21.7,0
T01S06002,1,S06,C0130,store,control,Core,77.41,32.51,1
T01S06003,1,S06,C0137,store,control,Premium,75.34,31.64,0
T01S06004,1,S06,C0144,store,control,Value,98.42,34.45,1
T01S06005,1,S06,C0151,ecommerce,control,Core,67.24,28.24,0
T01S06006,1,S06,C0158,store,control,Premium,54.44,22.87,0
T01S06007,1,S06,C0165,store,control,Value,87.26,36.65,1
T01S06008,1,S06,C0172,store,control,Core,79.45,27.81,1
T01S06009,1,S06,C0179,store,control,Premium,122.57,51.48,1
T01S06010,1,S06,C0186,ecommerce,control,Value,91.1,38.26,1
T01S06011,1,S06,C0193,store,control,Core,85.45,35.89,1
T01S06012,1,S06,C0200,store,control,Premium,59.31,20.76,0
T01S06013,1,S06,C0007,store,control,Core,93.0,39.06,1
T01S06014,1,S06,C0014,store,control,Premium,100.02,42.01,1
T01S06015,1,S06,C0021,ecommerce,control,Value,74.43,31.26,0
T01S06016,1,S06,C0028,store,control,Core,50.82,17.79,0
T01S06017,1,S06,C0035,store,control,Premium,64.57,27.12,0
T01S06018,1,S06,C0042,store,control,Value,70.63,29.66,0
T01S06019,1,S06,C0049,store,control,Core,115.21,48.39,1
T01S06020,1,S06,C0056,ecommerce,control,Premium,81.41,28.49,1
T01S06021,1,S06,C0063,store,control,Value,49.14,20.64,0
T01S06022,1,S06,C0070,store,control,Core,61.72,25.92,0
T01S06023,1,S06,C0077,store,control,Premium,91.34,38.36,1
T01S06024,1,S06,C0084,store,control,Value,121.07,42.38,1
T01S06025,1,S06,C0091,ecommerce,control,Core,79.15,33.24,1
T01S06026,1,S06,C0098,store,control,Premium,68.08,28.59,0
T01S06027,1,S06,C0105,store,control,Value,48.24,20.26,0
T01S06028,1,S06,C0112,store,control,Core,57.87,20.25,0
T01S06029,1,S06,C0119,store,control,Premium,109.14,45.84,1
T01S06030,1,S06,C0126,ecommerce,control,Value,98.6,41.41,1
T01S06031,1,S06,C0133,store,control,Core,67.13,28.19,0
T01S06032,1,S06,C0140,store,control,Premium,64.87,22.7,0
T01S06033,1,S06,C0147,store,control,Value,47.93,20.13,0
T01S06034,1,S06,C0154,store,control,Core,84.54,35.51,1
T01S06035,1,S06,C0161,ecommerce,control,Premium,99.87,41.95,1
T01S06036,1,S06,C0168,store,control,Value,68.87,24.1,0
T01S06037,1,S06,C0175,store,control,Core,54.43,22.86,0
T01S06038,1,S06,C0182,store,control,Premium,76.27,32.03,1
T01S06039,1,S06,C0189,store,control,Value,65.46,27.49,0
T01S06040,1,S06,C0196,ecommerce,control,Core,71.19,24.92,0
T01S06041,1,S06,C0003,store,control,Value,77.62,32.6,1
T01S06042,1,S06,C0010,store,control,Core,76.71,32.22,1
T01S06043,1,S06,C0017,store,control,Premium,71.95,30.22,0
T01S06044,1,S06,C0024,store,control,Value,98.76,34.56,1
T01S06045,1,S06,C0031,ecommerce,control,Core,46.63,19.58,0
T01S06046,1,S06,C0038,store,control,Premium,78.24,32.86,1
T01S06047,1,S06,C0045,store,control,Value,67.16,28.21,0
T01S06048,1,S06,C0052,store,control,Core,77.66,27.18,1
T01S06049,1,S06,C0059,store,control,Premium,119.16,50.05,1
T01S06050,1,S06,C0066,ecommerce,control,Value,79.18,33.26,1
T01S06051,1,S06,C0073,store,control,Core,78.2,32.85,1
T01S06052,1,S06,C0080,store,control,Premium,97.74,34.21,1
T01S06053,1,S06,C0087,store,control,Value,75.37,31.65,0
T01S06054,1,S06,C0094,store,control,Core,52.77,22.16,0
T01S06055,1,S06,C0101,ecommerce,control,Premium,98.49,41.37,1
T01S06056,1,S06,C0108,store,control,Value,48.51,16.98,0
T01S06057,1,S06,C0115,store,control,Core,42.55,17.87,0
T01S06058,1,S06,C0122,store,control,Premium,83.0,34.86,1
T01S06059,1,S06,C0129,store,control,Value,69.54,29.21,0
T01S06060,1,S06,C0136,ecommerce,control,Core,38.43,13.45,0
T01S06061,1,S06,C0143,store,control,Premium,82.1,34.48,1
T01S06062,1,S06,C0150,store,control,Value,58.06,24.39,0
T01S06063,1,S06,C0157,store,control,Core,87.01,36.54,1
T01S06064,1,S06,C0164,store,control,Premium,87.79,30.73,1
T01S06065,1,S06,C0171,ecommerce,control,Value,85.79,36.03,1
T01S06066,1,S06,C0178,store,control,Core,62.69,26.33,0
T01S06067,1,S06,C0185,store,control,Premium,110.79,46.53,1
T01S06068,1,S06,C0192,store,control,Value,85.01,29.75,1
T01S06069,1,S06,C0199,store,control,Core,74.92,31.46,0
T01S06070,1,S06,C0006,ecommerce,control,Value,18.47,7.76,0
T01S06071,1,S06,C0013,store,control,Core,91.32,38.35,1
T01S06072,1,S06,C0020,store,control,Premium,78.05,27.32,1
T01S06073,1,S06,C0027,store,control,Value,74.68,31.36,0
T01S06074,1,S06,C0034,store,control,Core,72.76,30.56,0
T01S06075,1,S06,C0041,ecommerce,control,Premium,109.16,45.85,1
T01S06076,1,S06,C0048,store,control,Value,48.63,17.02,0
T01S06077,1,S06,C0055,store,control,Core,87.74,36.85,1
T01S06078,1,S06,C0062,store,control,Premium,92.05,38.66,1
T01S06079,1,S06,C0069,store,control,Value,73.35,30.81,0
T01S06080,1,S06,C0076,ecommerce,control,Core,94.11,32.94,1
T01S06081,1,S06,C0083,store,control,Premium,108.31,45.49,1
T01S06082,1,S06,C0090,store,control,Value,81.34,34.16,1
T01S06083,1,S06,C0097,store,control,Core,77.99,32.76,1
T01S06084,1,S06,C0104,store,control,Premium,86.84,30.39,1
T01S06085,1,S06,C0111,ecommerce,control,Value,82.94,34.83,1
T01S06086,1,S06,C0118,store,control,Core,87.74,36.85,1
T01S06087,1,S06,C0125,store,control,Premium,99.43,41.76,1
T01S06088,1,S06,C0132,store,control,Value,62.18,21.76,0
T01S06089,1,S06,C0139,store,control,Core,68.13,28.62,0
T01S06090,1,S06,C0146,ecommerce,control,Premium,72.82,30.58,0
T01S06091,1,S06,C0153,store,control,Value,121.46,51.01,1
T01S06092,1,S06,C0160,store,control,Core,109.56,38.35,1
T01S06093,1,S06,C0167,store,control,Premium,77.32,32.48,1
T01S06094,1,S06,C0174,store,control,Value,75.77,31.83,0
T01S06095,1,S06,C0181,ecommerce,control,Core,64.69,27.17,0
T01S06096,1,S06,C0188,store,control,Premium,122.79,42.98,1
T01S06097,1,S06,C0195,store,control,Value,100.03,42.01,1
T01S06098,1,S06,C0002,store,control,Premium,114.61,48.14,1
T01S06099,1,S06,C0009,store,control,Value,70.94,29.79,0
T01S06100,1,S06,C0016,ecommerce,control,Core,65.85,23.05,0
T01S06101,1,S06,C0023,store,control,Premium,115.43,48.48,1
T01S06102,1,S06,C0030,store,control,Value,85.9,36.08,1
T01S06103,1,S06,C0037,store,control,Core,81.92,34.41,1
T01S06104,1,S06,C0044,store,control,Premium,61.18,21.41,0
T01S06105,1,S06,C0051,ecommerce,control,Value,109.26,45.89,1
T01S06106,1,S06,C0058,store,control,Core,83.37,35.02,1
T01S06107,1,S06,C0065,store,control,Premium,108.74,45.67,1
T01S06108,1,S06,C0072,store,control,Value,90.72,31.75,1
T01S06109,1,S06,C0079,store,control,Core,85.12,35.75,1
T01S06110,1,S06,C0086,ecommerce,control,Premium,97.79,41.07,1
T01S06111,1,S06,C0093,store,control,Value,90.3,37.93,1
T01S06112,1,S06,C0100,store,control,Core,74.39,26.04,0
T01S06113,1,S06,C0107,store,control,Premium,99.27,41.7,1
T01S06114,1,S06,C0114,store,control,Value,88.72,37.26,1
T01S06115,1,S06,C0121,ecommerce,control,Core,73.95,31.06,0
T01S06116,1,S06,C0128,store,control,Premium,34.4,12.04,0
T01S06117,1,S06,C0135,store,control,Value,60.28,25.32,0
T01S06118,1,S06,C0142,store,control,Core,46.6,19.57,0
T01S06119,1,S06,C0149,store,control,Premium,54.78,23.01,0
T01S06120,1,S06,C0156,ecommerce,control,Value,52.69,18.44,0
T01S06121,1,S06,C0163,store,control,Core,87.65,36.81,1
T01S06122,1,S06,C0170,store,control,Premium,93.17,39.13,1
T01S06123,1,S06,C0177,store,control,Value,89.94,37.77,1
T01S06124,1,S06,C0184,store,control,Core,81.15,28.4,1
T01S06125,1,S06,C0191,ecommerce,control,Premium,107.49,45.15,1
T01S06126,1,S06,C0198,store,control,Value,72.37,30.4,0
T01S06127,1,S06,C0005,store,control,Premium,97.04,40.76,1
T01S06128,1,S06,C0012,store,control,Value,70.26,24.59,0
T01S06129,1,S06,C0019,store,control,Core,53.39,22.43,0
T01S06130,1,S06,C0026,ecommerce,control,Premium,98.08,41.19,1
T01S06131,1,S06,C0033,store,control,Value,76.75,32.23,1
T01S06132,1,S06,C0040,store,control,Core,87.84,30.74,1
T01S06133,1,S06,C0047,store,control,Premium,103.82,43.61,1
T01S06134,1,S06,C0054,store,control,Value,99.57,41.82,1
T01S06135,1,S06,C0061,ecommerce,control,Core,66.94,28.11,0
T01S06136,1,S06,C0068,store,control,Premium,117.78,41.22,1
T01S06137,1,S06,C0075,store,control,Value,89.41,37.55,1
T01S06138,1,S06,C0082,store,control,Core,86.99,36.54,1
T01S06139,1,S06,C0089,store,control,Premium,124.76,52.4,1
T01S06140,1,S06,C0096,ecommerce,control,Value,82.03,28.71,1
T01S06141,1,S06,C0103,store,control,Core,81.25,34.13,1
T01S06142,1,S06,C0110,store,control,Premium,86.22,36.21,1
T01S06143,1,S06,C0117,store,control,Value,91.88,38.59,1
T01S06144,1,S06,C0124,store,control,Core,62.65,21.93,0
T01S06145,1,S06,C0131,ecommerce,control,Premium,90.31,37.93,1
T01S06146,1,S06,C0138,store,control,Value,76.38,32.08,1
T01S06147,1,S06,C0145,store,control,Core,89.21,37.47,1
T01S06148,1,S06,C0152,store,control,Premium,99.29,34.75,1
T01S06149,1,S06,C0159,store,control,Value,73.29,30.78,0
T01S06150,1,S06,C0166,ecommerce,control,Core,68.21,28.65,0
T01S06151,1,S06,C0173,store,control,Premium,116.49,48.92,1
T01S06152,1,S06,C0180,store,control,Value,69.45,24.31,0
T01S06153,1,S06,C0187,store,control,Core,63.96,26.87,0
T01S06154,1,S06,C0194,store,control,Premium,76.31,32.05,1
T01S06155,1,S06,C0001,ecommerce,control,Core,58.68,24.65,0
T01S06156,1,S06,C0008,store,control,Premium,94.71,33.15,1
T01S06157,1,S06,C0015,store,control,Value,65.48,27.5,0
T01S06158,1,S06,C0022,store,control,Core,67.37,28.3,0
T01S06159,1,S06,C0029,store,control,Premium,77.64,32.61,1
T01S07000,1,S07,C0129,ecommerce,treatment,Value,73.67,25.79,0
T01S07001,1,S07,C0136,store,treatment,Core,87.65,36.81,1
T01S07002,1,S07,C0143,store,treatment,Premium,133.55,56.09,1
T01S07003,1,S07,C0150,store,treatment,Value,88.54,37.19,1
T01S07004,1,S07,C0157,store,treatment,Core,112.98,39.54,1
T01S07005,1,S07,C0164,ecommerce,treatment,Premium,106.75,44.83,1
T01S07006,1,S07,C0171,store,treatment,Value,98.8,41.5,1
T01S07007,1,S07,C0178,store,treatment,Core,99.82,41.92,1
T01S07008,1,S07,C0185,store,treatment,Premium,123.68,43.29,1
T01S07009,1,S07,C0192,store,treatment,Value,102.73,43.15,1
T01S07010,1,S07,C0199,ecommerce,treatment,Core,69.12,29.03,0
T01S07011,1,S07,C0006,store,treatment,Value,115.54,48.53,1
T01S07012,1,S07,C0013,store,treatment,Core,77.4,27.09,1
T01S07013,1,S07,C0020,store,treatment,Premium,107.7,45.23,1
T01S07014,1,S07,C0027,store,treatment,Value,101.96,42.82,1
T01S07015,1,S07,C0034,ecommerce,treatment,Core,99.26,41.69,1
T01S07016,1,S07,C0041,store,treatment,Premium,114.97,40.24,1
T01S07017,1,S07,C0048,store,treatment,Value,111.04,46.64,1
T01S07018,1,S07,C0055,store,treatment,Core,90.06,37.82,1
T01S07019,1,S07,C0062,store,treatment,Premium,105.52,44.32,1
T01S07020,1,S07,C0069,ecommerce,treatment,Value,130.67,45.73,1
T01S07021,1,S07,C0076,store,treatment,Core,122.88,51.61,1
T01S07022,1,S07,C0083,store,treatment,Premium,128.48,53.96,1
T01S07023,1,S07,C0090,store,treatment,Value,76.79,32.25,1
T01S07024,1,S07,C0097,store,treatment,Core,87.41,30.59,1
T01S07025,1,S07,C0104,ecommerce,treatment,Premium,91.63,38.48,1
T01S07026,1,S07,C0111,store,treatment,Value,121.27,50.93,1
T01S07027,1,S07,C0118,store,treatment,Core,58.75,24.68,0
T01S07028,1,S07,C0125,store,treatment,Premium,119.76,41.92,1
T01S07029,1,S07,C0132,store,treatment,Value,83.71,35.16,1
T01S07030,1,S07,C0139,ecommerce,treatment,Core,98.26,41.27,1
T01S07031,1,S07,C0146,store,treatment,Premium,117.71,49.44,1
T01S07032,1,S07,C0153,store,treatment,Value,106.56,37.3,1
T01S07033,1,S07,C0160,store,treatment,Core,44.32,18.62,0
T01S07034,1,S07,C0167,store,treatment,Premium,76.56,32.16,1
T01S07035,1,S07,C0174,ecommerce,treatment,Value,112.59,47.29,1
T01S07036,1,S07,C0181,store,treatment,Core,90.55,31.69,1
T01S07037,1,S07,C0188,store,treatment,Premium,92.29,38.76,1
T01S07038,1,S07,C0195,store,treatment,Value,123.89,52.03,1
T01S07039,1,S07,C0002,store,treatment,Premium,109.89,46.16,1
T01S07040,1,S07,C0009,ecommerce,treatment,Value,82.72,28.95,1
T01S07041,1,S07,C0016,store,treatment,Core,103.15,43.32,1
T01S07042,1,S07,C0023,store,treatment,Premium,106.12,44.57,1
T01S07043,1,S07,C0030,store,treatment,Value,97.49,40.94,1
T01S07044,1,S07,C0037,store,treatment,Core,81.83,28.64,1
T01S07045,1,S07,C0044,ecommerce,treatment,Premium,90.13,37.86,1
T01S07046,1,S07,C0051,store,treatment,Value,51.64,21.69,0
T01S07047,1,S07,C0058,store,treatment,Core,66.76,28.04,0
T01S07048,1,S07,C0065,store,treatment,Premium,129.21,45.22,1
T01S07049,1,S07,C0072,store,treatment,Value,83.36,35.01,1
T01S07050,1,S07,C0079,ecommerce,treatment,Core,60.49,25.41,0
T01S07051,1,S07,C0086,store,treatment,Premium,148.33,62.3,1
T01S07052,1,S07,C0093,store,treatment,Value,87.92,30.77,1
T01S07053,1,S07,C0100,store,treatment,Core,86.02,36.13,1
T01S07054,1,S07,C0107,store,treatment,Premium,101.34,42.56,1
T01S07055,1,S07,C0114,ecommerce,treatment,Value,90.06,37.82,1
T01S07056,1,S07,C0121,store,treatment,Core,53.46,18.71,0
T01S07057,1,S07,C0128,store,treatment,Premium,84.69,35.57,1
T01S07058,1,S07,C0135,store,treatment,Value,106.88,44.89,1
T01S07059,1,S07,C0142,store,treatment,Core,89.49,37.58,1
T01S07060,1,S07,C0149,ecommerce,treatment,Premium,88.54,30.99,1
T01S07061,1,S07,C0156,store,treatment,Value,108.87,45.72,1
T01S07062,1,S07,C0163,store,treatment,Core,118.57,49.8,1
T01S07063,1,S07,C0170,store,treatment,Premium,68.63,28.83,0
T01S07064,1,S07,C0177,store,treatment,Value,98.35,34.42,1
T01S07065,1,S07,C0184,ecommerce,treatment,Core,87.53,36.76,1
T01S07066,1,S07,C0191,store,treatment,Premium,89.52,37.6,1
T01S07067,1,S07,C0198,store,treatment,Value,94.65,39.75,1
T01S07068,1,S07,C0005,store,treatment,Premium,115.15,40.3,1
T01S07069,1,S07,C0012,store,treatment,Value,97.3,40.87,1
T01S07070,1,S07,C0019,ecommerce,treatment,Core,101.94,42.82,1
T01S07071,1,S07,C0026,store,treatment,Premium,84.02,35.29,1
T01S07072,1,S07,C0033,store,treatment,Value,96.51,33.78,1
T01S07073,1,S07,C0040,store,treatment,Core,126.01,52.92,1
T01S07074,1,S07,C0047,store,treatment,Premium,110.73,46.51,1
T01S07075,1,S07,C0054,ecommerce,treatment,Value,110.12,46.25,1
T01S07076,1,S07,C0061,store,treatment,Core,66.91,23.42,0
T01S07077,1,S07,C0068,store,treatment,Premium,105.85,44.46,1
T01S07078,1,S07,C0075,store,treatment,Value,87.87,36.91,1
T01S07079,1,S07,C0082,store,treatment,Core,82.63,34.7,1
T01S07080,1,S07,C0089,ecommerce,treatment,Premium,132.63,46.42,1
T01S07081,1,S07,C0096,store,treatment,Value,127.18,53.41,1
T01S07082,1,S07,C0103,store,treatment,Core,75.19,31.58,0
T01S07083,1,S07,C0110,store,treatment,Premium,85.46,35.89,1
T01S07084,1,S07,C0117,store,treatment,Value,69.18,24.21,0
T01S07085,1,S07,C0124,ecommerce,treatment,Core,87.47,36.74,1
T01S07086,1,S07,C0131,store,treatment,Premium,89.36,37.53,1
T01S07087,1,S07,C0138,store,treatment,Value,70.94,29.79,0
T01S07088,1,S07,C0145,store,treatment,Core,87.41,30.59,1
T01S07089,1,S07,C0152,store,treatment,Premium,107.67,45.22,1
T01S07090,1,S07,C0159,ecommerce,treatment,Value,102.38,43.0,1
T01S07091,1,S07,C0166,store,treatment,Core,72.17,30.31,0
T01S07092,1,S07,C0173,store,treatment,Premium,106.25,37.19,1
T01S07093,1,S07,C0180,store,treatment,Value,110.11,46.25,1
T01S07094,1,S07,C0187,store,treatment,Core,120.81,50.74,1
T01S07095,1,S07,C0194,ecommerce,treatment,Premium,122.15,51.3,1
T01S07096,1,S07,C0001,store,treatment,Core,100.39,35.14,1
T01S07097,1,S07,C0008,store,treatment,Premium,80.75,33.91,1
T01S07098,1,S07,C0015,store,treatment,Value,84.68,35.56,1
T01S07099,1,S07,C0022,store,treatment,Core,97.32,40.87,1
T01S07100,1,S07,C0029,ecommerce,treatment,Premium,99.74,34.91,1
T01S07101,1,S07,C0036,store,treatment,Value,102.54,43.07,1
T01S07102,1,S07,C0043,store,treatment,Core,87.72,36.84,1
T01S07103,1,S07,C0050,store,treatment,Premium,131.41,55.19,1
T01S07104,1,S07,C0057,store,treatment,Value,79.23,27.73,1
T01S07105,1,S07,C0064,ecommerce,treatment,Core,81.69,34.31,1
T01S07106,1,S07,C0071,store,treatment,Premium,103.57,43.5,1
T01S07107,1,S07,C0078,store,treatment,Value,96.71,40.62,1
T01S07108,1,S07,C0085,store,treatment,Core,88.84,31.09,1
T01S07109,1,S07,C0092,store,treatment,Premium,99.56,41.82,1
T01S07110,1,S07,C0099,ecommerce,treatment,Value,93.78,39.39,1
T01S07111,1,S07,C0106,store,treatment,Core,104.54,43.91,1
T01S07112,1,S07,C0113,store,treatment,Premium,145.49,50.92,1
T01S07113,1,S07,C0120,store,treatment,Value,96.66,40.6,1
T01S07114,1,S07,C0127,store,treatment,Core,107.27,45.06,1
T01S07115,1,S07,C0134,ecommerce,treatment,Premium,123.78,51.99,1
T01S07116,1,S07,C0141,store,treatment,Value,87.55,30.64,1
T01S07117,1,S07,C0148,store,treatment,Core,85.94,36.1,1
T01S07118,1,S07,C0155,store,treatment,Premium,106.51,44.74,1
T01S07119,1,S07,C0162,store,treatment,Value,112.95,47.44,1
T01S07120,1,S07,C0169,ecommerce,treatment,Core,124.49,43.57,1
T01S07121,1,S07,C0176,store,treatment,Premium,121.92,51.21,1
T01S07122,1,S07,C0183,store,treatment,Value,95.19,39.98,1
T01S07123,1,S07,C0190,store,treatment,Core,117.85,49.5,1
T01S07124,1,S07,C0197,store,treatment,Premium,124.16,43.46,1
T01S07125,1,S07,C0004,ecommerce,treatment,Core,90.85,38.16,1
T01S07126,1,S07,C0011,store,treatment,Premium,106.98,44.93,1
T01S07127,1,S07,C0018,store,treatment,Value,102.75,43.15,1
T01S07128,1,S07,C0025,store,treatment,Core,120.61,42.21,1
T01S07129,1,S07,C0032,store,treatment,Premium,96.32,40.46,1
T01S07130,1,S07,C0039,ecommerce,treatment,Value,73.06,30.69,0
T01S07131,1,S07,C0046,store,treatment,Core,102.02,42.85,1
T01S07132,1,S07,C0053,store,treatment,Premium,127.98,44.79,1
T01S07133,1,S07,C0060,store,treatment,Value,69.72,29.28,0
T01S07134,1,S07,C0067,store,treatment,Core,103.05,43.28,1
T01S07135,1,S07,C0074,ecommerce,treatment,Premium,110.12,46.25,1
T01S07136,1,S07,C0081,store,treatment,Value,75.28,26.35,0
T01S07137,1,S07,C0088,store,treatment,Core,79.46,33.37,1
T01S07138,1,S07,C0095,store,treatment,Premium,103.85,43.62,1
T01S07139,1,S07,C0102,store,treatment,Value,82.51,34.65,1
T01S07140,1,S07,C0109,ecommerce,treatment,Core,108.07,37.83,1
T01S07141,1,S07,C0116,store,treatment,Premium,70.67,29.68,0
T01S07142,1,S07,C0123,store,treatment,Value,81.14,34.08,1
T01S07143,1,S07,C0130,store,treatment,Core,62.75,26.35,0
T01S07144,1,S07,C0137,store,treatment,Premium,85.8,30.03,1
T01S07145,1,S07,C0144,ecommerce,treatment,Value,92.27,38.75,1
T01S07146,1,S07,C0151,store,treatment,Core,97.05,40.76,1
T01S07147,1,S07,C0158,store,treatment,Premium,114.55,48.11,1
T01S07148,1,S07,C0165,store,treatment,Value,127.44,44.6,1
T01S07149,1,S07,C0172,store,treatment,Core,113.95,47.86,1
T01S07150,1,S07,C0179,ecommerce,treatment,Premium,83.94,35.26,1
T01S07151,1,S07,C0186,store,treatment,Value,106.36,44.67,1
T01S07152,1,S07,C0193,store,treatment,Core,101.17,35.41,1
T01S07153,1,S07,C0200,store,treatment,Premium,107.38,45.1,1
T01S07154,1,S07,C0007,store,treatment,Core,99.56,41.81,1
T01S07155,1,S07,C0014,ecommerce,treatment,Premium,119.99,50.4,1
T01S07156,1,S07,C0021,store,treatment,Value,79.81,27.93,1
T01S07157,1,S07,C0028,store,treatment,Core,94.96,39.88,1
T01S07158,1,S07,C0035,store,treatment,Premium,131.37,55.18,1
T01S07159,1,S07,C0042,store,treatment,Value,64.49,27.09,0
T01S08000,1,S08,C0142,ecommerce,control,Core,94.13,32.95,1
T01S08001,1,S08,C0149,store,control,Premium,74.92,31.47,0
T01S08002,1,S08,C0156,store,control,Value,117.52,49.36,1
T01S08003,1,S08,C0163,store,control,Core,111.37,46.78,1
T01S08004,1,S08,C0170,store,control,Premium,99.78,34.92,1
T01S08005,1,S08,C0177,ecommerce,control,Value,83.64,35.13,1
T01S08006,1,S08,C0184,store,control,Core,99.22,41.67,1
T01S08007,1,S08,C0191,store,control,Premium,88.07,36.99,1
T01S08008,1,S08,C0198,store,control,Value,108.51,37.98,1
T01S08009,1,S08,C0005,store,control,Premium,61.21,25.71,0
T01S08010,1,S08,C0012,ecommerce,control,Value,91.27,38.33,1
T01S08011,1,S08,C0019,store,control,Core,95.88,40.27,1
T01S08012,1,S08,C0026,store,control,Premium,136.84,47.89,1
T01S08013,1,S08,C0033,store,control,Value,73.79,30.99,0
T01S08014,1,S08,C0040,store,control,Core,62.73,26.35,0
T01S08015,1,S08,C0047,ecommerce,control,Premium,97.43,40.92,1
T01S08016,1,S08,C0054,store,control,Value,62.54,21.89,0
T01S08017,1,S08,C0061,store,control,Core,77.81,32.68,1
T01S08018,1,S08,C0068,store,control,Premium,91.1,38.26,1
T01S08019,1,S08,C0075,store,control,Value,69.19,29.06,0
T01S08020,1,S08,C0082,ecommerce,control,Core,75.07,26.28,0
T01S08021,1,S08,C0089,store,control,Premium,91.46,38.41,1
T01S08022,1,S08,C0096,store,control,Value,96.17,40.39,1
T01S08023,1,S08,C0103,store,control,Core,90.03,37.81,1
T01S08024,1,S08,C0110,store,control,Premium,81.09,28.38,1
T01S08025,1,S08,C0117,ecommerce,control,Value,95.62,40.16,1
T01S08026,1,S08,C0124,store,control,Core,60.84,25.55,0
T01S08027,1,S08,C0131,store,control,Premium,82.74,34.75,1
T01S08028,1,S08,C0138,store,control,Value,90.01,31.5,1
T01S08029,1,S08,C0145,store,control,Core,88.1,37.0,1
T01S08030,1,S08,C0152,ecommerce,control,Premium,72.58,30.48,0
T01S08031,1,S08,C0159,store,control,Value,71.28,29.94,0
T01S08032,1,S08,C0166,store,control,Core,29.21,10.22,0
T01S08033,1,S08,C0173,store,control,Premium,89.41,37.55,1
T01S08034,1,S08,C0180,store,control,Value,81.22,34.11,1
T01S08035,1,S08,C0187,ecommerce,control,Core,87.16,36.61,1
T01S08036,1,S08,C0194,store,control,Premium,99.12,34.69,1
T01S08037,1,S08,C0001,store,control,Core,78.92,33.15,1
T01S08038,1,S08,C0008,store,control,Premium,108.44,45.54,1
T01S08039,1,S08,C0015,store,control,Value,51.53,21.64,0
T01S08040,1,S08,C0022,ecommerce,control,Core,96.55,33.79,1
T01S08041,1,S08,C0029,store,control,Premium,86.17,36.19,1
T01S08042,1,S08,C0036,store,control,Value,96.37,40.48,1
T01S08043,1,S08,C0043,store,control,Core,72.56,30.48,0
T01S08044,1,S08,C0050,store,control,Premium,57.77,20.22,0
T01S08045,1,S08,C0057,ecommerce,control,Value,73.97,31.07,0
T01S08046,1,S08,C0064,store,control,Core,86.25,36.23,1
T01S08047,1,S08,C0071,store,control,Premium,108.56,45.6,1
T01S08048,1,S08,C0078,store,control,Value,71.06,24.87,0
T01S08049,1,S08,C0085,store,control,Core,112.14,47.1,1
T01S08050,1,S08,C0092,ecommerce,control,Premium,96.25,40.43,1
T01S08051,1,S08,C0099,store,control,Value,102.99,43.26,1
T01S08052,1,S08,C0106,store,control,Core,117.39,41.09,1
T01S08053,1,S08,C0113,store,control,Premium,70.33,29.54,0
T01S08054,1,S08,C0120,store,control,Value,70.8,29.73,0
T01S08055,1,S08,C0127,ecommerce,control,Core,79.54,33.41,1
T01S08056,1,S08,C0134,store,control,Premium,122.8,42.98,1
T01S08057,1,S08,C0141,store,control,Value,86.24,36.22,1
T01S08058,1,S08,C0148,store,control,Core,95.33,40.04,1
T01S08059,1,S08,C0155,store,control,Premium,90.87,38.16,1
T01S08060,1,S08,C0162,ecommerce,control,Value,75.46,26.41,0
T01S08061,1,S08,C0169,store,control,Core,93.92,39.45,1
T01S08062,1,S08,C0176,store,control,Premium,70.49,29.61,0
T01S08063,1,S08,C0183,store,control,Value,96.47,40.52,1
T01S08064,1,S08,C0190,store,control,Core,120.63,42.22,1
T01S08065,1,S08,C0197,ecommerce,control,Premium,94.92,39.87,1
T01S08066,1,S08,C0004,store,control,Core,55.51,23.32,0
T01S08067,1,S08,C0011,store,control,Premium,113.83,47.81,1
T01S08068,1,S08,C0018,store,control,Value,91.78,32.12,1
T01S08069,1,S08,C0025,store,control,Core,45.12,18.95,0
T01S08070,1,S08,C0032,ecommerce,control,Premium,74.27,31.19,0
T01S08071,1,S08,C0039,store,control,Value,79.27,33.29,1
T01S08072,1,S08,C0046,store,control,Core,70.35,24.62,0
T01S08073,1,S08,C0053,store,control,Premium,105.76,44.42,1
T01S08074,1,S08,C0060,store,control,Value,46.1,19.36,0
T01S08075,1,S08,C0067,ecommerce,control,Core,80.68,33.88,1
T01S08076,1,S08,C0074,store,control,Premium,71.9,25.16,0
T01S08077,1,S08,C0081,store,control,Value,72.35,30.39,0
T01S08078,1,S08,C0088,store,control,Core,90.57,38.04,1
T01S08079,1,S08,C0095,store,control,Premium,104.13,43.73,1
T01S08080,1,S08,C0102,ecommerce,control,Value,111.64,39.07,1
T01S08081,1,S08,C0109,store,control,Core,77.77,32.67,1
T01S08082,1,S08,C0116,store,control,Premium,110.94,46.59,1
T01S08083,1,S08,C0123,store,control,Value,99.68,41.86,1
T01S08084,1,S08,C0130,store,control,Core,75.09,26.28,0
T01S08085,1,S08,C0137,ecommerce,control,Premium,72.66,30.52,0
T01S08086,1,S08,C0144,store,control,Value,73.21,30.75,0
T01S08087,1,S08,C0151,store,control,Core,81.06,34.05,1
T01S08088,1,S08,C0158,store,control,Premium,122.11,42.74,1
T01S08089,1,S08,C0165,store,control,Value,77.63,32.6,1
T01S08090,1,S08,C0172,ecommerce,control,Core,63.4,26.63,0
T01S08091,1,S08,C0179,store,control,Premium,92.55,38.87,1
T01S08092,1,S08,C0186,store,control,Value,66.13,23.15,0
T01S08093,1,S08,C0193,store,control,Core,75.84,31.85,0
T01S08094,1,S08,C0200,store,control,Premium,90.84,38.15,1
T01S08095,1,S08,C0007,ecommerce,control,Core,41.91,17.6,0
T01S08096,1,S08,C0014,store,control,Premium,94.52,33.08,1
T01S08097,1,S08,C0021,store,control,Value,66.39,27.88,0
T01S08098,1,S08,C0028,store,control,Core,42.85,18.0,0
T01S08099,1,S08,C0035,store,control,Premium,98.95,41.56,1
T01S08100,1,S08,C0042,ecommerce,control,Value,107.23,37.53,1
T01S08101,1,S08,C0049,store,control,Core,95.79,40.23,1
T01S08102,1,S08,C0056,store,control,Premium,96.84,40.67,1
T01S08103,1,S08,C0063,store,control,Value,89.44,37.57,1
T01S08104,1,S08,C0070,store,control,Core,49.0,17.15,0
T01S08105,1,S08,C0077,ecommerce,control,Premium,91.47,38.42,1
T01S08106,1,S08,C0084,store,control,Value,91.94,38.61,1
T01S08107,1,S08,C0091,store,control,Core,131.09,55.06,1
T01S08108,1,S08,C0098,store,control,Premium,104.42,36.55,1
T01S08109,1,S08,C0105,store,control,Value,84.59,35.53,1
T01S08110,1,S08,C0112,ecommerce,control,Core,82.34,34.58,1
T01S08111,1,S08,C0119,store,control,Premium,101.62,42.68,1
T01S08112,1,S08,C0126,store,control,Value,68.73,24.06,0
T01S08113,1,S08,C0133,store,control,Core,48.17,20.23,0
T01S08114,1,S08,C0140,store,control,Premium,102.57,43.08,1
T01S08115,1,S08,C0147,ecommerce,control,Value,87.21,36.63,1
T01S08116,1,S08,C0154,store,control,Core,81.58,28.55,1
T01S08117,1,S08,C0161,store,control,Premium,125.5,52.71,1
T01S08118,1,S08,C0168,store,control,Value,84.02,35.29,1
T01S08119,1,S08,C0175,store,control,Core,87.24,36.64,1
T01S08120,1,S08,C0182,ecommerce,control,Premium,100.28,35.1,1
T01S08121,1,S08,C0189,store,control,Value,81.07,34.05,1
T01S08122,1,S08,C0196,store,control,Core,105.59,44.35,1
T01S08123,1,S08,C0003,store,control,Value,79.81,33.52,1
T01S08124,1,S08,C0010,store,control,Core,87.9,30.77,1
T01S08125,1,S08,C0017,ecommerce,control,Premium,109.88,46.15,1
T01S08126,1,S08,C0024,store,control,Value,91.65,38.49,1
T01S08127,1,S08,C0031,store,control,Core,61.32,25.75,0
T01S08128,1,S08,C0038,store,control,Premium,98.82,34.59,1
T01S08129,1,S08,C0045,store,control,Value,79.87,33.54,1
T01S08130,1,S08,C0052,ecommerce,control,Core,83.58,35.1,1
T01S08131,1,S08,C0059,store,control,Premium,97.81,41.08,1
T01S08132,1,S08,C0066,store,control,Value,106.74,37.36,1
T01S08133,1,S08,C0073,store,control,Core,72.75,30.55,0
T01S08134,1,S08,C0080,store,control,Premium,80.35,33.75,1
T01S08135,1,S08,C0087,ecommerce,control,Value,76.4,32.09,1
T01S08136,1,S08,C0094,store,control,Core,74.37,26.03,0
T01S08137,1,S08,C0101,store,control,Premium,78.48,32.96,1
T01S08138,1,S08,C0108,store,control,Value,90.37,37.96,1
T01S08139,1,S08,C0115,store,control,Core,61.55,25.85,0
T01S08140,1,S08,C0122,ecommerce,control,Premium,93.88,32.86,1
T01S08141,1,S08,C0129,store,control,Value,72.4,30.41,0
T01S08142,1,S08,C0136,store,control,Core,53.98,22.67,0
T01S08143,1,S08,C0143,store,control,Premium,84.25,35.39,1
T01S08144,1,S08,C0150,store,control,Value,93.79,32.83,1
T01S08145,1,S08,C0157,ecommerce,control,Core,66.42,27.89,0
T01S08146,1,S08,C0164,store,control,Premium,138.81,58.3,1
T01S08147,1,S08,C0171,store,control,Value,113.85,47.82,1
T01S08148,1,S08,C0178,store,control,Core,90.69,31.74,1
T01S08149,1,S08,C0185,store,control,Premium,98.23,41.25,1
T01S08150,1,S08,C0192,ecommerce,control,Value,57.14,24.0,0
T01S08151,1,S08,C0199,store,control,Core,80.56,33.84,1
T01S08152,1,S08,C0006,store,control,Value,85.7,30.0,1
T01S08153,1,S08,C0013,store,control,Core,65.1,27.34,0
T01S08154,1,S08,C0020,store,control,Premium,101.7,42.71,1
T01S08155,1,S08,C0027,ecommerce,control,Value,86.33,36.26,1
T01S08156,1,S08,C0034,store,control,Core,81.9,28.67,1
T01S08157,1,S08,C0041,store,control,Premium,105.81,44.44,1
T01S08158,1,S08,C0048,store,control,Value,90.98,38.21,1
T01S08159,1,S08,C0055,store,control,Core,75.72,31.8,0
T02S01000,2,S01,C0088,ecommerce,treatment,Core,105.61,36.96,1
T02S01001,2,S01,C0095,store,treatment,Premium,120.9,50.78,1
T02S01002,2,S01,C0102,store,treatment,Value,87.04,36.56,1
T02S01003,2,S01,C0109,store,treatment,Core,95.48,40.1,1
T02S01004,2,S01,C0116,store,treatment,Premium,106.97,37.44,1
T02S01005,2,S01,C0123,ecommerce,treatment,Value,130.92,54.99,1
T02S01006,2,S01,C0130,store,treatment,Core,86.14,36.18,1
T02S01007,2,S01,C0137,store,treatment,Premium,131.65,55.29,1
T02S01008,2,S01,C0144,store,treatment,Value,72.38,25.33,0
T02S01009,2,S01,C0151,store,treatment,Core,100.99,42.42,1
T02S01010,2,S01,C0158,ecommerce,treatment,Premium,97.3,40.87,1
T02S01011,2,S01,C0165,store,treatment,Value,95.54,40.13,1
T02S01012,2,S01,C0172,store,treatment,Core,105.71,37.0,1
T02S01013,2,S01,C0179,store,treatment,Premium,121.65,51.09,1
T02S01014,2,S01,C0186,store,treatment,Value,95.06,39.92,1
T02S01015,2,S01,C0193,ecommerce,treatment,Core,98.36,41.31,1
T02S01016,2,S01,C0200,store,treatment,Premium,107.87,37.76,1
T02S01017,2,S01,C0007,store,treatment,Core,102.73,43.15,1
T02S01018,2,S01,C0014,store,treatment,Premium,103.83,43.61,1
T02S01019,2,S01,C0021,store,treatment,Value,125.14,52.56,1
T02S01020,2,S01,C0028,ecommerce,treatment,Core,90.45,31.66,1
T02S01021,2,S01,C0035,store,treatment,Premium,110.57,46.44,1
T02S01022,2,S01,C0042,store,treatment,Value,119.85,50.34,1
T02S01023,2,S01,C0049,store,treatment,Core,109.85,46.14,1
T02S01024,2,S01,C0056,store,treatment,Premium,99.61,34.86,1
T02S01025,2,S01,C0063,ecommerce,treatment,Value,77.34,32.48,1
T02S01026,2,S01,C0070,store,treatment,Core,84.56,35.51,1
T02S01027,2,S01,C0077,store,treatment,Premium,115.31,48.43,1
T02S01028,2,S01,C0084,store,treatment,Value,68.51,23.98,0
T02S01029,2,S01,C0091,store,treatment,Core,101.94,42.81,1
T02S01030,2,S01,C0098,ecommerce,treatment,Premium,83.83,35.21,1
T02S01031,2,S01,C0105,store,treatment,Value,107.06,44.96,1
T02S01032,2,S01,C0112,store,treatment,Core,83.35,29.17,1
T02S01033,2,S01,C0119,store,treatment,Premium,103.26,43.37,1
T02S01034,2,S01,C0126,store,treatment,Value,80.26,33.71,1
T02S01035,2,S01,C0133,ecommerce,treatment,Core,77.95,32.74,1
T02S01036,2,S01,C0140,store,treatment,Premium,124.97,43.74,1
T02S01037,2,S01,C0147,store,treatment,Value,88.49,37.17,1
T02S01038,2,S01,C0154,store,treatment,Core,97.78,41.07,1
T02S01039,2,S01,C0161,store,treatment,Premium,111.76,46.94,1
T02S01040,2,S01,C0168,ecommerce,treatment,Value,111.25,38.94,1
T02S01041,2,S01,C0175,store,treatment,Core,75.31,31.63,0
T02S01042,2,S01,C0182,store,treatment,Premium,81.31,34.15,1
T02S01043,2,S01,C0189,store,treatment,Value,127.66,53.62,1
T02S01044,2,S01,C0196,store,treatment,Core,114.7,40.15,1
T02S01045,2,S01,C0003,ecommerce,treatment,Value,108.81,45.7,1
T02S01046,2,S01,C0010,store,treatment,Core,77.67,32.62,1
T02S01047,2,S01,C0017,store,treatment,Premium,91.87,38.59,1
T02S01048,2,S01,C0024,store,treatment,Value,116.78,40.87,1
T02S01049,2,S01,C0031,store,treatment,Core,95.58,40.14,1
T02S01050,2,S01,C0038,ecommerce,treatment,Premium,109.21,45.87,1
T02S01051,2,S01,C0045,store,treatment,Value,65.17,27.37,0
T02S01052,2,S01,C0052,store,treatment,Core,79.8,27.93,1
T02S01053,2,S01,C0059,store,treatment,Premium,100.51,42.22,1
T02S01054,2,S01,C0066,store,treatment,Value,71.6,30.07,0
T02S01055,2,S01,C0073,ecommerce,treatment,Core,114.3,48.0,1
T02S01056,2,S01,C0080,store,treatment,Premium,97.84,34.24,1
T02S01057,2,S01,C0087,store,treatment,Value,80.69,33.89,1
T02S01058,2,S01,C0094,store,treatment,Core,80.51,33.81,1
T02S01059,2,S01,C0101,store,treatment,Premium,75.84,31.85,0
T02S01060,2,S01,C0108,ecommerce,treatment,Value,93.27,32.65,1
T02S01061,2,S01,C0115,store,treatment,Core,113.1,47.5,1
T02S01062,2,S01,C0122,store,treatment,Premium,122.44,51.43,1
T02S01063,2,S01,C0129,store,treatment,Value,91.53,38.44,1
T02S01064,2,S01,C0136,store,treatment,Core,107.96,37.79,1
T02S01065,2,S01,C0143,ecommerce,treatment,Premium,92.3,38.77,1
T02S01066,2,S01,C0150,store,treatment,Value,96.49,40.52,1
T02S01067,2,S01,C0157,store,treatment,Core,91.55,38.45,1
T02S01068,2,S01,C0164,store,treatment,Premium,114.36,40.03,1
T02S01069,2,S01,C0171,store,treatment,Value,87.16,36.61,1
T02S01070,2,S01,C0178,ecommerce,treatment,Core,103.4,43.43,1
T02S01071,2,S01,C0185,store,treatment,Premium,101.05,42.44,1
T02S01072,2,S01,C0192,store,treatment,Value,78.08,27.33,1
T02S01073,2,S01,C0199,store,treatment,Core,92.88,39.01,1
T02S01074,2,S01,C0006,store,treatment,Value,70.64,29.67,0
T02S01075,2,S01,C0013,ecommerce,treatment,Core,101.18,42.49,1
T02S01076,2,S01,C0020,store,treatment,Premium,115.02,40.26,1
T02S01077,2,S01,C0027,store,treatment,Value,81.58,34.26,1
T02S01078,2,S01,C0034,store,treatment,Core,84.91,35.66,1
T02S01079,2,S01,C0041,store,treatment,Premium,99.18,41.66,1
T02S01080,2,S01,C0048,ecommerce,treatment,Value,81.81,28.63,1
T02S01081,2,S01,C0055,store,treatment,Core,111.71,46.92,1
T02S01082,2,S01,C0062,store,treatment,Premium,116.21,48.81,1
T02S01083,2,S01,C0069,store,treatment,Value,84.73,35.59,1
T02S01084,2,S01,C0076,store,treatment,Core,119.73,41.9,1
T02S01085,2,S01,C0083,ecommerce,treatment,Premium,84.24,35.38,1
T02S01086,2,S01,C0090,store,treatment,Value,105.4,44.27,1
T02S01087,2,S01,C0097,store,treatment,Core,79.6,33.43,1
T02S01088,2,S01,C0104,store,treatment,Premium,76.02,26.61,1
T02S01089,2,S01,C0111,store,treatment,Value,117.77,49.46,1
T02S01090,2,S01,C0118,ecommerce,treatment,Core,59.01,24.78,0
T02S01091,2,S01,C0125,store,treatment,Premium,83.45,35.05,1
T02S01092,2,S01,C0132,store,treatment,Value,83.73,29.31,1
T02S01093,2,S01,C0139,store,treatment,Core,98.89,41.53,1
T02S01094,2,S01,C0146,store,treatment,Premium,94.33,39.62,1
T02S01095,2,S01,C0153,ecommerce,treatment,Value,89.7,37.67,1
T02S01096,2,S01,C0160,store,treatment,Core,124.6,43.61,1
T02S01097,2,S01,C0167,store,treatment,Premium,134.59,56.53,1
T02S01098,2,S01,C0174,store,treatment,Value,59.74,25.09,0
T02S01099,2,S01,C0181,store,treatment,Core,77.24,32.44,1
T02S01100,2,S01,C0188,ecommerce,treatment,Premium,133.43,46.7,1
T02S01101,2,S01,C0195,store,treatment,Value,102.52,43.06,1
T02S01102,2,S01,C0002,store,treatment,Premium,113.27,47.57,1
T02S01103,2,S01,C0009,store,treatment,Value,78.48,32.96,1
T02S01104,2,S01,C0016,store,treatment,Core,98.46,34.46,1
T02S01105,2,S01,C0023,ecommerce,treatment,Premium,116.39,48.89,1
T02S01106,2,S01,C0030,store,treatment,Value,120.02,50.41,1
T02S01107,2,S01,C0037,store,treatment,Core,54.69,22.97,0
T02S01108,2,S01,C0044,store,treatment,Premium,109.59,38.36,1
T02S01109,2,S01,C0051,store,treatment,Value,92.29,38.76,1
T02S01110,2,S01,C0058,ecommerce,treatment,Core,96.02,40.33,1
T02S01111,2,S01,C0065,store,treatment,Premium,111.12,46.67,1
T02S01112,2,S01,C0072,store,treatment,Value,100.35,35.12,1
T02S01113,2,S01,C0079,store,treatment,Core,81.13,34.07,1
T02S01114,2,S01,C0086,store,treatment,Premium,136.41,57.29,1
T02S01115,2,S01,C0093,ecommerce,treatment,Value,139.01,58.39,1
T02S01116,2,S01,C0100,store,treatment,Core,105.53,36.93,1
T02S01117,2,S01,C0107,store,treatment,Premium,67.35,28.29,0
T02S01118,2,S01,C0114,store,treatment,Value,108.45,45.55,1
T02S01119,2,S01,C0121,store,treatment,Core,97.39,40.9,1
T02S01120,2,S01,C0128,ecommerce,treatment,Premium,104.72,36.65,1
T02S01121,2,S01,C0135,store,treatment,Value,112.91,47.42,1
T02S01122,2,S01,C0142,store,treatment,Core,96.18,40.4,1
T02S01123,2,S01,C0149,store,treatment,Premium,101.61,42.67,1
T02S01124,2,S01,C0156,store,treatment,Value,89.61,31.36,1
T02S01125,2,S01,C0163,ecommerce,treatment,Core,108.72,45.66,1
T02S01126,2,S01,C0170,store,treatment,Premium,109.97,46.19,1
T02S01127,2,S01,C0177,store,treatment,Value,78.64,33.03,1
T02S01128,2,S01,C0184,store,treatment,Core,87.23,30.53,1
T02S01129,2,S01,C0191,store,treatment,Premium,98.37,41.31,1
T02S01130,2,S01,C0198,ecommerce,treatment,Value,107.06,44.97,1
T02S01131,2,S01,C0005,store,treatment,Premium,99.14,41.64,1
T02S01132,2,S01,C0012,store,treatment,Value,77.57,27.15,1
T02S01133,2,S01,C0019,store,treatment,Core,71.1,29.86,0
T02S01134,2,S01,C0026,store,treatment,Premium,87.67,36.82,1
T02S01135,2,S01,C0033,ecommerce,treatment,Value,119.34,50.12,1
T02S01136,2,S01,C0040,store,treatment,Core,84.9,29.71,1
T02S01137,2,S01,C0047,store,treatment,Premium,82.54,34.67,1
T02S01138,2,S01,C0054,store,treatment,Value,87.22,36.63,1
T02S01139,2,S01,C0061,store,treatment,Core,118.36,49.71,1
T02S01140,2,S01,C0068,ecommerce,treatment,Premium,99.76,34.92,1
T02S01141,2,S01,C0075,store,treatment,Value,92.3,38.76,1
T02S01142,2,S01,C0082,store,treatment,Core,120.89,50.77,1
T02S01143,2,S01,C0089,store,treatment,Premium,93.3,39.18,1
T02S01144,2,S01,C0096,store,treatment,Value,71.02,24.86,0
T02S01145,2,S01,C0103,ecommerce,treatment,Core,98.75,41.47,1
T02S01146,2,S01,C0110,store,treatment,Premium,111.59,46.87,1
T02S01147,2,S01,C0117,store,treatment,Value,72.04,30.26,0
T02S01148,2,S01,C0124,store,treatment,Core,88.8,31.08,1
T02S01149,2,S01,C0131,store,treatment,Premium,57.87,24.31,0
T02S01150,2,S01,C0138,ecommerce,treatment,Value,77.89,32.71,1
T02S01151,2,S01,C0145,store,treatment,Core,77.17,32.41,1
T02S01152,2,S01,C0152,store,treatment,Premium,96.61,33.81,1
T02S01153,2,S01,C0159,store,treatment,Value,70.42,29.58,0
T02S01154,2,S01,C0166,store,treatment,Core,85.53,35.92,1
T02S01155,2,S01,C0173,ecommerce,treatment,Premium,104.53,43.9,1
T02S01156,2,S01,C0180,store,treatment,Value,81.98,28.69,1
T02S01157,2,S01,C0187,store,treatment,Core,89.02,37.39,1
T02S01158,2,S01,C0194,store,treatment,Premium,84.84,35.63,1
T02S01159,2,S01,C0001,store,treatment,Core,92.19,38.72,1
T02S02000,2,S02,C0101,ecommerce,control,Premium,121.67,42.58,1
T02S02001,2,S02,C0108,store,control,Value,96.82,40.67,1
T02S02002,2,S02,C0115,store,control,Core,46.69,19.61,0
T02S02003,2,S02,C0122,store,control,Premium,97.77,41.06,1
T02S02004,2,S02,C0129,store,control,Value,106.27,37.2,1
T02S02005,2,S02,C0136,ecommerce,control,Core,78.82,33.1,1
T02S02006,2,S02,C0143,store,control,Premium,70.9,29.78,0
T02S02007,2,S02,C0150,store,control,Value,66.86,28.08,0
T02S02008,2,S02,C0157,store,control,Core,93.59,32.76,1
T02S02009,2,S02,C0164,store,control,Premium,67.41,28.31,0
T02S02010,2,S02,C0171,ecommerce,control,Value,84.45,35.47,1
T02S02011,2,S02,C0178,store,control,Core,91.9,38.6,1
T02S02012,2,S02,C0185,store,control,Premium,78.53,27.49,1
T02S02013,2,S02,C0192,store,control,Value,84.92,35.67,1
T02S02014,2,S02,C0199,store,control,Core,97.03,40.75,1
T02S02015,2,S02,C0006,ecommerce,control,Value,56.76,23.84,0
T02S02016,2,S02,C0013,store,control,Core,76.75,26.86,1
T02S02017,2,S02,C0020,store,control,Premium,108.13,45.41,1
T02S02018,2,S02,C0027,store,control,Value,71.88,30.19,0
T02S02019,2,S02,C0034,store,control,Core,95.13,39.95,1
T02S02020,2,S02,C0041,ecommerce,control,Premium,108.95,38.13,1
T02S02021,2,S02,C0048,store,control,Value,59.87,25.15,0
T02S02022,2,S02,C0055,store,control,Core,65.21,27.39,0
T02S02023,2,S02,C0062,store,control,Premium,98.75,41.48,1
T02S02024,2,S02,C0069,store,control,Value,83.73,29.31,1
T02S02025,2,S02,C0076,ecommerce,control,Core,65.26,27.41,0
T02S02026,2,S02,C0083,store,control,Premium,102.83,43.19,1
T02S02027,2,S02,C0090,store,control,Value,54.75,23.0,0
T02S02028,2,S02,C0097,store,control,Core,61.96,21.69,0
T02S02029,2,S02,C0104,store,control,Premium,102.72,43.14,1
T02S02030,2,S02,C0111,ecommerce,control,Value,102.81,43.18,1
T02S02031,2,S02,C0118,store,control,Core,77.51,32.55,1
T02S02032,2,S02,C0125,store,control,Premium,94.02,32.91,1
T02S02033,2,S02,C0132,store,control,Value,85.43,35.88,1
T02S02034,2,S02,C0139,store,control,Core,77.57,32.58,1
T02S02035,2,S02,C0146,ecommerce,control,Premium,97.55,40.97,1
T02S02036,2,S02,C0153,store,control,Value,75.85,26.55,0
T02S02037,2,S02,C0160,store,control,Core,81.29,34.14,1
T02S02038,2,S02,C0167,store,control,Premium,93.27,39.17,1
T02S02039,2,S02,C0174,store,control,Value,86.41,36.29,1
T02S02040,2,S02,C0181,ecommerce,control,Core,73.95,25.88,0
T02S02041,2,S02,C0188,store,control,Premium,111.58,46.86,1
T02S02042,2,S02,C0195,store,control,Value,108.11,45.41,1
T02S02043,2,S02,C0002,store,control,Premium,81.48,34.22,1
T02S02044,2,S02,C0009,store,control,Value,104.58,36.6,1
T02S02045,2,S02,C0016,ecommerce,control,Core,89.43,37.56,1
T02S02046,2,S02,C0023,store,control,Premium,129.06,54.21,1
T02S02047,2,S02,C0030,store,control,Value,69.26,29.09,0
T02S02048,2,S02,C0037,store,control,Core,110.36,38.62,1
T02S02049,2,S02,C0044,store,control,Premium,95.02,39.91,1
T02S02050,2,S02,C0051,ecommerce,control,Value,68.79,28.89,0
T02S02051,2,S02,C0058,store,control,Core,88.22,37.05,1
T02S02052,2,S02,C0065,store,control,Premium,99.56,34.85,1
T02S02053,2,S02,C0072,store,control,Value,94.43,39.66,1
T02S02054,2,S02,C0079,store,control,Core,83.76,35.18,1
T02S02055,2,S02,C0086,ecommerce,control,Premium,54.51,22.89,0
T02S02056,2,S02,C0093,store,control,Value,79.43,27.8,1
T02S02057,2,S02,C0100,store,control,Core,59.82,25.12,0
T02S02058,2,S02,C0107,store,control,Premium,76.66,32.2,1
T02S02059,2,S02,C0114,store,control,Value,73.19,30.74,0
T02S02060,2,S02,C0121,ecommerce,control,Core,77.83,27.24,1
T02S02061,2,S02,C0128,store,control,Premium,103.63,43.52,1
T02S02062,2,S02,C0135,store,control,Value,92.46,38.83,1
T02S02063,2,S02,C0142,store,control,Core,49.66,20.86,0
T02S02064,2,S02,C0149,store,control,Premium,116.6,40.81,1
T02S02065,2,S02,C0156,ecommerce,control,Value,104.46,43.87,1
T02S02066,2,S02,C0163,store,control,Core,100.06,42.02,1
T02S02067,2,S02,C0170,store,control,Premium,99.3,41.71,1
T02S02068,2,S02,C0177,store,control,Value,74.93,26.23,0
T02S02069,2,S02,C0184,store,control,Core,83.44,35.05,1
T02S02070,2,S02,C0191,ecommerce,control,Premium,106.75,44.83,1
T02S02071,2,S02,C0198,store,control,Value,72.24,30.34,0
T02S02072,2,S02,C0005,store,control,Premium,113.42,39.7,1
T02S02073,2,S02,C0012,store,control,Value,54.38,22.84,0
T02S02074,2,S02,C0019,store,control,Core,50.07,21.03,0
T02S02075,2,S02,C0026,ecommerce,control,Premium,85.85,36.06,1
T02S02076,2,S02,C0033,store,control,Value,87.33,30.57,1
T02S02077,2,S02,C0040,store,control,Core,84.73,35.59,1
T02S02078,2,S02,C0047,store,control,Premium,94.4,39.65,1
T02S02079,2,S02,C0054,store,control,Value,82.03,34.45,1
T02S02080,2,S02,C0061,ecommerce,control,Core,88.71,31.05,1
T02S02081,2,S02,C0068,store,control,Premium,88.92,37.35,1
T02S02082,2,S02,C0075,store,control,Value,73.02,30.67,0
T02S02083,2,S02,C0082,store,control,Core,76.27,32.03,1
T02S02084,2,S02,C0089,store,control,Premium,98.47,34.46,1
T02S02085,2,S02,C0096,ecommerce,control,Value,52.13,21.9,0
T02S02086,2,S02,C0103,store,control,Core,39.53,16.6,0
T02S02087,2,S02,C0110,store,control,Premium,94.86,39.84,1
T02S02088,2,S02,C0117,store,control,Value,62.21,21.77,0
T02S02089,2,S02,C0124,store,control,Core,95.51,40.12,1
T02S02090,2,S02,C0131,ecommerce,control,Premium,122.25,51.34,1
T02S02091,2,S02,C0138,store,control,Value,81.98,34.43,1
T02S02092,2,S02,C0145,store,control,Core,89.82,31.44,1
T02S02093,2,S02,C0152,store,control,Premium,75.45,31.69,0
T02S02094,2,S02,C0159,store,control,Value,101.6,42.67,1
T02S02095,2,S02,C0166,ecommerce,control,Core,73.84,31.01,0
T02S02096,2,S02,C0173,store,control,Premium,99.96,34.99,1
T02S02097,2,S02,C0180,store,control,Value,72.21,30.33,0
T02S02098,2,S02,C0187,store,control,Core,96.13,40.37,1
T02S02099,2,S02,C0194,store,control,Premium,86.16,36.19,1
T02S02100,2,S02,C0001,ecommerce,control,Core,80.55,28.19,1
T02S02101,2,S02,C0008,store,control,Premium,110.95,46.6,1
T02S02102,2,S02,C0015,store,control,Value,71.12,29.87,0
T02S02103,2,S02,C0022,store,control,Core,101.64,42.69,1
T02S02104,2,S02,C0029,store,control,Premium,77.31,27.06,1
T02S02105,2,S02,C0036,ecommerce,control,Value,67.7,28.43,0
T02S02106,2,S02,C0043,store,control,Core,54.01,22.68,0
T02S02107,2,S02,C0050,store,control,Premium,100.84,42.35,1
T02S02108,2,S02,C0057,store,control,Value,95.97,33.59,1
T02S02109,2,S02,C0064,store,control,Core,68.16,28.63,0
T02S02110,2,S02,C0071,ecommerce,control,Premium,83.77,35.18,1
T02S02111,2,S02,C0078,store,control,Value,71.21,29.91,0
T02S02112,2,S02,C0085,store,control,Core,100.97,35.34,1
T02S02113,2,S02,C0092,store,control,Premium,57.92,24.33,0
T02S02114,2,S02,C0099,store,control,Value,64.49,27.08,0
T02S02115,2,S02,C0106,ecommerce,control,Core,70.26,29.51,0
T02S02116,2,S02,C0113,store,control,Premium,140.02,49.01,1
T02S02117,2,S02,C0120,store,control,Value,107.67,45.22,1
T02S02118,2,S02,C0127,store,control,Core,54.71,22.98,0
T02S02119,2,S02,C0134,store,control,Premium,104.09,43.72,1
T02S02120,2,S02,C0141,ecommerce,control,Value,86.78,30.37,1
T02S02121,2,S02,C0148,store,control,Core,73.45,30.85,0
T02S02122,2,S02,C0155,store,control,Premium,71.86,30.18,0
T02S02123,2,S02,C0162,store,control,Value,66.42,27.89,0
T02S02124,2,S02,C0169,store,control,Core,34.08,11.93,0
T02S02125,2,S02,C0176,ecommerce,control,Premium,76.43,32.1,1
T02S02126,2,S02,C0183,store,control,Value,54.28,22.8,0
T02S02127,2,S02,C0190,store,control,Core,47.88,20.11,0
T02S02128,2,S02,C0197,store,control,Premium,74.49,26.07,0
T02S02129,2,S02,C0004,store,control,Core,65.14,27.36,0
T02S02130,2,S02,C0011,ecommerce,control,Premium,109.71,46.08,1
T02S02131,2,S02,C0018,store,control,Value,94.17,39.55,1
T02S02132,2,S02,C0025,store,control,Core,66.78,23.37,0
T02S02133,2,S02,C0032,store,control,Premium,78.43,32.94,1
T02S02134,2,S02,C0039,store,control,Value,56.7,23.82,0
T02S02135,2,S02,C0046,ecommerce,control,Core,68.5,28.77,0
T02S02136,2,S02,C0053,store,control,Premium,76.44,26.76,1
T02S02137,2,S02,C0060,store,control,Value,72.87,30.61,0
T02S02138,2,S02,C0067,store,control,Core,87.97,36.95,1
T02S02139,2,S02,C0074,store,control,Premium,72.47,30.44,0
T02S02140,2,S02,C0081,ecommerce,control,Value,123.28,43.15,1
T02S02141,2,S02,C0088,store,control,Core,52.68,22.13,0
T02S02142,2,S02,C0095,store,control,Premium,123.58,51.9,1
T02S02143,2,S02,C0102,store,control,Value,62.09,26.08,0
T02S02144,2,S02,C0109,store,control,Core,51.84,18.14,0
T02S02145,2,S02,C0116,ecommerce,control,Premium,52.91,22.22,0
T02S02146,2,S02,C0123,store,control,Value,70.77,29.72,0
T02S02147,2,S02,C0130,store,control,Core,88.31,37.09,1
T02S02148,2,S02,C0137,store,control,Premium,90.53,31.69,1
T02S02149,2,S02,C0144,store,control,Value,65.47,27.5,0
T02S02150,2,S02,C0151,ecommerce,control,Core,91.49,38.43,1
T02S02151,2,S02,C0158,store,control,Premium,77.6,32.59,1
T02S02152,2,S02,C0165,store,control,Value,95.5,33.42,1
T02S02153,2,S02,C0172,store,control,Core,82.68,34.73,1
T02S02154,2,S02,C0179,store,control,Premium,56.05,23.54,0
T02S02155,2,S02,C0186,ecommerce,control,Value,75.8,31.83,0
T02S02156,2,S02,C0193,store,control,Core,58.14,20.35,0
T02S02157,2,S02,C0200,store,control,Premium,109.5,45.99,1
T02S02158,2,S02,C0007,store,control,Core,81.76,34.34,1
T02S02159,2,S02,C0014,store,control,Premium,87.63,36.8,1
T02S03000,2,S03,C0114,ecommerce,treatment,Value,130.19,45.57,1
T02S03001,2,S03,C0121,store,treatment,Core,93.8,39.4,1
T02S03002,2,S03,C0128,store,treatment,Premium,69.11,29.02,0
T02S03003,2,S03,C0135,store,treatment,Value,95.82,40.24,1
T02S03004,2,S03,C0142,store,treatment,Core,113.85,39.85,1
T02S03005,2,S03,C0149,ecommerce,treatment,Premium,101.82,42.76,1
T02S03006,2,S03,C0156,store,treatment,Value,127.67,53.62,1
T02S03007,2,S03,C0163,store,treatment,Core,76.15,31.98,1
T02S03008,2,S03,C0170,store,treatment,Premium,129.78,45.42,1
T02S03009,2,S03,C0177,store,treatment,Value,66.34,27.86,0
T02S03010,2,S03,C0184,ecommerce,treatment,Core,93.5,39.27,1
T02S03011,2,S03,C0191,store,treatment,Premium,100.93,42.39,1
T02S03012,2,S03,C0198,store,treatment,Value,112.89,39.51,1
T02S03013,2,S03,C0005,store,treatment,Premium,148.54,62.39,1
T02S03014,2,S03,C0012,store,treatment,Value,60.85,25.55,0
T02S03015,2,S03,C0019,ecommerce,treatment,Core,75.72,31.8,0
T02S03016,2,S03,C0026,store,treatment,Premium,126.18,44.16,1
T02S03017,2,S03,C0033,store,treatment,Value,78.6,33.01,1
T02S03018,2,S03,C0040,store,treatment,Core,85.45,35.89,1
T02S03019,2,S03,C0047,store,treatment,Premium,147.04,61.76,1
T02S03020,2,S03,C0054,ecommerce,treatment,Value,83.12,29.09,1
T02S03021,2,S03,C0061,store,treatment,Core,85.19,35.78,1
T02S03022,2,S03,C0068,store,treatment,Premium,112.79,47.37,1
T02S03023,2,S03,C0075,store,treatment,Value,82.44,34.62,1
T02S03024,2,S03,C0082,store,treatment,Core,101.64,35.58,1
T02S03025,2,S03,C0089,ecommerce,treatment,Premium,60.79,25.53,0
T02S03026,2,S03,C0096,store,treatment,Value,89.32,37.51,1
T02S03027,2,S03,C0103,store,treatment,Core,69.34,29.12,0
T02S03028,2,S03,C0110,store,treatment,Premium,110.55,38.69,1
T02S03029,2,S03,C0117,store,treatment,Value,85.59,35.95,1
T02S03030,2,S03,C0124,ecommerce,treatment,Core,90.62,38.06,1
T02S03031,2,S03,C0131,store,treatment,Premium,84.36,35.43,1
T02S03032,2,S03,C0138,store,treatment,Value,110.61,38.71,1
T02S03033,2,S03,C0145,store,treatment,Core,65.91,27.68,0
T02S03034,2,S03,C0152,store,treatment,Premium,86.61,36.38,1
T02S03035,2,S03,C0159,ecommerce,treatment,Value,109.46,45.97,1
T02S03036,2,S03,C0166,store,treatment,Core,41.78,14.62,0
T02S03037,2,S03,C0173,store,treatment,Premium,91.16,38.29,1
T02S03038,2,S03,C0180,store,treatment,Value,81.01,34.02,1
T02S03039,2,S03,C0187,store,treatment,Core,97.75,41.06,1
T02S03040,2,S03,C0194,ecommerce,treatment,Premium,102.19,35.77,1
T02S03041,2,S03,C0001,store,treatment,Core,93.9,39.44,1
T02S03042,2,S03,C0008,store,treatment,Premium,130.96,55.0,1
T02S03043,2,S03,C0015,store,treatment,Value,110.61,46.46,1
T02S03044,2,S03,C0022,store,treatment,Core,92.03,32.21,1
T02S03045,2,S03,C0029,ecommerce,treatment,Premium,110.21,46.29,1
T02S03046,2,S03,C0036,store,treatment,Value,95.24,40.0,1
T02S03047,2,S03,C0043,store,treatment,Core,89.05,37.4,1
T02S03048,2,S03,C0050,store,treatment,Premium,85.53,29.93,1
T02S03049,2,S03,C0057,store,treatment,Value,108.75,45.67,1
T02S03050,2,S03,C0064,ecommerce,treatment,Core,98.37,41.31,1
T02S03051,2,S03,C0071,store,treatment,Premium,119.86,50.34,1
T02S03052,2,S03,C0078,store,treatment,Value,78.76,27.57,1
T02S03053,2,S03,C0085,store,treatment,Core,56.88,23.89,0
T02S03054,2,S03,C0092,store,treatment,Premium,91.41,38.39,1
T02S03055,2,S03,C0099,ecommerce,treatment,Value,68.26,28.67,0
T02S03056,2,S03,C0106,store,treatment,Core,70.52,24.68,0
T02S03057,2,S03,C0113,store,treatment,Premium,94.31,39.61,1
T02S03058,2,S03,C0120,store,treatment,Value,95.19,39.98,1
T02S03059,2,S03,C0127,store,treatment,Core,132.66,55.72,1
T02S03060,2,S03,C0134,ecommerce,treatment,Premium,79.82,27.94,1
T02S03061,2,S03,C0141,store,treatment,Value,84.86,35.64,1
T02S03062,2,S03,C0148,store,treatment,Core,83.3,34.99,1
T02S03063,2,S03,C0155,store,treatment,Premium,105.5,44.31,1
T02S03064,2,S03,C0162,store,treatment,Value,97.86,34.25,1
T02S03065,2,S03,C0169,ecommerce,treatment,Core,89.78,37.71,1
T02S03066,2,S03,C0176,store,treatment,Premium,146.02,61.33,1
T02S03067,2,S03,C0183,store,treatment,Value,75.85,31.86,0
T02S03068,2,S03,C0190,store,treatment,Core,91.06,31.87,1
T02S03069,2,S03,C0197,store,treatment,Premium,113.17,47.53,1
T02S03070,2,S03,C0004,ecommerce,treatment,Core,77.08,32.37,1
T02S03071,2,S03,C0011,store,treatment,Premium,128.14,53.82,1
T02S03072,2,S03,C0018,store,treatment,Value,107.86,37.75,1
T02S03073,2,S03,C0025,store,treatment,Core,95.61,40.16,1
T02S03074,2,S03,C0032,store,treatment,Premium,110.46,46.39,1
T02S03075,2,S03,C0039,ecommerce,treatment,Value,100.43,42.18,1
T02S03076,2,S03,C0046,store,treatment,Core,105.76,37.02,1
T02S03077,2,S03,C0053,store,treatment,Premium,113.37,47.61,1
T02S03078,2,S03,C0060,store,treatment,Value,87.7,36.83,1
T02S03079,2,S03,C0067,store,treatment,Core,128.85,54.12,1
T02S03080,2,S03,C0074,ecommerce,treatment,Premium,120.68,42.24,1
T02S03081,2,S03,C0081,store,treatment,Value,67.11,28.19,0
T02S03082,2,S03,C0088,store,treatment,Core,100.77,42.32,1
T02S03083,2,S03,C0095,store,treatment,Premium,126.19,53.0,1
T02S03084,2,S03,C0102,store,treatment,Value,107.17,37.51,1
T02S03085,2,S03,C0109,ecommerce,treatment,Core,67.0,28.14,0
T02S03086,2,S03,C0116,store,treatment,Premium,121.26,50.93,1
T02S03087,2,S03,C0123,store,treatment,Value,116.83,49.07,1
T02S03088,2,S03,C0130,store,treatment,Core,110.18,38.56,1
T02S03089,2,S03,C0137,store,treatment,Premium,105.74,44.41,1
T02S03090,2,S03,C0144,ecommerce,treatment,Value,79.82,33.52,1
T02S03091,2,S03,C0151,store,treatment,Core,100.35,42.15,1
T02S03092,2,S03,C0158,store,treatment,Premium,124.67,43.63,1
T02S03093,2,S03,C0165,store,treatment,Value,91.53,38.44,1
T02S03094,2,S03,C0172,store,treatment,Core,104.17,43.75,1
T02S03095,2,S03,C0179,ecommerce,treatment,Premium,109.55,46.01,1
T02S03096,2,S03,C0186,store,treatment,Value,103.51,36.23,1
T02S03097,2,S03,C0193,store,treatment,Core,72.98,30.65,0
T02S03098,2,S03,C0200,store,treatment,Premium,107.85,45.3,1
T02S03099,2,S03,C0007,store,treatment,Core,101.66,42.7,1
T02S03100,2,S03,C0014,ecommerce,treatment,Premium,144.8,50.68,1
T02S03101,2,S03,C0021,store,treatment,Value,117.28,49.26,1
T02S03102,2,S03,C0028,store,treatment,Core,97.23,40.84,1
T02S03103,2,S03,C0035,store,treatment,Premium,63.8,26.8,0
T02S03104,2,S03,C0042,store,treatment,Value,77.08,26.98,1
T02S03105,2,S03,C0049,ecommerce,treatment,Core,93.02,39.07,1
T02S03106,2,S03,C0056,store,treatment,Premium,122.99,51.65,1
T02S03107,2,S03,C0063,store,treatment,Value,91.71,38.52,1
T02S03108,2,S03,C0070,store,treatment,Core,86.38,30.23,1
T02S03109,2,S03,C0077,store,treatment,Premium,124.48,52.28,1
T02S03110,2,S03,C0084,ecommerce,treatment,Value,78.3,32.89,1
T02S03111,2,S03,C0091,store,treatment,Core,105.58,44.34,1
T02S03112,2,S03,C0098,store,treatment,Premium,139.87,48.96,1
T02S03113,2,S03,C0105,store,treatment,Value,69.28,29.1,0
T02S03114,2,S03,C0112,store,treatment,Core,51.01,21.42,0
T02S03115,2,S03,C0119,ecommerce,treatment,Premium,99.06,41.61,1
T02S03116,2,S03,C0126,store,treatment,Value,93.77,32.82,1
T02S03117,2,S03,C0133,store,treatment,Core,107.36,45.09,1
T02S03118,2,S03,C0140,store,treatment,Premium,122.34,51.38,1
T02S03119,2,S03,C0147,store,treatment,Value,93.87,39.43,1
T02S03120,2,S03,C0154,ecommerce,treatment,Core,122.3,42.8,1
T02S03121,2,S03,C0161,store,treatment,Premium,88.33,37.1,1
T02S03122,2,S03,C0168,store,treatment,Value,80.09,33.64,1
T02S03123,2,S03,C0175,store,treatment,Core,77.84,32.69,1
T02S03124,2,S03,C0182,store,treatment,Premium,101.07,35.37,1
T02S03125,2,S03,C0189,ecommerce,treatment,Value,102.24,42.94,1
T02S03126,2,S03,C0196,store,treatment,Core,107.58,45.18,1
T02S03127,2,S03,C0003,store,treatment,Value,99.73,41.89,1
T02S03128,2,S03,C0010,store,treatment,Core,132.55,46.39,1
T02S03129,2,S03,C0017,store,treatment,Premium,98.75,41.47,1
T02S03130,2,S03,C0024,ecommerce,treatment,Value,107.37,45.09,1
T02S03131,2,S03,C0031,store,treatment,Core,112.61,47.3,1
T02S03132,2,S03,C0038,store,treatment,Premium,107.22,37.53,1
T02S03133,2,S03,C0045,store,treatment,Value,89.46,37.58,1
T02S03134,2,S03,C0052,store,treatment,Core,98.84,41.51,1
T02S03135,2,S03,C0059,ecommerce,treatment,Premium,94.74,39.79,1
T02S03136,2,S03,C0066,store,treatment,Value,102.72,35.95,1
T02S03137,2,S03,C0073,store,treatment,Core,109.63,46.04,1
T02S03138,2,S03,C0080,store,treatment,Premium,101.18,42.49,1
T02S03139,2,S03,C0087,store,treatment,Value,84.41,35.45,1
T02S03140,2,S03,C0094,ecommerce,treatment,Core,109.35,38.27,1
T02S03141,2,S03,C0101,store,treatment,Premium,111.46,46.81,1
T02S03142,2,S03,C0108,store,treatment,Value,85.58,35.94,1
T02S03143,2,S03,C0115,store,treatment,Core,99.36,41.73,1
T02S03144,2,S03,C0122,store,treatment,Premium,125.65,43.98,1
T02S03145,2,S03,C0129,ecommerce,treatment,Value,69.18,29.06,0
T02S03146,2,S03,C0136,store,treatment,Core,114.02,47.89,1
T02S03147,2,S03,C0143,store,treatment,Premium,102.83,43.19,1
T02S03148,2,S03,C0150,store,treatment,Value,81.77,28.62,1
T02S03149,2,S03,C0157,store,treatment,Core,100.65,42.27,1
T02S03150,2,S03,C0164,ecommerce,treatment,Premium,108.72,45.66,1
T02S03151,2,S03,C0171,store,treatment,Value,101.36,42.57,1
T02S03152,2,S03,C0178,store,treatment,Core,97.33,34.07,1
T02S03153,2,S03,C0185,store,treatment,Premium,89.81,37.72,1
T02S03154,2,S03,C0192,store,treatment,Value,114.27,47.99,1
T02S03155,2,S03,C0199,ecommerce,treatment,Core,146.03,61.33,1
T02S03156,2,S03,C0006,store,treatment,Value,97.79,34.22,1
T02S03157,2,S03,C0013,store,treatment,Core,95.91,40.28,1
T02S03158,2,S03,C0020,store,treatment,Premium,116.72,49.02,1
T02S03159,2,S03,C0027,store,treatment,Value,77.03,32.35,1
T02S04000,2,S04,C0127,ecommerce,control,Core,103.0,36.05,1
T02S04001,2,S04,C0134,store,control,Premium,84.44,35.46,1
T02S04002,2,S04,C0141,store,control,Value,90.33,37.94,1
T02S04003,2,S04,C0148,store,control,Core,71.37,29.97,0
T02S04004,2,S04,C0155,store,control,Premium,81.78,28.62,1
T02S04005,2,S04,C0162,ecommerce,control,Value,68.42,28.74,0
T02S04006,2,S04,C0169,store,control,Core,67.53,28.36,0
T02S04007,2,S04,C0176,store,control,Premium,68.1,28.6,0
T02S04008,2,S04,C0183,store,control,Value,76.43,26.75,1
T02S04009,2,S04,C0190,store,control,Core,79.14,33.24,1
T02S04010,2,S04,C0197,ecommerce,control,Premium,96.15,40.38,1
T02S04011,2,S04,C0004,store,control,Core,99.46,41.77,1
T02S04012,2,S04,C0011,store,control,Premium,76.59,26.81,1
T02S04013,2,S04,C0018,store,control,Value,79.82,33.52,1
T02S04014,2,S04,C0025,store,control,Core,71.84,30.17,0
T02S04015,2,S04,C0032,ecommerce,control,Premium,123.69,51.95,1
T02S04016,2,S04,C0039,store,control,Value,84.01,29.4,1
T02S04017,2,S04,C0046,store,control,Core,49.49,20.79,0
T02S04018,2,S04,C0053,store,control,Premium,94.48,39.68,1
T02S04019,2,S04,C0060,store,control,Value,55.93,23.49,0
T02S04020,2,S04,C0067,ecommerce,control,Core,78.91,27.62,1
T02S04021,2,S04,C0074,store,control,Premium,99.06,41.6,1
T02S04022,2,S04,C0081,store,control,Value,94.66,39.76,1
T02S04023,2,S04,C0088,store,control,Core,76.71,32.22,1
T02S04024,2,S04,C0095,store,control,Premium,85.27,29.84,1
T02S04025,2,S04,C0102,ecommerce,control,Value,86.8,36.46,1
T02S04026,2,S04,C0109,store,control,Core,101.54,42.65,1
T02S04027,2,S04,C0116,store,control,Premium,71.22,29.91,0
T02S04028,2,S04,C0123,store,control,Value,101.08,35.38,1
T02S04029,2,S04,C0130,store,control,Core,91.48,38.42,1
T02S04030,2,S04,C0137,ecommerce,control,Premium,86.02,36.13,1
T02S04031,2,S04,C0144,store,control,Value,83.22,34.95,1
T02S04032,2,S04,C0151,store,control,Core,81.15,28.4,1
T02S04033,2,S04,C0158,store,control,Premium,105.22,44.19,1
T02S04034,2,S04,C0165,store,control,Value,61.82,25.96,0
T02S04035,2,S04,C0172,ecommerce,control,Core,63.41,26.63,0
T02S04036,2,S04,C0179,store,control,Premium,64.7,22.64,0
T02S04037,2,S04,C0186,store,control,Value,61.46,25.81,0
T02S04038,2,S04,C0193,store,control,Core,80.85,33.96,1
T02S04039,2,S04,C0200,store,control,Premium,74.4,31.25,0
T02S04040,2,S04,C0007,ecommerce,control,Core,54.88,19.21,0
T02S04041,2,S04,C0014,store,control,Premium,77.82,32.69,1
T02S04042,2,S04,C0021,store,control,Value,87.49,36.74,1
T02S04043,2,S04,C0028,store,control,Core,55.66,23.38,0
T02S04044,2,S04,C0035,store,control,Premium,76.87,26.91,1
T02S04045,2,S04,C0042,ecommerce,control,Value,61.42,25.8,0
T02S04046,2,S04,C0049,store,control,Core,83.86,35.22,1
T02S04047,2,S04,C0056,store,control,Premium,65.49,27.51,0
T02S04048,2,S04,C0063,store,control,Value,96.05,33.62,1
T02S04049,2,S04,C0070,store,control,Core,63.81,26.8,0
T02S04050,2,S04,C0077,ecommerce,control,Premium,91.51,38.44,1
T02S04051,2,S04,C0084,store,control,Value,86.64,36.39,1
T02S04052,2,S04,C0091,store,control,Core,105.72,37.0,1
T02S04053,2,S04,C0098,store,control,Premium,90.0,37.8,1
T02S04054,2,S04,C0105,store,control,Value,27.73,11.65,0
T02S04055,2,S04,C0112,ecommerce,control,Core,41.15,17.28,0
T02S04056,2,S04,C0119,store,control,Premium,104.72,36.65,1
T02S04057,2,S04,C0126,store,control,Value,45.45,19.09,0
T02S04058,2,S04,C0133,store,control,Core,91.18,38.29,1
T02S04059,2,S04,C0140,store,control,Premium,77.07,32.37,1
T02S04060,2,S04,C0147,ecommerce,control,Value,115.54,40.44,1
T02S04061,2,S04,C0154,store,control,Core,66.13,27.78,0
T02S04062,2,S04,C0161,store,control,Premium,86.6,36.37,1
T02S04063,2,S04,C0168,store,control,Value,98.78,41.49,1
T02S04064,2,S04,C0175,store,control,Core,67.71,23.7,0
T02S04065,2,S04,C0182,ecommerce,control,Premium,94.0,39.48,1
T02S04066,2,S04,C0189,store,control,Value,47.5,19.95,0
T02S04067,2,S04,C0196,store,control,Core,110.85,46.56,1
T02S04068,2,S04,C0003,store,control,Value,95.59,33.46,1
T02S04069,2,S04,C0010,store,control,Core,101.36,42.57,1
T02S04070,2,S04,C0017,ecommerce,control,Premium,65.5,27.51,0
T02S04071,2,S04,C0024,store,control,Value,44.08,18.51,0
T02S04072,2,S04,C0031,store,control,Core,59.29,20.75,0
T02S04073,2,S04,C0038,store,control,Premium,78.27,32.87,1
T02S04074,2,S04,C0045,store,control,Value,84.64,35.55,1
T02S04075,2,S04,C0052,ecommerce,control,Core,89.87,37.74,1
T02S04076,2,S04,C0059,store,control,Premium,82.84,29.0,1
T02S04077,2,S04,C0066,store,control,Value,88.19,37.04,1
T02S04078,2,S04,C0073,store,control,Core,94.77,39.8,1
T02S04079,2,S04,C0080,store,control,Premium,91.02,38.23,1
T02S04080,2,S04,C0087,ecommerce,control,Value,55.2,19.32,0
T02S04081,2,S04,C0094,store,control,Core,73.31,30.79,0
T02S04082,2,S04,C0101,store,control,Premium,120.82,50.74,1
T02S04083,2,S04,C0108,store,control,Value,78.97,33.17,1
T02S04084,2,S04,C0115,store,control,Core,93.43,32.7,1
T02S04085,2,S04,C0122,ecommerce,control,Premium,62.01,26.04,0
T02S04086,2,S04,C0129,store,control,Value,46.71,19.62,0
T02S04087,2,S04,C0136,store,control,Core,75.52,31.72,0
T02S04088,2,S04,C0143,store,control,Premium,69.66,24.38,0
T02S04089,2,S04,C0150,store,control,Value,65.49,27.51,0
T02S04090,2,S04,C0157,ecommerce,control,Core,78.6,33.01,1
T02S04091,2,S04,C0164,store,control,Premium,82.65,34.71,1
T02S04092,2,S04,C0171,store,control,Value,94.1,32.94,1
T02S04093,2,S04,C0178,store,control,Core,103.36,43.41,1
T02S04094,2,S04,C0185,store,control,Premium,82.54,34.67,1
T02S04095,2,S04,C0192,ecommerce,control,Value,76.74,32.23,1
T02S04096,2,S04,C0199,store,control,Core,62.56,21.9,0
T02S04097,2,S04,C0006,store,control,Value,100.62,42.26,1
T02S04098,2,S04,C0013,store,control,Core,87.04,36.56,1
T02S04099,2,S04,C0020,store,control,Premium,78.46,32.95,1
T02S04100,2,S04,C0027,ecommerce,control,Value,82.73,28.95,1
T02S04101,2,S04,C0034,store,control,Core,91.79,38.55,1
T02S04102,2,S04,C0041,store,control,Premium,81.37,34.17,1
T02S04103,2,S04,C0048,store,control,Value,76.78,32.25,1
T02S04104,2,S04,C0055,store,control,Core,85.48,29.92,1
T02S04105,2,S04,C0062,ecommerce,control,Premium,100.32,42.13,1
T02S04106,2,S04,C0069,store,control,Value,69.85,29.34,0
T02S04107,2,S04,C0076,store,control,Core,79.05,33.2,1
T02S04108,2,S04,C0083,store,control,Premium,83.01,29.05,1
T02S04109,2,S04,C0090,store,control,Value,82.03,34.45,1
T02S04110,2,S04,C0097,ecommerce,control,Core,75.48,31.7,0
T02S04111,2,S04,C0104,store,control,Premium,107.21,45.03,1
T02S04112,2,S04,C0111,store,control,Value,69.5,24.33,0
T02S04113,2,S04,C0118,store,control,Core,88.81,37.3,1
T02S04114,2,S04,C0125,store,control,Premium,73.14,30.72,0
T02S04115,2,S04,C0132,ecommerce,control,Value,88.27,37.07,1
T02S04116,2,S04,C0139,store,control,Core,87.15,30.5,1
T02S04117,2,S04,C0146,store,control,Premium,80.77,33.92,1
T02S04118,2,S04,C0153,store,control,Value,98.14,41.22,1
T02S04119,2,S04,C0160,store,control,Core,90.88,38.17,1
T02S04120,2,S04,C0167,ecommerce,control,Premium,83.16,29.1,1
T02S04121,2,S04,C0174,store,control,Value,47.52,19.96,0
T02S04122,2,S04,C0181,store,control,Core,67.25,28.24,0
T02S04123,2,S04,C0188,store,control,Premium,83.42,35.04,1
T02S04124,2,S04,C0195,store,control,Value,66.55,23.29,0
T02S04125,2,S04,C0002,ecommerce,control,Premium,59.94,25.17,0
T02S04126,2,S04,C0009,store,control,Value,83.86,35.22,1
T02S04127,2,S04,C0016,store,control,Core,67.77,28.46,0
T02S04128,2,S04,C0023,store,control,Premium,97.07,33.97,1
T02S04129,2,S04,C0030,store,control,Value,49.47,20.78,0
T02S04130,2,S04,C0037,ecommerce,control,Core,63.61,26.72,0
T02S04131,2,S04,C0044,store,control,Premium,118.81,49.9,1
T02S04132,2,S04,C0051,store,control,Value,52.33,18.32,0
T02S04133,2,S04,C0058,store,control,Core,51.02,21.43,0
T02S04134,2,S04,C0065,store,control,Premium,69.45,29.17,0
T02S04135,2,S04,C0072,ecommerce,control,Value,91.88,38.59,1
T02S04136,2,S04,C0079,store,control,Core,78.63,27.52,1
T02S04137,2,S04,C0086,store,control,Premium,98.28,41.28,1
T02S04138,2,S04,C0093,store,control,Value,77.53,32.56,1
T02S04139,2,S04,C0100,store,control,Core,83.4,35.03,1
T02S04140,2,S04,C0107,ecommerce,control,Premium,91.54,32.04,1
T02S04141,2,S04,C0114,store,control,Value,97.3,40.87,1
T02S04142,2,S04,C0121,store,control,Core,97.2,40.83,1
T02S04143,2,S04,C0128,store,control,Premium,97.6,40.99,1
T02S04144,2,S04,C0135,store,control,Value,104.58,36.6,1
T02S04145,2,S04,C0142,ecommerce,control,Core,106.38,44.68,1
T02S04146,2,S04,C0149,store,control,Premium,106.48,44.72,1
T02S04147,2,S04,C0156,store,control,Value,63.78,26.79,0
T02S04148,2,S04,C0163,store,control,Core,62.48,21.87,0
T02S04149,2,S04,C0170,store,control,Premium,92.92,39.03,1
T02S04150,2,S04,C0177,ecommerce,control,Value,69.24,29.08,0
T02S04151,2,S04,C0184,store,control,Core,70.07,29.43,0
T02S04152,2,S04,C0191,store,control,Premium,93.09,32.58,1
T02S04153,2,S04,C0198,store,control,Value,81.57,34.26,1
T02S04154,2,S04,C0005,store,control,Premium,91.87,38.59,1
T02S04155,2,S04,C0012,ecommerce,control,Value,68.04,28.58,0
T02S04156,2,S04,C0019,store,control,Core,70.7,24.74,0
T02S04157,2,S04,C0026,store,control,Premium,81.14,34.08,1
T02S04158,2,S04,C0033,store,control,Value,59.63,25.04,0
T02S04159,2,S04,C0040,store,control,Core,78.37,32.92,1
T02S05000,2,S05,C0140,ecommerce,treatment,Premium,104.74,36.66,1
T02S05001,2,S05,C0147,store,treatment,Value,95.91,40.28,1
T02S05002,2,S05,C0154,store,treatment,Core,102.77,43.17,1
T02S05003,2,S05,C0161,store,treatment,Premium,97.9,41.12,1
T02S05004,2,S05,C0168,store,treatment,Value,100.14,35.05,1
T02S05005,2,S05,C0175,ecommerce,treatment,Core,125.72,52.8,1
T02S05006,2,S05,C0182,store,treatment,Premium,86.98,36.53,1
T02S05007,2,S05,C0189,store,treatment,Value,62.6,26.29,0
T02S05008,2,S05,C0196,store,treatment,Core,101.01,35.35,1
T02S05009,2,S05,C0003,store,treatment,Value,85.79,36.03,1
T02S05010,2,S05,C0010,ecommerce,treatment,Core,92.32,38.78,1
T02S05011,2,S05,C0017,store,treatment,Premium,82.16,34.51,1
T02S05012,2,S05,C0024,store,treatment,Value,44.12,15.44,0
T02S05013,2,S05,C0031,store,treatment,Core,118.5,49.77,1
T02S05014,2,S05,C0038,store,treatment,Premium,108.13,45.42,1
T02S05015,2,S05,C0045,ecommerce,treatment,Value,76.63,32.18,1
T02S05016,2,S05,C0052,store,treatment,Core,87.27,30.55,1
T02S05017,2,S05,C0059,store,treatment,Premium,114.81,48.22,1
T02S05018,2,S05,C0066,store,treatment,Value,116.02,48.73,1
T02S05019,2,S05,C0073,store,treatment,Core,102.43,43.02,1
T02S05020,2,S05,C0080,ecommerce,treatment,Premium,56.24,19.68,0
T02S05021,2,S05,C0087,store,treatment,Value,102.3,42.96,1
T02S05022,2,S05,C0094,store,treatment,Core,91.77,38.54,1
T02S05023,2,S05,C0101,store,treatment,Premium,97.97,41.15,1
T02S05024,2,S05,C0108,store,treatment,Value,98.72,34.55,1
T02S05025,2,S05,C0115,ecommerce,treatment,Core,110.96,46.6,1
T02S05026,2,S05,C0122,store,treatment,Premium,98.78,41.49,1
T02S05027,2,S05,C0129,store,treatment,Value,74.58,31.32,0
T02S05028,2,S05,C0136,store,treatment,Core,92.07,32.22,1
T02S05029,2,S05,C0143,store,treatment,Premium,106.32,44.65,1
T02S05030,2,S05,C0150,ecommerce,treatment,Value,97.82,41.08,1
T02S05031,2,S05,C0157,store,treatment,Core,70.51,29.61,0
T02S05032,2,S05,C0164,store,treatment,Premium,124.57,43.6,1
T02S05033,2,S05,C0171,store,treatment,Value,48.91,20.54,0
T02S05034,2,S05,C0178,store,treatment,Core,83.27,34.98,1
T02S05035,2,S05,C0185,ecommerce,treatment,Premium,99.27,41.69,1
T02S05036,2,S05,C0192,store,treatment,Value,77.8,27.23,1
T02S05037,2,S05,C0199,store,treatment,Core,98.71,41.46,1
T02S05038,2,S05,C0006,store,treatment,Value,98.29,41.28,1
T02S05039,2,S05,C0013,store,treatment,Core,38.79,16.29,0
T02S05040,2,S05,C0020,ecommerce,treatment,Premium,91.72,32.1,1
T02S05041,2,S05,C0027,store,treatment,Value,98.98,41.57,1
T02S05042,2,S05,C0034,store,treatment,Core,57.4,24.11,0
T02S05043,2,S05,C0041,store,treatment,Premium,103.13,43.31,1
T02S05044,2,S05,C0048,store,treatment,Value,71.68,25.09,0
T02S05045,2,S05,C0055,ecommerce,treatment,Core,95.48,40.1,1
T02S05046,2,S05,C0062,store,treatment,Premium,73.31,30.79,0
T02S05047,2,S05,C0069,store,treatment,Value,103.99,43.67,1
T02S05048,2,S05,C0076,store,treatment,Core,81.85,28.65,1
T02S05049,2,S05,C0083,store,treatment,Premium,117.61,49.4,1
T02S05050,2,S05,C0090,ecommerce,treatment,Value,83.03,34.87,1
T02S05051,2,S05,C0097,store,treatment,Core,79.54,33.41,1
T02S05052,2,S05,C0104,store,treatment,Premium,81.95,28.68,1
T02S05053,2,S05,C0111,store,treatment,Value,84.64,35.55,1
T02S05054,2,S05,C0118,store,treatment,Core,109.16,45.85,1
T02S05055,2,S05,C0125,ecommerce,treatment,Premium,113.59,47.71,1
T02S05056,2,S05,C0132,store,treatment,Value,101.26,35.44,1
T02S05057,2,S05,C0139,store,treatment,Core,73.43,30.84,0
T02S05058,2,S05,C0146,store,treatment,Premium,82.94,34.83,1
T02S05059,2,S05,C0153,store,treatment,Value,98.0,41.16,1
T02S05060,2,S05,C0160,ecommerce,treatment,Core,77.92,27.27,1
T02S05061,2,S05,C0167,store,treatment,Premium,85.08,35.73,1
T02S05062,2,S05,C0174,store,treatment,Value,64.47,27.08,0
T02S05063,2,S05,C0181,store,treatment,Core,97.03,40.75,1
T02S05064,2,S05,C0188,store,treatment,Premium,70.96,24.83,0
T02S05065,2,S05,C0195,ecommerce,treatment,Value,69.59,29.23,0
T02S05066,2,S05,C0002,store,treatment,Premium,122.85,51.6,1
T02S05067,2,S05,C0009,store,treatment,Value,79.41,33.35,1
T02S05068,2,S05,C0016,store,treatment,Core,84.97,29.74,1
T02S05069,2,S05,C0023,store,treatment,Premium,121.39,50.98,1
T02S05070,2,S05,C0030,ecommerce,treatment,Value,91.59,38.47,1
T02S05071,2,S05,C0037,store,treatment,Core,117.62,49.4,1
T02S05072,2,S05,C0044,store,treatment,Premium,106.61,37.31,1
T02S05073,2,S05,C0051,store,treatment,Value,66.0,27.72,0
T02S05074,2,S05,C0058,store,treatment,Core,92.94,39.03,1
T02S05075,2,S05,C0065,ecommerce,treatment,Premium,79.42,33.36,1
T02S05076,2,S05,C0072,store,treatment,Value,85.59,29.96,1
T02S05077,2,S05,C0079,store,treatment,Core,77.0,32.34,1
T02S05078,2,S05,C0086,store,treatment,Premium,126.62,53.18,1
T02S05079,2,S05,C0093,store,treatment,Value,82.13,34.49,1
T02S05080,2,S05,C0100,ecommerce,treatment,Core,79.44,27.8,1
T02S05081,2,S05,C0107,store,treatment,Premium,101.76,42.74,1
T02S05082,2,S05,C0114,store,treatment,Value,111.14,46.68,1
T02S05083,2,S05,C0121,store,treatment,Core,121.78,51.15,1
T02S05084,2,S05,C0128,store,treatment,Premium,85.94,30.08,1
T02S05085,2,S05,C0135,ecommerce,treatment,Value,75.12,31.55,0
T02S05086,2,S05,C0142,store,treatment,Core,103.2,43.34,1
T02S05087,2,S05,C0149,store,treatment,Premium,92.48,38.84,1
T02S05088,2,S05,C0156,store,treatment,Value,55.0,19.25,0
T02S05089,2,S05,C0163,store,treatment,Core,81.46,34.21,1
T02S05090,2,S05,C0170,ecommerce,treatment,Premium,80.75,33.92,1
T02S05091,2,S05,C0177,store,treatment,Value,92.19,38.72,1
T02S05092,2,S05,C0184,store,treatment,Core,79.47,27.82,1
T02S05093,2,S05,C0191,store,treatment,Premium,88.7,37.25,1
T02S05094,2,S05,C0198,store,treatment,Value,82.57,34.68,1
T02S05095,2,S05,C0005,ecommerce,treatment,Premium,126.65,53.19,1
T02S05096,2,S05,C0012,store,treatment,Value,69.65,24.38,0
T02S05097,2,S05,C0019,store,treatment,Core,56.69,23.81,0
T02S05098,2,S05,C0026,store,treatment,Premium,116.01,48.72,1
T02S05099,2,S05,C0033,store,treatment,Value,93.21,39.15,1
T02S05100,2,S05,C0040,ecommerce,treatment,Core,68.34,23.92,0
T02S05101,2,S05,C0047,store,treatment,Premium,71.23,29.92,0
T02S05102,2,S05,C0054,store,treatment,Value,80.51,33.81,1
T02S05103,2,S05,C0061,store,treatment,Core,107.53,45.16,1
T02S05104,2,S05,C0068,store,treatment,Premium,79.15,27.7,1
T02S05105,2,S05,C0075,ecommerce,treatment,Value,75.48,31.7,0
T02S05106,2,S05,C0082,store,treatment,Core,83.1,34.9,1
T02S05107,2,S05,C0089,store,treatment,Premium,106.57,44.76,1
T02S05108,2,S05,C0096,store,treatment,Value,97.45,34.11,1
T02S05109,2,S05,C0103,store,treatment,Core,84.22,35.37,1
T02S05110,2,S05,C0110,ecommerce,treatment,Premium,136.53,57.34,1
T02S05111,2,S05,C0117,store,treatment,Value,102.59,43.09,1
T02S05112,2,S05,C0124,store,treatment,Core,87.59,30.66,1
T02S05113,2,S05,C0131,store,treatment,Premium,84.35,35.43,1
T02S05114,2,S05,C0138,store,treatment,Value,109.49,45.99,1
T02S05115,2,S05,C0145,ecommerce,treatment,Core,91.24,38.32,1
T02S05116,2,S05,C0152,store,treatment,Premium,84.47,29.56,1
T02S05117,2,S05,C0159,store,treatment,Value,77.29,32.46,1
T02S05118,2,S05,C0166,store,treatment,Core,76.61,32.18,1
T02S05119,2,S05,C0173,store,treatment,Premium,93.15,39.12,1
T02S05120,2,S05,C0180,ecommerce,treatment,Value,57.22,20.03,0
T02S05121,2,S05,C0187,store,treatment,Core,77.94,32.73,1
T02S05122,2,S05,C0194,store,treatment,Premium,89.09,37.42,1
T02S05123,2,S05,C0001,store,treatment,Core,66.16,27.79,0
T02S05124,2,S05,C0008,store,treatment,Premium,130.32,45.61,1
T02S05125,2,S05,C0015,ecommerce,treatment,Value,104.53,43.9,1
T02S05126,2,S05,C0022,store,treatment,Core,78.55,32.99,1
T02S05127,2,S05,C0029,store,treatment,Premium,82.27,34.55,1
T02S05128,2,S05,C0036,store,treatment,Value,139.55,48.84,1
T02S05129,2,S05,C0043,store,treatment,Core,78.64,33.03,1
T02S05130,2,S05,C0050,ecommerce,treatment,Premium,102.69,43.13,1
T02S05131,2,S05,C0057,store,treatment,Value,90.89,38.17,1
T02S05132,2,S05,C0064,store,treatment,Core,102.34,35.82,1
T02S05133,2,S05,C0071,store,treatment,Premium,64.91,27.26,0
T02S05134,2,S05,C0078,store,treatment,Value,86.88,36.49,1
T02S05135,2,S05,C0085,ecommerce,treatment,Core,84.28,35.4,1
T02S05136,2,S05,C0092,store,treatment,Premium,96.37,33.73,1
T02S05137,2,S05,C0099,store,treatment,Value,100.34,42.14,1
T02S05138,2,S05,C0106,store,treatment,Core,104.39,43.85,1
T02S05139,2,S05,C0113,store,treatment,Premium,94.98,39.89,1
T02S05140,2,S05,C0120,ecommerce,treatment,Value,82.55,28.89,1
T02S05141,2,S05,C0127,store,treatment,Core,103.92,43.65,1
T02S05142,2,S05,C0134,store,treatment,Premium,112.26,47.15,1
T02S05143,2,S05,C0141,store,treatment,Value,72.37,30.4,0
T02S05144,2,S05,C0148,store,treatment,Core,81.14,28.4,1
T02S05145,2,S05,C0155,ecommerce,treatment,Premium,97.52,40.96,1
T02S05146,2,S05,C0162,store,treatment,Value,103.07,43.29,1
T02S05147,2,S05,C0169,store,treatment,Core,102.52,43.06,1
T02S05148,2,S05,C0176,store,treatment,Premium,104.64,36.62,1
T02S05149,2,S05,C0183,store,treatment,Value,86.46,36.31,1
T02S05150,2,S05,C0190,ecommerce,treatment,Core,69.67,29.26,0
T02S05151,2,S05,C0197,store,treatment,Premium,98.79,41.49,1
T02S05152,2,S05,C0004,store,treatment,Core,76.39,26.74,1
T02S05153,2,S05,C0011,store,treatment,Premium,83.72,35.16,1
T02S05154,2,S05,C0018,store,treatment,Value,98.72,41.46,1
T02S05155,2,S05,C0025,ecommerce,treatment,Core,90.31,37.93,1
T02S05156,2,S05,C0032,store,treatment,Premium,88.46,30.96,1
T02S05157,2,S05,C0039,store,treatment,Value,60.49,25.4,0
T02S05158,2,S05,C0046,store,treatment,Core,88.55,37.19,1
T02S05159,2,S05,C0053,store,treatment,Premium,93.32,39.19,1
T02S06000,2,S06,C0153,ecommerce,control,Value,75.4,26.39,0
T02S06001,2,S06,C0160,store,control,Core,66.79,28.05,0
T02S06002,2,S06,C0167,store,control,Premium,120.58,50.65,1
T02S06003,2,S06,C0174,store,control,Value,74.09,31.12,0
T02S06004,2,S06,C0181,store,control,Core,73.02,25.56,0
T02S06005,2,S06,C0188,ecommerce,control,Premium,83.67,35.14,1
T02S06006,2,S06,C0195,store,control,Value,72.81,30.58,0
T02S06007,2,S06,C0002,store,control,Premium,105.62,44.36,1
T02S06008,2,S06,C0009,store,control,Value,47.91,16.77,0
T02S06009,2,S06,C0016,store,control,Core,78.84,33.11,1
T02S06010,2,S06,C0023,ecommerce,control,Premium,76.18,32.0,1
T02S06011,2,S06,C0030,store,control,Value,89.01,37.38,1
T02S06012,2,S06,C0037,store,control,Core,72.34,25.32,0
T02S06013,2,S06,C0044,store,control,Premium,104.83,44.03,1
T02S06014,2,S06,C0051,store,control,Value,64.19,26.96,0
T02S06015,2,S06,C0058,ecommerce,control,Core,86.27,36.23,1
T02S06016,2,S06,C0065,store,control,Premium,115.6,40.46,1
T02S06017,2,S06,C0072,store,control,Value,75.61,31.76,0
T02S06018,2,S06,C0079,store,control,Core,73.89,31.03,0
T02S06019,2,S06,C0086,store,control,Premium,72.57,30.48,0
T02S06020,2,S06,C0093,ecommerce,control,Value,50.47,17.66,0
T02S06021,2,S06,C0100,store,control,Core,91.16,38.29,1
T02S06022,2,S06,C0107,store,control,Premium,77.56,32.57,1
T02S06023,2,S06,C0114,store,control,Value,73.89,31.03,0
T02S06024,2,S06,C0121,store,control,Core,84.98,29.74,1
T02S06025,2,S06,C0128,ecommerce,control,Premium,70.88,29.77,0
T02S06026,2,S06,C0135,store,control,Value,76.5,32.13,1
T02S06027,2,S06,C0142,store,control,Core,83.47,35.06,1
T02S06028,2,S06,C0149,store,control,Premium,91.17,31.91,1
T02S06029,2,S06,C0156,store,control,Value,69.88,29.35,0
T02S06030,2,S06,C0163,ecommerce,control,Core,57.47,24.14,0
T02S06031,2,S06,C0170,store,control,Premium,114.01,47.88,1
T02S06032,2,S06,C0177,store,control,Value,68.63,24.02,0
T02S06033,2,S06,C0184,store,control,Core,63.83,26.81,0
T02S06034,2,S06,C0191,store,control,Premium,61.32,25.75,0
T02S06035,2,S06,C0198,ecommerce,control,Value,88.29,37.08,1
T02S06036,2,S06,C0005,store,control,Premium,92.93,32.52,1
T02S06037,2,S06,C0012,store,control,Value,76.63,32.18,1
T02S06038,2,S06,C0019,store,control,Core,88.01,36.96,1
T02S06039,2,S06,C0026,store,control,Premium,85.47,35.9,1
T02S06040,2,S06,C0033,ecommerce,control,Value,59.22,20.73,0
T02S06041,2,S06,C0040,store,control,Core,83.66,35.14,1
T02S06042,2,S06,C0047,store,control,Premium,91.44,38.41,1
T02S06043,2,S06,C0054,store,control,Value,74.18,31.16,0
T02S06044,2,S06,C0061,store,control,Core,83.67,29.29,1
T02S06045,2,S06,C0068,ecommerce,control,Premium,64.97,27.29,0
T02S06046,2,S06,C0075,store,control,Value,76.07,31.95,1
T02S06047,2,S06,C0082,store,control,Core,105.17,44.17,1
T02S06048,2,S06,C0089,store,control,Premium,72.0,25.2,0
T02S06049,2,S06,C0096,store,control,Value,54.66,22.96,0
T02S06050,2,S06,C0103,ecommerce,control,Core,52.75,22.16,0
T02S06051,2,S06,C0110,store,control,Premium,58.27,24.47,0
T02S06052,2,S06,C0117,store,control,Value,58.7,20.54,0
T02S06053,2,S06,C0124,store,control,Core,70.41,29.57,0
T02S06054,2,S06,C0131,store,control,Premium,64.94,27.27,0
T02S06055,2,S06,C0138,ecommerce,control,Value,88.22,37.05,1
T02S06056,2,S06,C0145,store,control,Core,83.84,29.34,1
T02S06057,2,S06,C0152,store,control,Premium,98.54,41.38,1
T02S06058,2,S06,C0159,store,control,Value,64.21,26.97,0
T02S06059,2,S06,C0166,store,control,Core,84.67,35.56,1
T02S06060,2,S06,C0173,ecommerce,control,Premium,78.48,27.47,1
T02S06061,2,S06,C0180,store,control,Value,64.56,27.11,0
T02S06062,2,S06,C0187,store,control,Core,95.17,39.97,1
T02S06063,2,S06,C0194,store,control,Premium,118.92,49.95,1
T02S06064,2,S06,C0001,store,control,Core,74.09,25.93,0
T02S06065,2,S06,C0008,ecommerce,control,Premium,70.49,29.61,0
T02S06066,2,S06,C0015,store,control,Value,54.95,23.08,0
T02S06067,2,S06,C0022,store,control,Core,107.07,44.97,1
T02S06068,2,S06,C0029,store,control,Premium,89.9,31.46,1
T02S06069,2,S06,C0036,store,control,Value,64.16,26.95,0
T02S06070,2,S06,C0043,ecommerce,control,Core,30.75,12.91,0
T02S06071,2,S06,C0050,store,control,Premium,85.75,36.01,1
T02S06072,2,S06,C0057,store,control,Value,80.31,28.11,1
T02S06073,2,S06,C0064,store,control,Core,100.29,42.12,1
T02S06074,2,S06,C0071,store,control,Premium,96.61,40.58,1
T02S06075,2,S06,C0078,ecommerce,control,Value,72.88,30.61,0
T02S06076,2,S06,C0085,store,control,Core,81.1,28.38,1
T02S06077,2,S06,C0092,store,control,Premium,97.37,40.9,1
T02S06078,2,S06,C0099,store,control,Value,65.08,27.33,0
T02S06079,2,S06,C0106,store,control,Core,69.07,29.01,0
T02S06080,2,S06,C0113,ecommerce,control,Premium,75.41,26.39,0
T02S06081,2,S06,C0120,store,control,Value,63.77,26.78,0
T02S06082,2,S06,C0127,store,control,Core,54.32,22.82,0
T02S06083,2,S06,C0134,store,control,Premium,74.78,31.41,0
T02S06084,2,S06,C0141,store,control,Value,76.76,26.86,1
T02S06085,2,S06,C0148,ecommerce,control,Core,67.15,28.2,0
T02S06086,2,S06,C0155,store,control,Premium,63.73,26.77,0
T02S06087,2,S06,C0162,store,control,Value,76.78,32.25,1
T02S06088,2,S06,C0169,store,control,Core,80.91,28.32,1
T02S06089,2,S06,C0176,store,control,Premium,66.13,27.77,0
T02S06090,2,S06,C0183,ecommerce,control,Value,66.41,27.89,0
T02S06091,2,S06,C0190,store,control,Core,70.46,29.59,0
T02S06092,2,S06,C0197,store,control,Premium,107.87,37.75,1
T02S06093,2,S06,C0004,store,control,Core,66.81,28.06,0
T02S06094,2,S06,C0011,store,control,Premium,105.65,44.37,1
T02S06095,2,S06,C0018,ecommerce,control,Value,74.13,31.13,0
T02S06096,2,S06,C0025,store,control,Core,74.37,26.03,0
T02S06097,2,S06,C0032,store,control,Premium,112.71,47.34,1
T02S06098,2,S06,C0039,store,control,Value,56.51,23.74,0
T02S06099,2,S06,C0046,store,control,Core,62.22,26.13,0
T02S06100,2,S06,C0053,ecommerce,control,Premium,94.4,33.04,1
T02S06101,2,S06,C0060,store,control,Value,65.8,27.64,0
T02S06102,2,S06,C0067,store,control,Core,71.1,29.86,0
T02S06103,2,S06,C0074,store,control,Premium,99.48,41.78,1
T02S06104,2,S06,C0081,store,control,Value,71.49,25.02,0
T02S06105,2,S06,C0088,ecommerce,control,Core,60.18,25.28,0
T02S06106,2,S06,C0095,store,control,Premium,108.72,45.66,1
T02S06107,2,S06,C0102,store,control,Value,74.49,31.29,0
T02S06108,2,S06,C0109,store,control,Core,89.94,31.48,1
T02S06109,2,S06,C0116,store,control,Premium,102.03,42.85,1
T02S06110,2,S06,C0123,ecommerce,control,Value,73.09,30.7,0
T02S06111,2,S06,C0130,store,control,Core,74.01,31.08,0
T02S06112,2,S06,C0137,store,control,Premium,76.38,26.73,1
T02S06113,2,S06,C0144,store,control,Value,107.0,44.94,1
T02S06114,2,S06,C0151,store,control,Core,77.29,32.46,1
T02S06115,2,S06,C0158,ecommerce,control,Premium,86.67,36.4,1
T02S06116,2,S06,C0165,store,control,Value,62.06,21.72,0
T02S06117,2,S06,C0172,store,control,Core,83.14,34.92,1
T02S06118,2,S06,C0179,store,control,Premium,105.11,44.15,1
T02S06119,2,S06,C0186,store,control,Value,93.58,39.31,1
T02S06120,2,S06,C0193,ecommerce,control,Core,86.69,30.34,1
T02S06121,2,S06,C0200,store,control,Premium,55.99,23.51,0
T02S06122,2,S06,C0007,store,control,Core,25.19,10.58,0
T02S06123,2,S06,C0014,store,control,Premium,82.65,34.71,1
T02S06124,2,S06,C0021,store,control,Value,77.13,26.99,1
T02S06125,2,S06,C0028,ecommerce,control,Core,57.12,23.99,0
T02S06126,2,S06,C0035,store,control,Premium,114.05,47.9,1
T02S06127,2,S06,C0042,store,control,Value,107.35,45.09,1
T02S06128,2,S06,C0049,store,control,Core,66.58,23.3,0
T02S06129,2,S06,C0056,store,control,Premium,94.26,39.59,1
T02S06130,2,S06,C0063,ecommerce,control,Value,56.01,23.52,0
T02S06131,2,S06,C0070,store,control,Core,100.79,42.33,1
T02S06132,2,S06,C0077,store,control,Premium,102.04,35.71,1
T02S06133,2,S06,C0084,store,control,Value,43.91,18.44,0
T02S06134,2,S06,C0091,store,control,Core,52.96,22.24,0
T02S06135,2,S06,C0098,ecommerce,control,Premium,79.47,33.38,1
T02S06136,2,S06,C0105,store,control,Value,93.3,32.66,1
T02S06137,2,S06,C0112,store,control,Core,85.35,35.85,1
T02S06138,2,S06,C0119,store,control,Premium,92.79,38.97,1
T02S06139,2,S06,C0126,store,control,Value,97.08,40.77,1
T02S06140,2,S06,C0133,ecommerce,control,Core,104.17,36.46,1
T02S06141,2,S06,C0140,store,control,Premium,77.75,32.65,1
T02S06142,2,S06,C0147,store,control,Value,73.02,30.67,0
T02S06143,2,S06,C0154,store,control,Core,96.63,40.59,1
T02S06144,2,S06,C0161,store,control,Premium,85.63,29.97,1
T02S06145,2,S06,C0168,ecommerce,control,Value,81.7,34.31,1
T02S06146,2,S06,C0175,store,control,Core,81.38,34.18,1
T02S06147,2,S06,C0182,store,control,Premium,46.82,19.66,0
T02S06148,2,S06,C0189,store,control,Value,84.78,29.67,1
T02S06149,2,S06,C0196,store,control,Core,80.61,33.85,1
T02S06150,2,S06,C0003,ecommerce,control,Value,80.99,34.01,1
T02S06151,2,S06,C0010,store,control,Core,89.7,37.67,1
T02S06152,2,S06,C0017,store,control,Premium,117.21,41.02,1
T02S06153,2,S06,C0024,store,control,Value,68.43,28.74,0
T02S06154,2,S06,C0031,store,control,Core,100.98,42.41,1
T02S06155,2,S06,C0038,ecommerce,control,Premium,80.15,33.66,1
T02S06156,2,S06,C0045,store,control,Value,84.05,29.42,1
T02S06157,2,S06,C0052,store,control,Core,85.51,35.91,1
T02S06158,2,S06,C0059,store,control,Premium,88.5,37.17,1
T02S06159,2,S06,C0066,store,control,Value,72.33,30.38,0
T02S07000,2,S07,C0166,ecommerce,treatment,Core,106.01,37.1,1
T02S07001,2,S07,C0173,store,treatment,Premium,97.44,40.93,1
T02S07002,2,S07,C0180,store,treatment,Value,98.14,41.22,1
T02S07003,2,S07,C0187,store,treatment,Core,107.01,44.94,1
T02S07004,2,S07,C0194,store,treatment,Premium,133.26,46.64,1
T02S07005,2,S07,C0001,ecommerce,treatment,Core,83.74,35.17,1
T02S07006,2,S07,C0008,store,treatment,Premium,99.67,41.86,1
T02S07007,2,S07,C0015,store,treatment,Value,80.1,33.64,1
T02S07008,2,S07,C0022,store,treatment,Core,97.23,34.03,1
T02S07009,2,S07,C0029,store,treatment,Premium,117.21,49.23,1
T02S07010,2,S07,C0036,ecommerce,treatment,Value,83.89,35.23,1
T02S07011,2,S07,C0043,store,treatment,Core,94.59,39.73,1
T02S07012,2,S07,C0050,store,treatment,Premium,108.86,38.1,1
T02S07013,2,S07,C0057,store,treatment,Value,95.05,39.92,1
T02S07014,2,S07,C0064,store,treatment,Core,61.41,25.79,0
T02S07015,2,S07,C0071,ecommerce,treatment,Premium,99.59,41.83,1
T02S07016,2,S07,C0078,store,treatment,Value,108.4,37.94,1
T02S07017,2,S07,C0085,store,treatment,Core,88.1,37.0,1
T02S07018,2,S07,C0092,store,treatment,Premium,97.88,41.11,1
T02S07019,2,S07,C0099,store,treatment,Value,95.05,39.92,1
T02S07020,2,S07,C0106,ecommerce,treatment,Core,70.24,24.59,0
T02S07021,2,S07,C0113,store,treatment,Premium,99.68,41.87,1
T02S07022,2,S07,C0120,store,treatment,Value,84.36,35.43,1
T02S07023,2,S07,C0127,store,treatment,Core,80.07,33.63,1
T02S07024,2,S07,C0134,store,treatment,Premium,109.63,38.37,1
T02S07025,2,S07,C0141,ecommerce,treatment,Value,119.37,50.14,1
T02S07026,2,S07,C0148,store,treatment,Core,108.71,45.66,1
T02S07027,2,S07,C0155,store,treatment,Premium,121.48,51.02,1
T02S07028,2,S07,C0162,store,treatment,Value,81.46,28.51,1
T02S07029,2,S07,C0169,store,treatment,Core,103.77,43.58,1
T02S07030,2,S07,C0176,ecommerce,treatment,Premium,96.31,40.45,1
T02S07031,2,S07,C0183,store,treatment,Value,92.16,38.71,1
T02S07032,2,S07,C0190,store,treatment,Core,74.88,26.21,0
T02S07033,2,S07,C0197,store,treatment,Premium,126.23,53.02,1
T02S07034,2,S07,C0004,store,treatment,Core,134.13,56.33,1
T02S07035,2,S07,C0011,ecommerce,treatment,Premium,83.79,35.19,1
T02S07036,2,S07,C0018,store,treatment,Value,112.15,39.25,1
T02S07037,2,S07,C0025,store,treatment,Core,103.35,43.41,1
T02S07038,2,S07,C0032,store,treatment,Premium,134.46,56.47,1
T02S07039,2,S07,C0039,store,treatment,Value,79.43,33.36,1
T02S07040,2,S07,C0046,ecommerce,treatment,Core,92.57,32.4,1
T02S07041,2,S07,C0053,store,treatment,Premium,62.09,26.08,0
T02S07042,2,S07,C0060,store,treatment,Value,99.73,41.89,1
T02S07043,2,S07,C0067,store,treatment,Core,77.89,32.72,1
T02S07044,2,S07,C0074,store,treatment,Premium,90.1,31.53,1
T02S07045,2,S07,C0081,ecommerce,treatment,Value,98.59,41.41,1
T02S07046,2,S07,C0088,store,treatment,Core,68.32,28.69,0
T02S07047,2,S07,C0095,store,treatment,Premium,101.65,42.69,1
T02S07048,2,S07,C0102,store,treatment,Value,60.57,21.2,0
T02S07049,2,S07,C0109,store,treatment,Core,80.89,33.97,1
T02S07050,2,S07,C0116,ecommerce,treatment,Premium,112.95,47.44,1
T02S07051,2,S07,C0123,store,treatment,Value,83.11,34.91,1
T02S07052,2,S07,C0130,store,treatment,Core,109.5,38.32,1
T02S07053,2,S07,C0137,store,treatment,Premium,104.74,43.99,1
T02S07054,2,S07,C0144,store,treatment,Value,108.76,45.68,1
T02S07055,2,S07,C0151,ecommerce,treatment,Core,70.04,29.42,0
T02S07056,2,S07,C0158,store,treatment,Premium,131.06,45.87,1
T02S07057,2,S07,C0165,store,treatment,Value,103.91,43.64,1
T02S07058,2,S07,C0172,store,treatment,Core,91.52,38.44,1
T02S07059,2,S07,C0179,store,treatment,Premium,129.25,54.28,1
T02S07060,2,S07,C0186,ecommerce,treatment,Value,86.54,30.29,1
T02S07061,2,S07,C0193,store,treatment,Core,103.35,43.41,1
T02S07062,2,S07,C0200,store,treatment,Premium,128.99,54.18,1
T02S07063,2,S07,C0007,store,treatment,Core,103.36,43.41,1
T02S07064,2,S07,C0014,store,treatment,Premium,112.13,39.24,1
T02S07065,2,S07,C0021,ecommerce,treatment,Value,85.43,35.88,1
T02S07066,2,S07,C0028,store,treatment,Core,91.86,38.58,1
T02S07067,2,S07,C0035,store,treatment,Premium,93.05,39.08,1
T02S07068,2,S07,C0042,store,treatment,Value,109.88,38.46,1
T02S07069,2,S07,C0049,store,treatment,Core,100.34,42.14,1
T02S07070,2,S07,C0056,ecommerce,treatment,Premium,116.8,49.06,1
T02S07071,2,S07,C0063,store,treatment,Value,95.83,40.25,1
T02S07072,2,S07,C0070,store,treatment,Core,87.81,30.73,1
T02S07073,2,S07,C0077,store,treatment,Premium,67.21,28.23,0
T02S07074,2,S07,C0084,store,treatment,Value,102.09,42.88,1
T02S07075,2,S07,C0091,ecommerce,treatment,Core,100.37,42.15,1
T02S07076,2,S07,C0098,store,treatment,Premium,96.89,33.91,1
T02S07077,2,S07,C0105,store,treatment,Value,84.67,35.56,1
T02S07078,2,S07,C0112,store,treatment,Core,94.0,39.48,1
T02S07079,2,S07,C0119,store,treatment,Premium,82.46,34.63,1
T02S07080,2,S07,C0126,ecommerce,treatment,Value,46.19,16.16,0
T02S07081,2,S07,C0133,store,treatment,Core,82.17,34.51,1
T02S07082,2,S07,C0140,store,treatment,Premium,124.01,52.08,1
T02S07083,2,S07,C0147,store,treatment,Value,101.93,42.81,1
T02S07084,2,S07,C0154,store,treatment,Core,75.88,26.56,0
T02S07085,2,S07,C0161,ecommerce,treatment,Premium,113.64,47.73,1
T02S07086,2,S07,C0168,store,treatment,Value,95.15,39.97,1
T02S07087,2,S07,C0175,store,treatment,Core,91.17,38.29,1
T02S07088,2,S07,C0182,store,treatment,Premium,74.42,26.05,0
T02S07089,2,S07,C0189,store,treatment,Value,101.2,42.5,1
T02S07090,2,S07,C0196,ecommerce,treatment,Core,119.87,50.35,1
T02S07091,2,S07,C0003,store,treatment,Value,112.68,47.33,1
T02S07092,2,S07,C0010,store,treatment,Core,92.99,32.55,1
T02S07093,2,S07,C0017,store,treatment,Premium,104.63,43.94,1
T02S07094,2,S07,C0024,store,treatment,Value,78.95,33.16,1
T02S07095,2,S07,C0031,ecommerce,treatment,Core,104.09,43.72,1
T02S07096,2,S07,C0038,store,treatment,Premium,145.27,50.84,1
T02S07097,2,S07,C0045,store,treatment,Value,77.27,32.45,1
T02S07098,2,S07,C0052,store,treatment,Core,128.91,54.14,1
T02S07099,2,S07,C0059,store,treatment,Premium,112.73,47.35,1
T02S07100,2,S07,C0066,ecommerce,treatment,Value,79.38,27.78,1
T02S07101,2,S07,C0073,store,treatment,Core,100.23,42.1,1
T02S07102,2,S07,C0080,store,treatment,Premium,65.33,27.44,0
T02S07103,2,S07,C0087,store,treatment,Value,58.68,24.64,0
T02S07104,2,S07,C0094,store,treatment,Core,70.99,24.85,0
T02S07105,2,S07,C0101,ecommerce,treatment,Premium,83.23,34.96,1
T02S07106,2,S07,C0108,store,treatment,Value,74.08,31.11,0
T02S07107,2,S07,C0115,store,treatment,Core,105.27,44.21,1
T02S07108,2,S07,C0122,store,treatment,Premium,101.74,35.61,1
T02S07109,2,S07,C0129,store,treatment,Value,65.82,27.64,0
T02S07110,2,S07,C0136,ecommerce,treatment,Core,120.86,50.76,1
T02S07111,2,S07,C0143,store,treatment,Premium,119.44,50.17,1
T02S07112,2,S07,C0150,store,treatment,Value,97.37,34.08,1
T02S07113,2,S07,C0157,store,treatment,Core,62.58,26.29,0
T02S07114,2,S07,C0164,store,treatment,Premium,98.44,41.34,1
T02S07115,2,S07,C0171,ecommerce,treatment,Value,76.79,32.25,1
T02S07116,2,S07,C0178,store,treatment,Core,68.86,24.1,0
T02S07117,2,S07,C0185,store,treatment,Premium,108.0,45.36,1
T02S07118,2,S07,C0192,store,treatment,Value,75.33,31.64,0
T02S07119,2,S07,C0199,store,treatment,Core,86.61,36.38,1
T02S07120,2,S07,C0006,ecommerce,treatment,Value,102.43,35.85,1
T02S07121,2,S07,C0013,store,treatment,Core,89.06,37.41,1
T02S07122,2,S07,C0020,store,treatment,Premium,116.35,48.87,1
T02S07123,2,S07,C0027,store,treatment,Value,93.41,39.23,1
T02S07124,2,S07,C0034,store,treatment,Core,95.13,33.29,1
T02S07125,2,S07,C0041,ecommerce,treatment,Premium,100.66,42.28,1
T02S07126,2,S07,C0048,store,treatment,Value,80.62,33.86,1
T02S07127,2,S07,C0055,store,treatment,Core,123.97,52.07,1
T02S07128,2,S07,C0062,store,treatment,Premium,106.04,37.11,1
T02S07129,2,S07,C0069,store,treatment,Value,127.7,53.63,1
T02S07130,2,S07,C0076,ecommerce,treatment,Core,104.03,43.69,1
T02S07131,2,S07,C0083,store,treatment,Premium,94.49,39.69,1
T02S07132,2,S07,C0090,store,treatment,Value,92.06,32.22,1
T02S07133,2,S07,C0097,store,treatment,Core,103.22,43.35,1
T02S07134,2,S07,C0104,store,treatment,Premium,123.52,51.88,1
T02S07135,2,S07,C0111,ecommerce,treatment,Value,106.91,44.9,1
T02S07136,2,S07,C0118,store,treatment,Core,105.02,36.76,1
T02S07137,2,S07,C0125,store,treatment,Premium,113.28,47.58,1
T02S07138,2,S07,C0132,store,treatment,Value,91.58,38.46,1
T02S07139,2,S07,C0139,store,treatment,Core,77.6,32.59,1
T02S07140,2,S07,C0146,ecommerce,treatment,Premium,88.15,30.85,1
T02S07141,2,S07,C0153,store,treatment,Value,105.8,44.44,1
T02S07142,2,S07,C0160,store,treatment,Core,87.28,36.66,1
T02S07143,2,S07,C0167,store,treatment,Premium,125.69,52.79,1
T02S07144,2,S07,C0174,store,treatment,Value,101.81,35.63,1
T02S07145,2,S07,C0181,ecommerce,treatment,Core,104.34,43.82,1
T02S07146,2,S07,C0188,store,treatment,Premium,129.55,54.41,1
T02S07147,2,S07,C0195,store,treatment,Value,90.46,37.99,1
T02S07148,2,S07,C0002,store,treatment,Premium,92.38,32.33,1
T02S07149,2,S07,C0009,store,treatment,Value,120.44,50.58,1
T02S07150,2,S07,C0016,ecommerce,treatment,Core,110.01,46.2,1
T02S07151,2,S07,C0023,store,treatment,Premium,110.03,46.21,1
T02S07152,2,S07,C0030,store,treatment,Value,113.72,39.8,1
T02S07153,2,S07,C0037,store,treatment,Core,98.56,41.4,1
T02S07154,2,S07,C0044,store,treatment,Premium,129.78,54.51,1
T02S07155,2,S07,C0051,ecommerce,treatment,Value,105.02,44.11,1
T02S07156,2,S07,C0058,store,treatment,Core,101.62,35.57,1
T02S07157,2,S07,C0065,store,treatment,Premium,87.15,36.6,1
T02S07158,2,S07,C0072,store,treatment,Value,68.29,28.68,0
T02S07159,2,S07,C0079,store,treatment,Core,45.52,19.12,0
T02S08000,2,S08,C0179,ecommerce,control,Premium,90.78,31.77,1
T02S08001,2,S08,C0186,store,control,Value,96.87,40.69,1
T02S08002,2,S08,C0193,store,control,Core,75.79,31.83,0
T02S08003,2,S08,C0200,store,control,Premium,80.01,33.61,1
T02S08004,2,S08,C0007,store,control,Core,72.1,25.24,0
T02S08005,2,S08,C0014,ecommerce,control,Premium,62.07,26.07,0
T02S08006,2,S08,C0021,store,control,Value,55.83,23.45,0
T02S08007,2,S08,C0028,store,control,Core,91.97,38.63,1
T02S08008,2,S08,C0035,store,control,Premium,115.14,40.3,1
T02S08009,2,S08,C0042,store,control,Value,102.35,42.99,1
T02S08010,2,S08,C0049,ecommerce,control,Core,50.16,21.07,0
T02S08011,2,S08,C0056,store,control,Premium,114.1,47.92,1
T02S08012,2,S08,C0063,store,control,Value,100.57,35.2,1
T02S08013,2,S08,C0070,store,control,Core,50.93,21.39,0
T02S08014,2,S08,C0077,store,control,Premium,97.35,40.89,1
T02S08015,2,S08,C0084,ecommerce,control,Value,68.33,28.7,0
T02S08016,2,S08,C0091,store,control,Core,84.19,29.47,1
T02S08017,2,S08,C0098,store,control,Premium,113.67,47.74,1
T02S08018,2,S08,C0105,store,control,Value,53.6,22.51,0
T02S08019,2,S08,C0112,store,control,Core,78.43,32.94,1
T02S08020,2,S08,C0119,ecommerce,control,Premium,89.05,31.17,1
T02S08021,2,S08,C0126,store,control,Value,85.49,35.91,1
T02S08022,2,S08,C0133,store,control,Core,80.28,33.72,1
T02S08023,2,S08,C0140,store,control,Premium,60.87,25.57,0
T02S08024,2,S08,C0147,store,control,Value,36.66,12.83,0
T02S08025,2,S08,C0154,ecommerce,control,Core,65.85,27.66,0
T02S08026,2,S08,C0161,store,control,Premium,70.56,29.63,0
T02S08027,2,S08,C0168,store,control,Value,89.23,37.47,1
T02S08028,2,S08,C0175,store,control,Core,85.42,29.9,1
T02S08029,2,S08,C0182,store,control,Premium,79.84,33.53,1
T02S08030,2,S08,C0189,ecommerce,control,Value,101.12,42.47,1
T02S08031,2,S08,C0196,store,control,Core,67.21,28.23,0
T02S08032,2,S08,C0003,store,control,Value,88.54,30.99,1
T02S08033,2,S08,C0010,store,control,Core,60.32,25.34,0
T02S08034,2,S08,C0017,store,control,Premium,65.38,27.46,0
T02S08035,2,S08,C0024,ecommerce,control,Value,65.69,27.59,0
T02S08036,2,S08,C0031,store,control,Core,44.61,15.61,0
T02S08037,2,S08,C0038,store,control,Premium,99.26,41.69,1
T02S08038,2,S08,C0045,store,control,Value,58.73,24.67,0
T02S08039,2,S08,C0052,store,control,Core,69.32,29.11,0
T02S08040,2,S08,C0059,ecommerce,control,Premium,89.62,31.37,1
T02S08041,2,S08,C0066,store,control,Value,79.9,33.56,1
T02S08042,2,S08,C0073,store,control,Core,73.08,30.69,0
T02S08043,2,S08,C0080,store,control,Premium,84.64,35.55,1
T02S08044,2,S08,C0087,store,control,Value,60.63,21.22,0
T02S08045,2,S08,C0094,ecommerce,control,Core,78.46,32.95,1
T02S08046,2,S08,C0101,store,control,Premium,97.61,41.0,1
T02S08047,2,S08,C0108,store,control,Value,78.34,32.9,1
T02S08048,2,S08,C0115,store,control,Core,83.89,29.36,1
T02S08049,2,S08,C0122,store,control,Premium,74.15,31.14,0
T02S08050,2,S08,C0129,ecommerce,control,Value,26.97,11.33,0
T02S08051,2,S08,C0136,store,control,Core,66.58,27.96,0
T02S08052,2,S08,C0143,store,control,Premium,116.89,40.91,1
T02S08053,2,S08,C0150,store,control,Value,51.81,21.76,0
T02S08054,2,S08,C0157,store,control,Core,81.03,34.03,1
T02S08055,2,S08,C0164,ecommerce,control,Premium,80.28,33.72,1
T02S08056,2,S08,C0171,store,control,Value,95.35,33.37,1
T02S08057,2,S08,C0178,store,control,Core,90.89,38.17,1
T02S08058,2,S08,C0185,store,control,Premium,99.25,41.69,1
T02S08059,2,S08,C0192,store,control,Value,77.2,32.42,1
T02S08060,2,S08,C0199,ecommerce,control,Core,64.37,22.53,0
T02S08061,2,S08,C0006,store,control,Value,80.5,33.81,1
T02S08062,2,S08,C0013,store,control,Core,99.78,41.91,1
T02S08063,2,S08,C0020,store,control,Premium,79.05,33.2,1
T02S08064,2,S08,C0027,store,control,Value,81.55,28.54,1
T02S08065,2,S08,C0034,ecommerce,control,Core,87.6,36.79,1
T02S08066,2,S08,C0041,store,control,Premium,54.04,22.7,0
T02S08067,2,S08,C0048,store,control,Value,82.31,34.57,1
T02S08068,2,S08,C0055,store,control,Core,92.3,32.3,1
T02S08069,2,S08,C0062,store,control,Premium,83.61,35.12,1
T02S08070,2,S08,C0069,ecommerce,control,Value,92.75,38.95,1
T02S08071,2,S08,C0076,store,control,Core,81.38,34.18,1
T02S08072,2,S08,C0083,store,control,Premium,114.85,40.2,1
T02S08073,2,S08,C0090,store,control,Value,56.47,23.72,0
T02S08074,2,S08,C0097,store,control,Core,85.51,35.92,1
T02S08075,2,S08,C0104,ecommerce,control,Premium,82.62,34.7,1
T02S08076,2,S08,C0111,store,control,Value,104.77,36.67,1
T02S08077,2,S08,C0118,store,control,Core,87.44,36.72,1
T02S08078,2,S08,C0125,store,control,Premium,81.97,34.43,1
T02S08079,2,S08,C0132,store,control,Value,67.27,28.25,0
T02S08080,2,S08,C0139,ecommerce,control,Core,69.42,24.3,0
T02S08081,2,S08,C0146,store,control,Premium,114.79,48.21,1
T02S08082,2,S08,C0153,store,control,Value,99.33,41.72,1
T02S08083,2,S08,C0160,store,control,Core,72.34,30.38,0
T02S08084,2,S08,C0167,store,control,Premium,116.81,40.88,1
T02S08085,2,S08,C0174,ecommerce,control,Value,85.66,35.98,1
T02S08086,2,S08,C0181,store,control,Core,95.89,40.28,1
T02S08087,2,S08,C0188,store,control,Premium,73.12,30.71,0
T02S08088,2,S08,C0195,store,control,Value,29.65,10.38,0
T02S08089,2,S08,C0002,store,control,Premium,87.84,36.89,1
T02S08090,2,S08,C0009,ecommerce,control,Value,82.49,34.64,1
T02S08091,2,S08,C0016,store,control,Core,98.82,41.5,1
T02S08092,2,S08,C0023,store,control,Premium,116.54,40.79,1
T02S08093,2,S08,C0030,store,control,Value,81.83,34.37,1
T02S08094,2,S08,C0037,store,control,Core,79.64,33.45,1
T02S08095,2,S08,C0044,ecommerce,control,Premium,75.81,31.84,0
T02S08096,2,S08,C0051,store,control,Value,52.61,18.41,0
T02S08097,2,S08,C0058,store,control,Core,95.52,40.12,1
T02S08098,2,S08,C0065,store,control,Premium,77.33,32.48,1
T02S08099,2,S08,C0072,store,control,Value,83.06,34.89,1
T02S08100,2,S08,C0079,ecommerce,control,Core,101.56,35.55,1
T02S08101,2,S08,C0086,store,control,Premium,96.21,40.41,1
T02S08102,2,S08,C0093,store,control,Value,62.34,26.18,0
T02S08103,2,S08,C0100,store,control,Core,86.65,36.39,1
T02S08104,2,S08,C0107,store,control,Premium,127.56,44.65,1
T02S08105,2,S08,C0114,ecommerce,control,Value,95.69,40.19,1
T02S08106,2,S08,C0121,store,control,Core,80.31,33.73,1
T02S08107,2,S08,C0128,store,control,Premium,112.07,47.07,1
T02S08108,2,S08,C0135,store,control,Value,110.96,38.84,1
T02S08109,2,S08,C0142,store,control,Core,72.65,30.51,0
T02S08110,2,S08,C0149,ecommerce,control,Premium,81.05,34.04,1
T02S08111,2,S08,C0156,store,control,Value,89.41,37.55,1
T02S08112,2,S08,C0163,store,control,Core,86.08,30.13,1
T02S08113,2,S08,C0170,store,control,Premium,86.38,36.28,1
T02S08114,2,S08,C0177,store,control,Value,54.13,22.73,0
T02S08115,2,S08,C0184,ecommerce,control,Core,74.32,31.21,0
T02S08116,2,S08,C0191,store,control,Premium,129.17,45.21,1
T02S08117,2,S08,C0198,store,control,Value,95.01,39.9,1
T02S08118,2,S08,C0005,store,control,Premium,117.65,49.41,1
T02S08119,2,S08,C0012,store,control,Value,53.84,22.61,0
T02S08120,2,S08,C0019,ecommerce,control,Core,64.77,22.67,0
T02S08121,2,S08,C0026,store,control,Premium,79.14,33.24,1
T02S08122,2,S08,C0033,store,control,Value,87.08,36.57,1
T02S08123,2,S08,C0040,store,control,Core,56.52,23.74,0
T02S08124,2,S08,C0047,store,control,Premium,75.67,26.48,0
T02S08125,2,S08,C0054,ecommerce,control,Value,94.02,39.49,1
T02S08126,2,S08,C0061,store,control,Core,60.58,25.44,0
T02S08127,2,S08,C0068,store,control,Premium,93.24,39.16,1
T02S08128,2,S08,C0075,store,control,Value,69.33,24.26,0
T02S08129,2,S08,C0082,store,control,Core,63.02,26.47,0
T02S08130,2,S08,C0089,ecommerce,control,Premium,101.61,42.68,1
T02S08131,2,S08,C0096,store,control,Value,120.02,50.41,1
T02S08132,2,S08,C0103,store,control,Core,86.09,30.13,1
T02S08133,2,S08,C0110,store,control,Premium,104.56,43.91,1
T02S08134,2,S08,C0117,store,control,Value,93.48,39.26,1
T02S08135,2,S08,C0124,ecommerce,control,Core,91.99,38.63,1
T02S08136,2,S08,C0131,store,control,Premium,64.61,22.61,0
T02S08137,2,S08,C0138,store,control,Value,110.57,46.44,1
T02S08138,2,S08,C0145,store,control,Core,84.47,35.48,1
T02S08139,2,S08,C0152,store,control,Premium,96.88,40.69,1
T02S08140,2,S08,C0159,ecommerce,control,Value,81.02,28.36,1
T02S08141,2,S08,C0166,store,control,Core,100.15,42.06,1
T02S08142,2,S08,C0173,store,control,Premium,88.22,37.05,1
T02S08143,2,S08,C0180,store,control,Value,73.69,30.95,0
T02S08144,2,S08,C0187,store,control,Core,80.93,28.33,1
T02S08145,2,S08,C0194,ecommerce,control,Premium,85.29,35.82,1
T02S08146,2,S08,C0001,store,control,Core,106.29,44.64,1
T02S08147,2,S08,C0008,store,control,Premium,84.32,35.41,1
T02S08148,2,S08,C0015,store,control,Value,96.7,33.85,1
T02S08149,2,S08,C0022,store,control,Core,78.41,32.93,1
T02S08150,2,S08,C0029,ecommerce,control,Premium,79.53,33.4,1
T02S08151,2,S08,C0036,store,control,Value,76.18,31.99,1
T02S08152,2,S08,C0043,store,control,Core,81.91,28.67,1
T02S08153,2,S08,C0050,store,control,Premium,105.29,44.22,1
T02S08154,2,S08,C0057,store,control,Value,68.45,28.75,0
T02S08155,2,S08,C0064,ecommerce,control,Core,60.7,25.49,0
T02S08156,2,S08,C0071,store,control,Premium,79.31,27.76,1
T02S08157,2,S08,C0078,store,control,Value,90.26,37.91,1
T02S08158,2,S08,C0085,store,control,Core,114.84,48.23,1
T02S08159,2,S08,C0092,store,control,Premium,73.7,30.95,0
T03S01000,3,S01,C0125,ecommerce,treatment,Premium,119.22,41.73,1
T03S01001,3,S01,C0132,store,treatment,Value,107.96,45.34,1
T03S01002,3,S01,C0139,store,treatment,Core,99.11,41.63,1
T03S01003,3,S01,C0146,store,treatment,Premium,140.27,58.91,1
T03S01004,3,S01,C0153,store,treatment,Value,98.2,34.37,1
T03S01005,3,S01,C0160,ecommerce,treatment,Core,74.22,31.17,0
T03S01006,3,S01,C0167,store,treatment,Premium,111.43,46.8,1
T03S01007,3,S01,C0174,store,treatment,Value,85.11,35.75,1
T03S01008,3,S01,C0181,store,treatment,Core,92.77,32.47,1
T03S01009,3,S01,C0188,store,treatment,Premium,107.13,45.0,1
T03S01010,3,S01,C0195,ecommerce,treatment,Value,87.99,36.95,1
T03S01011,3,S01,C0002,store,treatment,Premium,88.57,37.2,1
T03S01012,3,S01,C0009,store,treatment,Value,43.56,15.25,0
T03S01013,3,S01,C0016,store,treatment,Core,92.47,38.84,1
T03S01014,3,S01,C0023,store,treatment,Premium,89.92,37.77,1
T03S01015,3,S01,C0030,ecommerce,treatment,Value,82.71,34.74,1
T03S01016,3,S01,C0037,store,treatment,Core,83.69,29.29,1
T03S01017,3,S01,C0044,store,treatment,Premium,97.27,40.85,1
T03S01018,3,S01,C0051,store,treatment,Value,73.4,30.83,0
T03S01019,3,S01,C0058,store,treatment,Core,86.29,36.24,1
T03S01020,3,S01,C0065,ecommerce,treatment,Premium,156.55,54.79,1
T03S01021,3,S01,C0072,store,treatment,Value,80.66,33.88,1
T03S01022,3,S01,C0079,store,treatment,Core,81.55,34.25,1
T03S01023,3,S01,C0086,store,treatment,Premium,113.93,47.85,1
T03S01024,3,S01,C0093,store,treatment,Value,87.34,30.57,1
T03S01025,3,S01,C0100,ecommerce,treatment,Core,120.87,50.76,1
T03S01026,3,S01,C0107,store,treatment,Premium,133.3,55.98,1
T03S01027,3,S01,C0114,store,treatment,Value,80.74,33.91,1
T03S01028,3,S01,C0121,store,treatment,Core,104.82,36.69,1
T03S01029,3,S01,C0128,store,treatment,Premium,85.74,36.01,1
T03S01030,3,S01,C0135,ecommerce,treatment,Value,85.38,35.86,1
T03S01031,3,S01,C0142,store,treatment,Core,85.78,36.03,1
T03S01032,3,S01,C0149,store,treatment,Premium,121.72,42.6,1
T03S01033,3,S01,C0156,store,treatment,Value,74.43,31.26,0
T03S01034,3,S01,C0163,store,treatment,Core,101.7,42.72,1
T03S01035,3,S01,C0170,ecommerce,treatment,Premium,117.03,49.15,1
T03S01036,3,S01,C0177,store,treatment,Value,120.09,42.03,1
T03S01037,3,S01,C0184,store,treatment,Core,55.76,23.42,0
T03S01038,3,S01,C0191,store,treatment,Premium,126.63,53.19,1
T03S01039,3,S01,C0198,store,treatment,Value,70.19,29.48,0
T03S01040,3,S01,C0005,ecommerce,treatment,Premium,104.3,36.51,1
T03S01041,3,S01,C0012,store,treatment,Value,88.39,37.12,1
T03S01042,3,S01,C0019,store,treatment,Core,93.04,39.08,1
T03S01043,3,S01,C0026,store,treatment,Premium,85.22,35.79,1
T03S01044,3,S01,C0033,store,treatment,Value,37.83,13.24,0
T03S01045,3,S01,C0040,ecommerce,treatment,Core,88.28,37.08,1
T03S01046,3,S01,C0047,store,treatment,Premium,78.53,32.98,1
T03S01047,3,S01,C0054,store,treatment,Value,83.54,35.09,1
T03S01048,3,S01,C0061,store,treatment,Core,78.88,27.61,1
T03S01049,3,S01,C0068,store,treatment,Premium,101.01,42.42,1
T03S01050,3,S01,C0075,ecommerce,treatment,Value,76.5,32.13,1
T03S01051,3,S01,C0082,store,treatment,Core,82.43,34.62,1
T03S01052,3,S01,C0089,store,treatment,Premium,119.46,41.81,1
T03S01053,3,S01,C0096,store,treatment,Value,81.19,34.1,1
T03S01054,3,S01,C0103,store,treatment,Core,111.84,46.97,1
T03S01055,3,S01,C0110,ecommerce,treatment,Premium,132.61,55.7,1
T03S01056,3,S01,C0117,store,treatment,Value,74.45,26.06,0
T03S01057,3,S01,C0124,store,treatment,Core,85.06,35.73,1
T03S01058,3,S01,C0131,store,treatment,Premium,114.14,47.94,1
T03S01059,3,S01,C0138,store,treatment,Value,77.13,32.39,1
T03S01060,3,S01,C0145,ecommerce,treatment,Core,104.13,36.45,1
T03S01061,3,S01,C0152,store,treatment,Premium,101.92,42.81,1
T03S01062,3,S01,C0159,store,treatment,Value,94.95,39.88,1
T03S01063,3,S01,C0166,store,treatment,Core,84.64,35.55,1
T03S01064,3,S01,C0173,store,treatment,Premium,96.1,33.63,1
T03S01065,3,S01,C0180,ecommerce,treatment,Value,67.52,28.36,0
T03S01066,3,S01,C0187,store,treatment,Core,52.76,22.16,0
T03S01067,3,S01,C0194,store,treatment,Premium,97.5,40.95,1
T03S01068,3,S01,C0001,store,treatment,Core,74.91,26.22,0
T03S01069,3,S01,C0008,store,treatment,Premium,81.35,34.17,1
T03S01070,3,S01,C0015,ecommerce,treatment,Value,112.82,47.39,1
T03S01071,3,S01,C0022,store,treatment,Core,117.08,49.17,1
T03S01072,3,S01,C0029,store,treatment,Premium,119.14,41.7,1
T03S01073,3,S01,C0036,store,treatment,Value,99.69,41.87,1
T03S01074,3,S01,C0043,store,treatment,Core,104.61,43.93,1
T03S01075,3,S01,C0050,ecommerce,treatment,Premium,111.68,46.91,1
T03S01076,3,S01,C0057,store,treatment,Value,93.56,32.74,1
T03S01077,3,S01,C0064,store,treatment,Core,113.68,47.75,1
T03S01078,3,S01,C0071,store,treatment,Premium,84.68,35.57,1
T03S01079,3,S01,C0078,store,treatment,Value,54.57,22.92,0
T03S01080,3,S01,C0085,ecommerce,treatment,Core,96.45,33.76,1
T03S01081,3,S01,C0092,store,treatment,Premium,83.49,35.07,1
T03S01082,3,S01,C0099,store,treatment,Value,81.72,34.32,1
T03S01083,3,S01,C0106,store,treatment,Core,89.41,37.55,1
T03S01084,3,S01,C0113,store,treatment,Premium,118.78,41.57,1
T03S01085,3,S01,C0120,ecommerce,treatment,Value,98.72,41.46,1
T03S01086,3,S01,C0127,store,treatment,Core,121.76,51.14,1
T03S01087,3,S01,C0134,store,treatment,Premium,106.69,44.81,1
T03S01088,3,S01,C0141,store,treatment,Value,90.83,31.79,1
T03S01089,3,S01,C0148,store,treatment,Core,128.97,54.17,1
T03S01090,3,S01,C0155,ecommerce,treatment,Premium,109.73,46.09,1
T03S01091,3,S01,C0162,store,treatment,Value,78.38,32.92,1
T03S01092,3,S01,C0169,store,treatment,Core,73.58,25.75,0
T03S01093,3,S01,C0176,store,treatment,Premium,121.5,51.03,1
T03S01094,3,S01,C0183,store,treatment,Value,98.54,41.39,1
T03S01095,3,S01,C0190,ecommerce,treatment,Core,76.1,31.96,1
T03S01096,3,S01,C0197,store,treatment,Premium,106.93,37.43,1
T03S01097,3,S01,C0004,store,treatment,Core,74.43,31.26,0
T03S01098,3,S01,C0011,store,treatment,Premium,84.0,35.28,1
T03S01099,3,S01,C0018,store,treatment,Value,122.02,51.25,1
T03S01100,3,S01,C0025,ecommerce,treatment,Core,112.13,39.25,1
T03S01101,3,S01,C0032,store,treatment,Premium,73.92,31.05,0
T03S01102,3,S01,C0039,store,treatment,Value,89.71,37.68,1
T03S01103,3,S01,C0046,store,treatment,Core,112.2,47.12,1
T03S01104,3,S01,C0053,store,treatment,Premium,101.78,35.62,1
T03S01105,3,S01,C0060,ecommerce,treatment,Value,110.5,46.41,1
T03S01106,3,S01,C0067,store,treatment,Core,149.98,62.99,1
T03S01107,3,S01,C0074,store,treatment,Premium,118.52,49.78,1
T03S01108,3,S01,C0081,store,treatment,Value,105.54,36.94,1
T03S01109,3,S01,C0088,store,treatment,Core,104.73,43.99,1
T03S01110,3,S01,C0095,ecommerce,treatment,Premium,100.68,42.29,1
T03S01111,3,S01,C0102,store,treatment,Value,82.13,34.49,1
T03S01112,3,S01,C0109,store,treatment,Core,88.17,30.86,1
T03S01113,3,S01,C0116,store,treatment,Premium,108.78,45.69,1
T03S01114,3,S01,C0123,store,treatment,Value,83.4,35.03,1
T03S01115,3,S01,C0130,ecommerce,treatment,Core,84.55,35.51,1
T03S01116,3,S01,C0137,store,treatment,Premium,83.57,29.25,1
T03S01117,3,S01,C0144,store,treatment,Value,112.79,47.37,1
T03S01118,3,S01,C0151,store,treatment,Core,106.31,44.65,1
T03S01119,3,S01,C0158,store,treatment,Premium,99.03,41.59,1
T03S01120,3,S01,C0165,ecommerce,treatment,Value,82.1,28.74,1
T03S01121,3,S01,C0172,store,treatment,Core,108.53,45.58,1
T03S01122,3,S01,C0179,store,treatment,Premium,100.09,42.04,1
T03S01123,3,S01,C0186,store,treatment,Value,101.08,42.45,1
T03S01124,3,S01,C0193,store,treatment,Core,67.98,23.79,0
T03S01125,3,S01,C0200,ecommerce,treatment,Premium,69.0,28.98,0
T03S01126,3,S01,C0007,store,treatment,Core,101.91,42.8,1
T03S01127,3,S01,C0014,store,treatment,Premium,89.19,37.46,1
T03S01128,3,S01,C0021,store,treatment,Value,62.29,21.8,0
T03S01129,3,S01,C0028,store,treatment,Core,105.17,44.17,1
T03S01130,3,S01,C0035,ecommerce,treatment,Premium,102.6,43.09,1
T03S01131,3,S01,C0042,store,treatment,Value,83.3,34.99,1
T03S01132,3,S01,C0049,store,treatment,Core,87.89,30.76,1
T03S01133,3,S01,C0056,store,treatment,Premium,102.43,43.02,1
T03S01134,3,S01,C0063,store,treatment,Value,66.13,27.77,0
T03S01135,3,S01,C0070,ecommerce,treatment,Core,60.51,25.41,0
T03S01136,3,S01,C0077,store,treatment,Premium,108.2,37.87,1
T03S01137,3,S01,C0084,store,treatment,Value,92.15,38.7,1
T03S01138,3,S01,C0091,store,treatment,Core,77.55,32.57,1
T03S01139,3,S01,C0098,store,treatment,Premium,106.35,44.67,1
T03S01140,3,S01,C0105,ecommerce,treatment,Value,101.77,35.62,1
T03S01141,3,S01,C0112,store,treatment,Core,109.0,45.78,1
T03S01142,3,S01,C0119,store,treatment,Premium,83.28,34.98,1
T03S01143,3,S01,C0126,store,treatment,Value,110.96,46.61,1
T03S01144,3,S01,C0133,store,treatment,Core,83.6,29.26,1
T03S01145,3,S01,C0140,ecommerce,treatment,Premium,108.86,45.72,1
T03S01146,3,S01,C0147,store,treatment,Value,96.11,40.37,1
T03S01147,3,S01,C0154,store,treatment,Core,95.76,40.22,1
T03S01148,3,S01,C0161,store,treatment,Premium,102.81,35.98,1
T03S01149,3,S01,C0168,store,treatment,Value,101.64,42.69,1
T03S01150,3,S01,C0175,ecommerce,treatment,Core,86.22,36.21,1
T03S01151,3,S01,C0182,store,treatment,Premium,134.12,56.33,1
T03S01152,3,S01,C0189,store,treatment,Value,78.61,27.51,1
T03S01153,3,S01,C0196,store,treatment,Core,108.9,45.74,1
T03S01154,3,S01,C0003,store,treatment,Value,50.51,21.21,0
T03S01155,3,S01,C0010,ecommerce,treatment,Core,96.7,40.61,1
T03S01156,3,S01,C0017,store,treatment,Premium,107.24,37.53,1
T03S01157,3,S01,C0024,store,treatment,Value,82.7,34.73,1
T03S01158,3,S01,C0031,store,treatment,Core,104.97,44.09,1
T03S01159,3,S01,C0038,store,treatment,Premium,78.95,33.16,1
T03S02000,3,S02,C0138,ecommerce,control,Value,62.44,21.85,0
T03S02001,3,S02,C0145,store,control,Core,95.11,39.94,1
T03S02002,3,S02,C0152,store,control,Premium,109.16,45.85,1
T03S02003,3,S02,C0159,store,control,Value,99.66,41.86,1
T03S02004,3,S02,C0166,store,control,Core,61.28,21.45,0
T03S02005,3,S02,C0173,ecommerce,control,Premium,85.92,36.09,1
T03S02006,3,S02,C0180,store,control,Value,117.71,49.44,1
T03S02007,3,S02,C0187,store,control,Core,72.01,30.24,0
T03S02008,3,S02,C0194,store,control,Premium,94.12,32.94,1
T03S02009,3,S02,C0001,store,control,Core,77.44,32.52,1
T03S02010,3,S02,C0008,ecommerce,control,Premium,125.75,52.81,1
T03S02011,3,S02,C0015,store,control,Value,64.98,27.29,0
T03S02012,3,S02,C0022,store,control,Core,81.25,28.44,1
T03S02013,3,S02,C0029,store,control,Premium,81.1,34.06,1
T03S02014,3,S02,C0036,store,control,Value,82.45,34.63,1
T03S02015,3,S02,C0043,ecommerce,control,Core,72.85,30.6,0
T03S02016,3,S02,C0050,store,control,Premium,83.21,29.12,1
T03S02017,3,S02,C0057,store,control,Value,78.83,33.11,1
T03S02018,3,S02,C0064,store,control,Core,76.98,32.33,1
T03S02019,3,S02,C0071,store,control,Premium,68.29,28.68,0
T03S02020,3,S02,C0078,ecommerce,control,Value,84.13,29.45,1
T03S02021,3,S02,C0085,store,control,Core,65.08,27.33,0
T03S02022,3,S02,C0092,store,control,Premium,85.32,35.83,1
T03S02023,3,S02,C0099,store,control,Value,99.98,41.99,1
T03S02024,3,S02,C0106,store,control,Core,58.32,20.41,0
T03S02025,3,S02,C0113,ecommerce,control,Premium,119.54,50.21,1
T03S02026,3,S02,C0120,store,control,Value,83.55,35.09,1
T03S02027,3,S02,C0127,store,control,Core,90.97,38.21,1
T03S02028,3,S02,C0134,store,control,Premium,89.51,31.33,1
T03S02029,3,S02,C0141,store,control,Value,138.05,57.98,1
T03S02030,3,S02,C0148,ecommerce,control,Core,80.23,33.7,1
T03S02031,3,S02,C0155,store,control,Premium,83.2,34.94,1
T03S02032,3,S02,C0162,store,control,Value,90.57,31.7,1
T03S02033,3,S02,C0169,store,control,Core,85.14,35.76,1
T03S02034,3,S02,C0176,store,control,Premium,85.77,36.03,1
T03S02035,3,S02,C0183,ecommerce,control,Value,68.75,28.87,0
T03S02036,3,S02,C0190,store,control,Core,99.55,34.84,1
T03S02037,3,S02,C0197,store,control,Premium,111.07,46.65,1
T03S02038,3,S02,C0004,store,control,Core,124.21,52.17,1
T03S02039,3,S02,C0011,store,control,Premium,52.43,22.02,0
T03S02040,3,S02,C0018,ecommerce,control,Value,44.79,15.68,0
T03S02041,3,S02,C0025,store,control,Core,66.99,28.14,0
T03S02042,3,S02,C0032,store,control,Premium,99.19,41.66,1
T03S02043,3,S02,C0039,store,control,Value,78.94,33.15,1
T03S02044,3,S02,C0046,store,control,Core,65.47,22.91,0
T03S02045,3,S02,C0053,ecommerce,control,Premium,91.19,38.3,1
T03S02046,3,S02,C0060,store,control,Value,70.57,29.64,0
T03S02047,3,S02,C0067,store,control,Core,76.34,32.06,1
T03S02048,3,S02,C0074,store,control,Premium,112.02,39.21,1
T03S02049,3,S02,C0081,store,control,Value,90.35,37.95,1
T03S02050,3,S02,C0088,ecommerce,control,Core,94.95,39.88,1
T03S02051,3,S02,C0095,store,control,Premium,89.17,37.45,1
T03S02052,3,S02,C0102,store,control,Value,126.94,44.43,1
T03S02053,3,S02,C0109,store,control,Core,87.26,36.65,1
T03S02054,3,S02,C0116,store,control,Premium,121.71,51.12,1
T03S02055,3,S02,C0123,ecommerce,control,Value,81.69,34.31,1
T03S02056,3,S02,C0130,store,control,Core,77.65,27.18,1
T03S02057,3,S02,C0137,store,control,Premium,60.24,25.3,0
T03S02058,3,S02,C0144,store,control,Value,59.7,25.07,0
T03S02059,3,S02,C0151,store,control,Core,74.91,31.46,0
T03S02060,3,S02,C0158,ecommerce,control,Premium,115.07,40.27,1
T03S02061,3,S02,C0165,store,control,Value,80.25,33.7,1
T03S02062,3,S02,C0172,store,control,Core,91.8,38.56,1
T03S02063,3,S02,C0179,store,control,Premium,85.44,35.89,1
T03S02064,3,S02,C0186,store,control,Value,73.51,25.73,0
T03S02065,3,S02,C0193,ecommerce,control,Core,91.14,38.28,1
T03S02066,3,S02,C0200,store,control,Premium,79.19,33.26,1
T03S02067,3,S02,C0007,store,control,Core,44.72,18.78,0
T03S02068,3,S02,C0014,store,control,Premium,62.39,21.84,0
T03S02069,3,S02,C0021,store,control,Value,87.81,36.88,1
T03S02070,3,S02,C0028,ecommerce,control,Core,47.18,19.82,0
T03S02071,3,S02,C0035,store,control,Premium,81.77,34.34,1
T03S02072,3,S02,C0042,store,control,Value,67.99,23.8,0
T03S02073,3,S02,C0049,store,control,Core,91.0,38.22,1
T03S02074,3,S02,C0056,store,control,Premium,76.84,32.27,1
T03S02075,3,S02,C0063,ecommerce,control,Value,65.49,27.5,0
T03S02076,3,S02,C0070,store,control,Core,59.24,20.73,0
T03S02077,3,S02,C0077,store,control,Premium,122.88,51.61,1
T03S02078,3,S02,C0084,store,control,Value,118.59,49.81,1
T03S02079,3,S02,C0091,store,control,Core,81.91,34.4,1
T03S02080,3,S02,C0098,ecommerce,control,Premium,86.71,30.35,1
T03S02081,3,S02,C0105,store,control,Value,37.63,15.8,0
T03S02082,3,S02,C0112,store,control,Core,71.02,29.83,0
T03S02083,3,S02,C0119,store,control,Premium,73.13,30.71,0
T03S02084,3,S02,C0126,store,control,Value,67.88,23.76,0
T03S02085,3,S02,C0133,ecommerce,control,Core,63.93,26.85,0
T03S02086,3,S02,C0140,store,control,Premium,62.92,26.42,0
T03S02087,3,S02,C0147,store,control,Value,62.63,26.3,0
T03S02088,3,S02,C0154,store,control,Core,65.42,22.9,0
T03S02089,3,S02,C0161,store,control,Premium,85.22,35.79,1
T03S02090,3,S02,C0168,ecommerce,control,Value,69.09,29.02,0
T03S02091,3,S02,C0175,store,control,Core,84.16,35.35,1
T03S02092,3,S02,C0182,store,control,Premium,111.18,38.91,1
T03S02093,3,S02,C0189,store,control,Value,65.65,27.57,0
T03S02094,3,S02,C0196,store,control,Core,97.86,41.1,1
T03S02095,3,S02,C0003,ecommerce,control,Value,129.28,54.3,1
T03S02096,3,S02,C0010,store,control,Core,118.06,41.32,1
T03S02097,3,S02,C0017,store,control,Premium,98.22,41.25,1
T03S02098,3,S02,C0024,store,control,Value,84.4,35.45,1
T03S02099,3,S02,C0031,store,control,Core,75.76,31.82,0
T03S02100,3,S02,C0038,ecommerce,control,Premium,104.82,36.69,1
T03S02101,3,S02,C0045,store,control,Value,92.43,38.82,1
T03S02102,3,S02,C0052,store,control,Core,64.89,27.25,0
T03S02103,3,S02,C0059,store,control,Premium,93.71,39.36,1
T03S02104,3,S02,C0066,store,control,Value,97.44,34.1,1
T03S02105,3,S02,C0073,ecommerce,control,Core,78.96,33.16,1
T03S02106,3,S02,C0080,store,control,Premium,111.42,46.8,1
T03S02107,3,S02,C0087,store,control,Value,31.12,13.07,0
T03S02108,3,S02,C0094,store,control,Core,56.91,19.92,0
T03S02109,3,S02,C0101,store,control,Premium,120.2,50.48,1
T03S02110,3,S02,C0108,ecommerce,control,Value,84.48,35.48,1
T03S02111,3,S02,C0115,store,control,Core,52.34,21.98,0
T03S02112,3,S02,C0122,store,control,Premium,90.94,31.83,1
T03S02113,3,S02,C0129,store,control,Value,92.93,39.03,1
T03S02114,3,S02,C0136,store,control,Core,68.32,28.69,0
T03S02115,3,S02,C0143,ecommerce,control,Premium,88.05,36.98,1
T03S02116,3,S02,C0150,store,control,Value,84.97,29.74,1
T03S02117,3,S02,C0157,store,control,Core,69.55,29.21,0
T03S02118,3,S02,C0164,store,control,Premium,93.12,39.11,1
T03S02119,3,S02,C0171,store,control,Value,97.65,41.01,1
T03S02120,3,S02,C0178,ecommerce,control,Core,86.81,30.38,1
T03S02121,3,S02,C0185,store,control,Premium,132.23,55.53,1
T03S02122,3,S02,C0192,store,control,Value,108.08,45.39,1
T03S02123,3,S02,C0199,store,control,Core,83.23,34.96,1
T03S02124,3,S02,C0006,store,control,Value,109.63,38.37,1
T03S02125,3,S02,C0013,ecommerce,control,Core,85.67,35.98,1
T03S02126,3,S02,C0020,store,control,Premium,100.86,42.36,1
T03S02127,3,S02,C0027,store,control,Value,102.32,42.98,1
T03S02128,3,S02,C0034,store,control,Core,97.76,34.22,1
T03S02129,3,S02,C0041,store,control,Premium,66.19,27.8,0
T03S02130,3,S02,C0048,ecommerce,control,Value,76.12,31.97,1
T03S02131,3,S02,C0055,store,control,Core,104.95,44.08,1
T03S02132,3,S02,C0062,store,control,Premium,90.04,31.52,1
T03S02133,3,S02,C0069,store,control,Value,80.82,33.95,1
T03S02134,3,S02,C0076,store,control,Core,77.14,32.4,1
T03S02135,3,S02,C0083,ecommerce,control,Premium,63.76,26.78,0
T03S02136,3,S02,C0090,store,control,Value,89.43,31.3,1
T03S02137,3,S02,C0097,store,control,Core,91.27,38.33,1
T03S02138,3,S02,C0104,store,control,Premium,91.19,38.3,1
T03S02139,3,S02,C0111,store,control,Value,51.46,21.61,0
T03S02140,3,S02,C0118,ecommerce,control,Core,45.22,15.83,0
T03S02141,3,S02,C0125,store,control,Premium,87.29,36.66,1
T03S02142,3,S02,C0132,store,control,Value,49.81,20.92,0
T03S02143,3,S02,C0139,store,control,Core,87.75,36.85,1
T03S02144,3,S02,C0146,store,control,Premium,73.38,25.68,0
T03S02145,3,S02,C0153,ecommerce,control,Value,80.86,33.96,1
T03S02146,3,S02,C0160,store,control,Core,71.71,30.12,0
T03S02147,3,S02,C0167,store,control,Premium,104.38,43.84,1
T03S02148,3,S02,C0174,store,control,Value,111.0,38.85,1
T03S02149,3,S02,C0181,store,control,Core,106.78,44.85,1
T03S02150,3,S02,C0188,ecommerce,control,Premium,67.26,28.25,0
T03S02151,3,S02,C0195,store,control,Value,68.41,28.73,0
T03S02152,3,S02,C0002,store,control,Premium,96.94,33.93,1
T03S02153,3,S02,C0009,store,control,Value,79.45,33.37,1
T03S02154,3,S02,C0016,store,control,Core,85.1,35.74,1
T03S02155,3,S02,C0023,ecommerce,control,Premium,81.92,34.41,1
T03S02156,3,S02,C0030,store,control,Value,85.63,29.97,1
T03S02157,3,S02,C0037,store,control,Core,58.7,24.65,0
T03S02158,3,S02,C0044,store,control,Premium,84.68,35.57,1
T03S02159,3,S02,C0051,store,control,Value,66.33,27.86,0
T03S03000,3,S03,C0151,ecommerce,treatment,Core,128.72,45.05,1
T03S03001,3,S03,C0158,store,treatment,Premium,124.67,52.36,1
T03S03002,3,S03,C0165,store,treatment,Value,65.21,27.39,0
T03S03003,3,S03,C0172,store,treatment,Core,98.44,41.34,1
T03S03004,3,S03,C0179,store,treatment,Premium,110.6,38.71,1
T03S03005,3,S03,C0186,ecommerce,treatment,Value,100.93,42.39,1
T03S03006,3,S03,C0193,store,treatment,Core,124.11,52.13,1
T03S03007,3,S03,C0200,store,treatment,Premium,103.14,43.32,1
T03S03008,3,S03,C0007,store,treatment,Core,91.33,31.97,1
T03S03009,3,S03,C0014,store,treatment,Premium,110.26,46.31,1
T03S03010,3,S03,C0021,ecommerce,treatment,Value,117.03,49.15,1
T03S03011,3,S03,C0028,store,treatment,Core,118.77,49.88,1
T03S03012,3,S03,C0035,store,treatment,Premium,99.63,34.87,1
T03S03013,3,S03,C0042,store,treatment,Value,106.74,44.83,1
T03S03014,3,S03,C0049,store,treatment,Core,105.38,44.26,1
T03S03015,3,S03,C0056,ecommerce,treatment,Premium,118.57,49.8,1
T03S03016,3,S03,C0063,store,treatment,Value,108.28,37.9,1
T03S03017,3,S03,C0070,store,treatment,Core,101.55,42.65,1
T03S03018,3,S03,C0077,store,treatment,Premium,116.06,48.74,1
T03S03019,3,S03,C0084,store,treatment,Value,83.98,35.27,1
T03S03020,3,S03,C0091,ecommerce,treatment,Core,83.41,29.19,1
T03S03021,3,S03,C0098,store,treatment,Premium,99.7,41.87,1
T03S03022,3,S03,C0105,store,treatment,Value,68.8,28.9,0
T03S03023,3,S03,C0112,store,treatment,Core,113.0,47.46,1
T03S03024,3,S03,C0119,store,treatment,Premium,117.01,40.95,1
T03S03025,3,S03,C0126,ecommerce,treatment,Value,125.89,52.87,1
T03S03026,3,S03,C0133,store,treatment,Core,117.08,49.18,1
T03S03027,3,S03,C0140,store,treatment,Premium,136.18,57.19,1
T03S03028,3,S03,C0147,store,treatment,Value,108.09,37.83,1
T03S03029,3,S03,C0154,store,treatment,Core,54.23,22.78,0
T03S03030,3,S03,C0161,ecommerce,treatment,Premium,102.53,43.06,1
T03S03031,3,S03,C0168,store,treatment,Value,70.37,29.55,0
T03S03032,3,S03,C0175,store,treatment,Core,128.54,44.99,1
T03S03033,3,S03,C0182,store,treatment,Premium,100.21,42.09,1
T03S03034,3,S03,C0189,store,treatment,Value,81.74,34.33,1
T03S03035,3,S03,C0196,ecommerce,treatment,Core,111.77,46.94,1
T03S03036,3,S03,C0003,store,treatment,Value,99.26,34.74,1
T03S03037,3,S03,C0010,store,treatment,Core,116.91,49.1,1
T03S03038,3,S03,C0017,store,treatment,Premium,74.16,31.15,0
T03S03039,3,S03,C0024,store,treatment,Value,87.35,36.69,1
T03S03040,3,S03,C0031,ecommerce,treatment,Core,105.83,37.04,1
T03S03041,3,S03,C0038,store,treatment,Premium,102.16,42.91,1
T03S03042,3,S03,C0045,store,treatment,Value,78.85,33.12,1
T03S03043,3,S03,C0052,store,treatment,Core,92.75,38.96,1
T03S03044,3,S03,C0059,store,treatment,Premium,119.03,41.66,1
T03S03045,3,S03,C0066,ecommerce,treatment,Value,80.98,34.01,1
T03S03046,3,S03,C0073,store,treatment,Core,72.37,30.4,0
T03S03047,3,S03,C0080,store,treatment,Premium,100.31,42.13,1
T03S03048,3,S03,C0087,store,treatment,Value,72.71,25.45,0
T03S03049,3,S03,C0094,store,treatment,Core,111.93,47.01,1
T03S03050,3,S03,C0101,ecommerce,treatment,Premium,129.22,54.27,1
T03S03051,3,S03,C0108,store,treatment,Value,113.3,47.59,1
T03S03052,3,S03,C0115,store,treatment,Core,88.43,30.95,1
T03S03053,3,S03,C0122,store,treatment,Premium,124.93,52.47,1
T03S03054,3,S03,C0129,store,treatment,Value,99.43,41.76,1
T03S03055,3,S03,C0136,ecommerce,treatment,Core,93.53,39.28,1
T03S03056,3,S03,C0143,store,treatment,Premium,116.9,40.92,1
T03S03057,3,S03,C0150,store,treatment,Value,76.31,32.05,1
T03S03058,3,S03,C0157,store,treatment,Core,108.46,45.55,1
T03S03059,3,S03,C0164,store,treatment,Premium,115.33,48.44,1
T03S03060,3,S03,C0171,ecommerce,treatment,Value,89.24,31.23,1
T03S03061,3,S03,C0178,store,treatment,Core,62.42,26.22,0
T03S03062,3,S03,C0185,store,treatment,Premium,137.06,57.56,1
T03S03063,3,S03,C0192,store,treatment,Value,79.59,33.43,1
T03S03064,3,S03,C0199,store,treatment,Core,103.22,36.13,1
T03S03065,3,S03,C0006,ecommerce,treatment,Value,94.49,39.68,1
T03S03066,3,S03,C0013,store,treatment,Core,95.55,40.13,1
T03S03067,3,S03,C0020,store,treatment,Premium,112.53,47.26,1
T03S03068,3,S03,C0027,store,treatment,Value,96.19,33.67,1
T03S03069,3,S03,C0034,store,treatment,Core,89.66,37.66,1
T03S03070,3,S03,C0041,ecommerce,treatment,Premium,100.46,42.19,1
T03S03071,3,S03,C0048,store,treatment,Value,116.64,48.99,1
T03S03072,3,S03,C0055,store,treatment,Core,123.08,43.08,1
T03S03073,3,S03,C0062,store,treatment,Premium,82.56,34.68,1
T03S03074,3,S03,C0069,store,treatment,Value,66.83,28.07,0
T03S03075,3,S03,C0076,ecommerce,treatment,Core,101.13,42.47,1
T03S03076,3,S03,C0083,store,treatment,Premium,111.69,39.09,1
T03S03077,3,S03,C0090,store,treatment,Value,92.21,38.73,1
T03S03078,3,S03,C0097,store,treatment,Core,102.17,42.91,1
T03S03079,3,S03,C0104,store,treatment,Premium,106.95,44.92,1
T03S03080,3,S03,C0111,ecommerce,treatment,Value,95.42,33.4,1
T03S03081,3,S03,C0118,store,treatment,Core,116.83,49.07,1
T03S03082,3,S03,C0125,store,treatment,Premium,98.13,41.21,1
T03S03083,3,S03,C0132,store,treatment,Value,105.65,44.37,1
T03S03084,3,S03,C0139,store,treatment,Core,125.64,43.97,1
T03S03085,3,S03,C0146,ecommerce,treatment,Premium,106.74,44.83,1
T03S03086,3,S03,C0153,store,treatment,Value,107.07,44.97,1
T03S03087,3,S03,C0160,store,treatment,Core,92.36,38.79,1
T03S03088,3,S03,C0167,store,treatment,Premium,123.61,43.26,1
T03S03089,3,S03,C0174,store,treatment,Value,93.4,39.23,1
T03S03090,3,S03,C0181,ecommerce,treatment,Core,89.33,37.52,1
T03S03091,3,S03,C0188,store,treatment,Premium,118.65,49.83,1
T03S03092,3,S03,C0195,store,treatment,Value,125.2,43.82,1
T03S03093,3,S03,C0002,store,treatment,Premium,112.43,47.22,1
T03S03094,3,S03,C0009,store,treatment,Value,165.35,69.45,1
T03S03095,3,S03,C0016,ecommerce,treatment,Core,98.18,41.24,1
T03S03096,3,S03,C0023,store,treatment,Premium,76.87,26.9,1
T03S03097,3,S03,C0030,store,treatment,Value,102.97,43.25,1
T03S03098,3,S03,C0037,store,treatment,Core,96.17,40.39,1
T03S03099,3,S03,C0044,store,treatment,Premium,105.2,44.18,1
T03S03100,3,S03,C0051,ecommerce,treatment,Value,80.49,28.17,1
T03S03101,3,S03,C0058,store,treatment,Core,89.0,37.38,1
T03S03102,3,S03,C0065,store,treatment,Premium,114.13,47.93,1
T03S03103,3,S03,C0072,store,treatment,Value,116.76,49.04,1
T03S03104,3,S03,C0079,store,treatment,Core,79.5,27.83,1
T03S03105,3,S03,C0086,ecommerce,treatment,Premium,123.94,52.05,1
T03S03106,3,S03,C0093,store,treatment,Value,56.54,23.75,0
T03S03107,3,S03,C0100,store,treatment,Core,61.66,25.9,0
T03S03108,3,S03,C0107,store,treatment,Premium,104.18,36.46,1
T03S03109,3,S03,C0114,store,treatment,Value,71.91,30.2,0
T03S03110,3,S03,C0121,ecommerce,treatment,Core,117.16,49.21,1
T03S03111,3,S03,C0128,store,treatment,Premium,125.5,52.71,1
T03S03112,3,S03,C0135,store,treatment,Value,78.69,27.54,1
T03S03113,3,S03,C0142,store,treatment,Core,90.85,38.16,1
T03S03114,3,S03,C0149,store,treatment,Premium,114.12,47.93,1
T03S03115,3,S03,C0156,ecommerce,treatment,Value,104.34,43.82,1
T03S03116,3,S03,C0163,store,treatment,Core,101.82,35.64,1
T03S03117,3,S03,C0170,store,treatment,Premium,109.73,46.09,1
T03S03118,3,S03,C0177,store,treatment,Value,109.69,46.07,1
T03S03119,3,S03,C0184,store,treatment,Core,83.03,34.87,1
T03S03120,3,S03,C0191,ecommerce,treatment,Premium,71.23,24.93,0
T03S03121,3,S03,C0198,store,treatment,Value,109.4,45.95,1
T03S03122,3,S03,C0005,store,treatment,Premium,113.02,47.47,1
T03S03123,3,S03,C0012,store,treatment,Value,91.6,38.47,1
T03S03124,3,S03,C0019,store,treatment,Core,112.01,39.2,1
T03S03125,3,S03,C0026,ecommerce,treatment,Premium,93.53,39.28,1
T03S03126,3,S03,C0033,store,treatment,Value,88.82,37.31,1
T03S03127,3,S03,C0040,store,treatment,Core,121.1,50.86,1
T03S03128,3,S03,C0047,store,treatment,Premium,130.03,45.51,1
T03S03129,3,S03,C0054,store,treatment,Value,98.53,41.38,1
T03S03130,3,S03,C0061,ecommerce,treatment,Core,95.04,39.92,1
T03S03131,3,S03,C0068,store,treatment,Premium,134.59,56.53,1
T03S03132,3,S03,C0075,store,treatment,Value,107.8,37.73,1
T03S03133,3,S03,C0082,store,treatment,Core,101.63,42.69,1
T03S03134,3,S03,C0089,store,treatment,Premium,108.67,45.64,1
T03S03135,3,S03,C0096,ecommerce,treatment,Value,111.47,46.82,1
T03S03136,3,S03,C0103,store,treatment,Core,63.02,22.06,0
T03S03137,3,S03,C0110,store,treatment,Premium,111.72,46.92,1
T03S03138,3,S03,C0117,store,treatment,Value,104.55,43.91,1
T03S03139,3,S03,C0124,store,treatment,Core,94.98,39.89,1
T03S03140,3,S03,C0131,ecommerce,treatment,Premium,102.02,35.71,1
T03S03141,3,S03,C0138,store,treatment,Value,72.45,30.43,0
T03S03142,3,S03,C0145,store,treatment,Core,104.77,44.0,1
T03S03143,3,S03,C0152,store,treatment,Premium,102.32,42.98,1
T03S03144,3,S03,C0159,store,treatment,Value,75.43,26.4,0
T03S03145,3,S03,C0166,ecommerce,treatment,Core,103.94,43.66,1
T03S03146,3,S03,C0173,store,treatment,Premium,122.78,51.57,1
T03S03147,3,S03,C0180,store,treatment,Value,56.7,23.81,0
T03S03148,3,S03,C0187,store,treatment,Core,85.09,29.78,1
T03S03149,3,S03,C0194,store,treatment,Premium,86.76,36.44,1
T03S03150,3,S03,C0001,ecommerce,treatment,Core,95.1,39.94,1
T03S03151,3,S03,C0008,store,treatment,Premium,116.49,48.93,1
T03S03152,3,S03,C0015,store,treatment,Value,106.69,37.34,1
T03S03153,3,S03,C0022,store,treatment,Core,101.23,42.52,1
T03S03154,3,S03,C0029,store,treatment,Premium,107.57,45.18,1
T03S03155,3,S03,C0036,ecommerce,treatment,Value,107.5,45.15,1
T03S03156,3,S03,C0043,store,treatment,Core,88.29,30.9,1
T03S03157,3,S03,C0050,store,treatment,Premium,86.74,36.43,1
T03S03158,3,S03,C0057,store,treatment,Value,113.4,47.63,1
T03S03159,3,S03,C0064,store,treatment,Core,67.7,28.43,0
T03S04000,3,S04,C0164,ecommerce,control,Premium,120.55,42.19,1
T03S04001,3,S04,C0171,store,control,Value,68.68,28.85,0
T03S04002,3,S04,C0178,store,control,Core,42.49,17.84,0
T03S04003,3,S04,C0185,store,control,Premium,89.76,37.7,1
T03S04004,3,S04,C0192,store,control,Value,97.06,33.97,1
T03S04005,3,S04,C0199,ecommerce,control,Core,65.5,27.51,0
T03S04006,3,S04,C0006,store,control,Value,71.75,30.14,0
T03S04007,3,S04,C0013,store,control,Core,61.03,25.63,0
T03S04008,3,S04,C0020,store,control,Premium,67.45,23.61,0
T03S04009,3,S04,C0027,store,control,Value,54.99,23.1,0
T03S04010,3,S04,C0034,ecommerce,control,Core,112.19,47.12,1
T03S04011,3,S04,C0041,store,control,Premium,81.31,34.15,1
T03S04012,3,S04,C0048,store,control,Value,66.93,23.43,0
T03S04013,3,S04,C0055,store,control,Core,81.01,34.02,1
T03S04014,3,S04,C0062,store,control,Premium,105.41,44.27,1
T03S04015,3,S04,C0069,ecommerce,control,Value,57.88,24.31,0
T03S04016,3,S04,C0076,store,control,Core,64.53,22.59,0
T03S04017,3,S04,C0083,store,control,Premium,98.56,41.4,1
T03S04018,3,S04,C0090,store,control,Value,77.85,32.7,1
T03S04019,3,S04,C0097,store,control,Core,93.88,39.43,1
T03S04020,3,S04,C0104,ecommerce,control,Premium,86.85,30.4,1
T03S04021,3,S04,C0111,store,control,Value,108.36,45.51,1
T03S04022,3,S04,C0118,store,control,Core,74.79,31.41,0
T03S04023,3,S04,C0125,store,control,Premium,106.71,44.82,1
T03S04024,3,S04,C0132,store,control,Value,69.57,24.35,0
T03S04025,3,S04,C0139,ecommerce,control,Core,78.53,32.98,1
T03S04026,3,S04,C0146,store,control,Premium,61.84,25.97,0
T03S04027,3,S04,C0153,store,control,Value,96.64,40.59,1
T03S04028,3,S04,C0160,store,control,Core,37.75,13.21,0
T03S04029,3,S04,C0167,store,control,Premium,79.49,33.39,1
T03S04030,3,S04,C0174,ecommerce,control,Value,55.56,23.34,0
T03S04031,3,S04,C0181,store,control,Core,87.63,36.81,1
T03S04032,3,S04,C0188,store,control,Premium,107.27,37.54,1
T03S04033,3,S04,C0195,store,control,Value,65.28,27.42,0
T03S04034,3,S04,C0002,store,control,Premium,70.06,29.42,0
T03S04035,3,S04,C0009,ecommerce,control,Value,68.39,28.72,0
T03S04036,3,S04,C0016,store,control,Core,69.4,24.29,0
T03S04037,3,S04,C0023,store,control,Premium,105.73,44.41,1
T03S04038,3,S04,C0030,store,control,Value,69.73,29.28,0
T03S04039,3,S04,C0037,store,control,Core,87.61,36.8,1
T03S04040,3,S04,C0044,ecommerce,control,Premium,70.18,24.56,0
T03S04041,3,S04,C0051,store,control,Value,37.66,15.82,0
T03S04042,3,S04,C0058,store,control,Core,89.47,37.58,1
T03S04043,3,S04,C0065,store,control,Premium,105.84,44.45,1
T03S04044,3,S04,C0072,store,control,Value,47.54,16.64,0
T03S04045,3,S04,C0079,ecommerce,control,Core,62.72,26.34,0
T03S04046,3,S04,C0086,store,control,Premium,95.49,40.1,1
T03S04047,3,S04,C0093,store,control,Value,117.86,49.5,1
T03S04048,3,S04,C0100,store,control,Core,87.13,30.5,1
T03S04049,3,S04,C0107,store,control,Premium,65.29,27.42,0
T03S04050,3,S04,C0114,ecommerce,control,Value,95.95,40.3,1
T03S04051,3,S04,C0121,store,control,Core,86.73,36.43,1
T03S04052,3,S04,C0128,store,control,Premium,120.71,42.25,1
T03S04053,3,S04,C0135,store,control,Value,63.25,26.56,0
T03S04054,3,S04,C0142,store,control,Core,63.06,26.48,0
T03S04055,3,S04,C0149,ecommerce,control,Premium,121.64,51.09,1
T03S04056,3,S04,C0156,store,control,Value,93.7,32.8,1
T03S04057,3,S04,C0163,store,control,Core,53.28,22.38,0
T03S04058,3,S04,C0170,store,control,Premium,56.47,23.72,0
T03S04059,3,S04,C0177,store,control,Value,94.64,39.75,1
T03S04060,3,S04,C0184,ecommerce,control,Core,80.12,28.04,1
T03S04061,3,S04,C0191,store,control,Premium,72.8,30.58,0
T03S04062,3,S04,C0198,store,control,Value,23.32,9.79,0
T03S04063,3,S04,C0005,store,control,Premium,87.34,36.68,1
T03S04064,3,S04,C0012,store,control,Value,86.21,30.17,1
T03S04065,3,S04,C0019,ecommerce,control,Core,91.47,38.42,1
T03S04066,3,S04,C0026,store,control,Premium,99.88,41.95,1
T03S04067,3,S04,C0033,store,control,Value,85.44,35.89,1
T03S04068,3,S04,C0040,store,control,Core,89.67,31.38,1
T03S04069,3,S04,C0047,store,control,Premium,67.15,28.2,0
T03S04070,3,S04,C0054,ecommerce,control,Value,56.48,23.72,0
T03S04071,3,S04,C0061,store,control,Core,97.89,41.11,1
T03S04072,3,S04,C0068,store,control,Premium,83.18,29.11,1
T03S04073,3,S04,C0075,store,control,Value,86.05,36.14,1
T03S04074,3,S04,C0082,store,control,Core,76.92,32.31,1
T03S04075,3,S04,C0089,ecommerce,control,Premium,71.21,29.91,0
T03S04076,3,S04,C0096,store,control,Value,77.13,26.99,1
T03S04077,3,S04,C0103,store,control,Core,94.08,39.51,1
T03S04078,3,S04,C0110,store,control,Premium,109.56,46.02,1
T03S04079,3,S04,C0117,store,control,Value,37.52,15.76,0
T03S04080,3,S04,C0124,ecommerce,control,Core,85.44,29.9,1
T03S04081,3,S04,C0131,store,control,Premium,84.64,35.55,1
T03S04082,3,S04,C0138,store,control,Value,86.05,36.14,1
T03S04083,3,S04,C0145,store,control,Core,75.78,31.83,0
T03S04084,3,S04,C0152,store,control,Premium,97.17,34.01,1
T03S04085,3,S04,C0159,ecommerce,control,Value,103.03,43.27,1
T03S04086,3,S04,C0166,store,control,Core,100.5,42.21,1
T03S04087,3,S04,C0173,store,control,Premium,105.06,44.12,1
T03S04088,3,S04,C0180,store,control,Value,104.44,36.55,1
T03S04089,3,S04,C0187,store,control,Core,88.91,37.34,1
T03S04090,3,S04,C0194,ecommerce,control,Premium,63.31,26.59,0
T03S04091,3,S04,C0001,store,control,Core,109.25,45.88,1
T03S04092,3,S04,C0008,store,control,Premium,83.1,29.08,1
T03S04093,3,S04,C0015,store,control,Value,122.67,51.52,1
T03S04094,3,S04,C0022,store,control,Core,76.15,31.98,1
T03S04095,3,S04,C0029,ecommerce,control,Premium,68.81,28.9,0
T03S04096,3,S04,C0036,store,control,Value,83.89,29.36,1
T03S04097,3,S04,C0043,store,control,Core,86.08,36.15,1
T03S04098,3,S04,C0050,store,control,Premium,111.47,46.82,1
T03S04099,3,S04,C0057,store,control,Value,75.61,31.76,0
T03S04100,3,S04,C0064,ecommerce,control,Core,54.41,19.05,0
T03S04101,3,S04,C0071,store,control,Premium,103.93,43.65,1
T03S04102,3,S04,C0078,store,control,Value,91.49,38.42,1
T03S04103,3,S04,C0085,store,control,Core,45.28,19.02,0
T03S04104,3,S04,C0092,store,control,Premium,106.03,37.11,1
T03S04105,3,S04,C0099,ecommerce,control,Value,76.37,32.08,1
T03S04106,3,S04,C0106,store,control,Core,52.03,21.85,0
T03S04107,3,S04,C0113,store,control,Premium,64.67,27.16,0
T03S04108,3,S04,C0120,store,control,Value,60.57,21.2,0
T03S04109,3,S04,C0127,store,control,Core,71.26,29.93,0
T03S04110,3,S04,C0134,ecommerce,control,Premium,103.61,43.52,1
T03S04111,3,S04,C0141,store,control,Value,81.55,34.25,1
T03S04112,3,S04,C0148,store,control,Core,78.2,27.37,1
T03S04113,3,S04,C0155,store,control,Premium,87.63,36.8,1
T03S04114,3,S04,C0162,store,control,Value,77.14,32.4,1
T03S04115,3,S04,C0169,ecommerce,control,Core,82.85,34.8,1
T03S04116,3,S04,C0176,store,control,Premium,94.65,33.13,1
T03S04117,3,S04,C0183,store,control,Value,52.33,21.98,0
T03S04118,3,S04,C0190,store,control,Core,61.76,25.94,0
T03S04119,3,S04,C0197,store,control,Premium,111.79,46.95,1
T03S04120,3,S04,C0004,ecommerce,control,Core,79.85,27.95,1
T03S04121,3,S04,C0011,store,control,Premium,89.38,37.54,1
T03S04122,3,S04,C0018,store,control,Value,115.8,48.63,1
T03S04123,3,S04,C0025,store,control,Core,87.88,36.91,1
T03S04124,3,S04,C0032,store,control,Premium,97.44,34.1,1
T03S04125,3,S04,C0039,ecommerce,control,Value,77.02,32.35,1
T03S04126,3,S04,C0046,store,control,Core,65.42,27.47,0
T03S04127,3,S04,C0053,store,control,Premium,72.21,30.33,0
T03S04128,3,S04,C0060,store,control,Value,99.98,34.99,1
T03S04129,3,S04,C0067,store,control,Core,78.42,32.94,1
T03S04130,3,S04,C0074,ecommerce,control,Premium,85.76,36.02,1
T03S04131,3,S04,C0081,store,control,Value,83.58,35.1,1
T03S04132,3,S04,C0088,store,control,Core,83.13,29.1,1
T03S04133,3,S04,C0095,store,control,Premium,97.01,40.74,1
T03S04134,3,S04,C0102,store,control,Value,62.99,26.46,0
T03S04135,3,S04,C0109,ecommerce,control,Core,95.06,39.92,1
T03S04136,3,S04,C0116,store,control,Premium,84.82,29.69,1
T03S04137,3,S04,C0123,store,control,Value,79.74,33.49,1
T03S04138,3,S04,C0130,store,control,Core,64.41,27.05,0
T03S04139,3,S04,C0137,store,control,Premium,124.06,52.11,1
T03S04140,3,S04,C0144,ecommerce,control,Value,75.78,26.52,0
T03S04141,3,S04,C0151,store,control,Core,88.83,37.31,1
T03S04142,3,S04,C0158,store,control,Premium,92.6,38.89,1
T03S04143,3,S04,C0165,store,control,Value,93.32,39.19,1
T03S04144,3,S04,C0172,store,control,Core,86.73,30.36,1
T03S04145,3,S04,C0179,ecommerce,control,Premium,90.57,38.04,1
T03S04146,3,S04,C0186,store,control,Value,80.24,33.7,1
T03S04147,3,S04,C0193,store,control,Core,62.01,26.04,0
T03S04148,3,S04,C0200,store,control,Premium,84.79,29.68,1
T03S04149,3,S04,C0007,store,control,Core,47.8,20.07,0
T03S04150,3,S04,C0014,ecommerce,control,Premium,125.57,52.74,1
T03S04151,3,S04,C0021,store,control,Value,68.58,28.81,0
T03S04152,3,S04,C0028,store,control,Core,93.58,32.75,1
T03S04153,3,S04,C0035,store,control,Premium,64.07,26.91,0
T03S04154,3,S04,C0042,store,control,Value,73.7,30.96,0
T03S04155,3,S04,C0049,ecommerce,control,Core,43.47,18.26,0
T03S04156,3,S04,C0056,store,control,Premium,110.8,38.78,1
T03S04157,3,S04,C0063,store,control,Value,125.67,52.78,1
T03S04158,3,S04,C0070,store,control,Core,63.54,26.69,0
T03S04159,3,S04,C0077,store,control,Premium,65.65,27.57,0
T03S05000,3,S05,C0177,ecommerce,treatment,Value,115.77,40.52,1
T03S05001,3,S05,C0184,store,treatment,Core,80.33,33.74,1
T03S05002,3,S05,C0191,store,treatment,Premium,99.1,41.62,1
T03S05003,3,S05,C0198,store,treatment,Value,65.78,27.63,0
T03S05004,3,S05,C0005,store,treatment,Premium,96.73,33.85,1
T03S05005,3,S05,C0012,ecommerce,treatment,Value,80.62,33.86,1
T03S05006,3,S05,C0019,store,treatment,Core,105.88,44.47,1
T03S05007,3,S05,C0026,store,treatment,Premium,91.15,38.28,1
T03S05008,3,S05,C0033,store,treatment,Value,103.98,36.39,1
T03S05009,3,S05,C0040,store,treatment,Core,70.95,29.8,0
T03S05010,3,S05,C0047,ecommerce,treatment,Premium,71.42,30.0,0
T03S05011,3,S05,C0054,store,treatment,Value,93.27,39.17,1
T03S05012,3,S05,C0061,store,treatment,Core,115.36,40.38,1
T03S05013,3,S05,C0068,store,treatment,Premium,99.06,41.6,1
T03S05014,3,S05,C0075,store,treatment,Value,92.73,38.95,1
T03S05015,3,S05,C0082,ecommerce,treatment,Core,105.96,44.5,1
T03S05016,3,S05,C0089,store,treatment,Premium,94.82,33.19,1
T03S05017,3,S05,C0096,store,treatment,Value,86.42,36.3,1
T03S05018,3,S05,C0103,store,treatment,Core,92.44,38.83,1
T03S05019,3,S05,C0110,store,treatment,Premium,98.24,41.26,1
T03S05020,3,S05,C0117,ecommerce,treatment,Value,96.72,33.85,1
T03S05021,3,S05,C0124,store,treatment,Core,77.63,32.61,1
T03S05022,3,S05,C0131,store,treatment,Premium,123.61,51.92,1
T03S05023,3,S05,C0138,store,treatment,Value,118.48,49.76,1
T03S05024,3,S05,C0145,store,treatment,Core,83.55,29.24,1
T03S05025,3,S05,C0152,ecommerce,treatment,Premium,111.71,46.92,1
T03S05026,3,S05,C0159,store,treatment,Value,88.29,37.08,1
T03S05027,3,S05,C0166,store,treatment,Core,78.35,32.91,1
T03S05028,3,S05,C0173,store,treatment,Premium,108.71,38.05,1
T03S05029,3,S05,C0180,store,treatment,Value,99.07,41.61,1
T03S05030,3,S05,C0187,ecommerce,treatment,Core,79.26,33.29,1
T03S05031,3,S05,C0194,store,treatment,Premium,113.24,47.56,1
T03S05032,3,S05,C0001,store,treatment,Core,103.05,36.07,1
T03S05033,3,S05,C0008,store,treatment,Premium,87.71,36.84,1
T03S05034,3,S05,C0015,store,treatment,Value,104.09,43.72,1
T03S05035,3,S05,C0022,ecommerce,treatment,Core,69.51,29.2,0
T03S05036,3,S05,C0029,store,treatment,Premium,81.87,28.66,1
T03S05037,3,S05,C0036,store,treatment,Value,95.77,40.22,1
T03S05038,3,S05,C0043,store,treatment,Core,75.35,31.65,0
T03S05039,3,S05,C0050,store,treatment,Premium,124.37,52.24,1
T03S05040,3,S05,C0057,ecommerce,treatment,Value,120.3,42.1,1
T03S05041,3,S05,C0064,store,treatment,Core,87.37,36.7,1
T03S05042,3,S05,C0071,store,treatment,Premium,113.31,47.59,1
T03S05043,3,S05,C0078,store,treatment,Value,111.76,46.94,1
T03S05044,3,S05,C0085,store,treatment,Core,96.52,33.78,1
T03S05045,3,S05,C0092,ecommerce,treatment,Premium,87.98,36.95,1
T03S05046,3,S05,C0099,store,treatment,Value,83.27,34.98,1
T03S05047,3,S05,C0106,store,treatment,Core,92.79,38.97,1
T03S05048,3,S05,C0113,store,treatment,Premium,119.12,41.69,1
T03S05049,3,S05,C0120,store,treatment,Value,88.81,37.3,1
T03S05050,3,S05,C0127,ecommerce,treatment,Core,109.87,46.15,1
T03S05051,3,S05,C0134,store,treatment,Premium,95.38,40.06,1
T03S05052,3,S05,C0141,store,treatment,Value,105.15,36.8,1
T03S05053,3,S05,C0148,store,treatment,Core,94.73,39.79,1
T03S05054,3,S05,C0155,store,treatment,Premium,111.71,46.92,1
T03S05055,3,S05,C0162,ecommerce,treatment,Value,90.87,38.17,1
T03S05056,3,S05,C0169,store,treatment,Core,103.09,36.08,1
T03S05057,3,S05,C0176,store,treatment,Premium,118.35,49.71,1
T03S05058,3,S05,C0183,store,treatment,Value,84.89,35.65,1
T03S05059,3,S05,C0190,store,treatment,Core,80.21,33.69,1
T03S05060,3,S05,C0197,ecommerce,treatment,Premium,99.11,34.69,1
T03S05061,3,S05,C0004,store,treatment,Core,71.31,29.95,0
T03S05062,3,S05,C0011,store,treatment,Premium,125.68,52.78,1
T03S05063,3,S05,C0018,store,treatment,Value,105.08,44.13,1
T03S05064,3,S05,C0025,store,treatment,Core,81.33,28.47,1
T03S05065,3,S05,C0032,ecommerce,treatment,Premium,75.94,31.89,0
T03S05066,3,S05,C0039,store,treatment,Value,74.25,31.18,0
T03S05067,3,S05,C0046,store,treatment,Core,103.83,43.61,1
T03S05068,3,S05,C0053,store,treatment,Premium,92.84,32.49,1
T03S05069,3,S05,C0060,store,treatment,Value,79.86,33.54,1
T03S05070,3,S05,C0067,ecommerce,treatment,Core,105.85,44.46,1
T03S05071,3,S05,C0074,store,treatment,Premium,94.54,39.71,1
T03S05072,3,S05,C0081,store,treatment,Value,89.87,31.45,1
T03S05073,3,S05,C0088,store,treatment,Core,64.95,27.28,0
T03S05074,3,S05,C0095,store,treatment,Premium,91.72,38.52,1
T03S05075,3,S05,C0102,ecommerce,treatment,Value,84.56,35.51,1
T03S05076,3,S05,C0109,store,treatment,Core,118.94,41.63,1
T03S05077,3,S05,C0116,store,treatment,Premium,141.22,59.31,1
T03S05078,3,S05,C0123,store,treatment,Value,87.47,36.74,1
T03S05079,3,S05,C0130,store,treatment,Core,109.55,46.01,1
T03S05080,3,S05,C0137,ecommerce,treatment,Premium,71.85,25.15,0
T03S05081,3,S05,C0144,store,treatment,Value,82.42,34.62,1
T03S05082,3,S05,C0151,store,treatment,Core,100.05,42.02,1
T03S05083,3,S05,C0158,store,treatment,Premium,108.26,45.47,1
T03S05084,3,S05,C0165,store,treatment,Value,101.24,35.44,1
T03S05085,3,S05,C0172,ecommerce,treatment,Core,93.7,39.36,1
T03S05086,3,S05,C0179,store,treatment,Premium,139.1,58.42,1
T03S05087,3,S05,C0186,store,treatment,Value,108.75,45.68,1
T03S05088,3,S05,C0193,store,treatment,Core,78.81,27.58,1
T03S05089,3,S05,C0200,store,treatment,Premium,96.55,40.55,1
T03S05090,3,S05,C0007,ecommerce,treatment,Core,82.56,34.68,1
T03S05091,3,S05,C0014,store,treatment,Premium,122.0,51.24,1
T03S05092,3,S05,C0021,store,treatment,Value,132.49,46.37,1
T03S05093,3,S05,C0028,store,treatment,Core,89.34,37.52,1
T03S05094,3,S05,C0035,store,treatment,Premium,83.08,34.89,1
T03S05095,3,S05,C0042,ecommerce,treatment,Value,82.06,34.47,1
T03S05096,3,S05,C0049,store,treatment,Core,87.77,30.72,1
T03S05097,3,S05,C0056,store,treatment,Premium,80.15,33.66,1
T03S05098,3,S05,C0063,store,treatment,Value,108.94,45.75,1
T03S05099,3,S05,C0070,store,treatment,Core,84.02,35.29,1
T03S05100,3,S05,C0077,ecommerce,treatment,Premium,80.67,28.23,1
T03S05101,3,S05,C0084,store,treatment,Value,105.4,44.27,1
T03S05102,3,S05,C0091,store,treatment,Core,67.86,28.5,0
T03S05103,3,S05,C0098,store,treatment,Premium,96.51,40.54,1
T03S05104,3,S05,C0105,store,treatment,Value,81.42,28.5,1
T03S05105,3,S05,C0112,ecommerce,treatment,Core,96.02,40.33,1
T03S05106,3,S05,C0119,store,treatment,Premium,130.26,54.71,1
T03S05107,3,S05,C0126,store,treatment,Value,98.1,41.2,1
T03S05108,3,S05,C0133,store,treatment,Core,74.19,25.97,0
T03S05109,3,S05,C0140,store,treatment,Premium,105.16,44.17,1
T03S05110,3,S05,C0147,ecommerce,treatment,Value,72.52,30.46,0
T03S05111,3,S05,C0154,store,treatment,Core,63.58,26.7,0
T03S05112,3,S05,C0161,store,treatment,Premium,102.6,35.91,1
T03S05113,3,S05,C0168,store,treatment,Value,69.53,29.2,0
T03S05114,3,S05,C0175,store,treatment,Core,55.23,23.19,0
T03S05115,3,S05,C0182,ecommerce,treatment,Premium,93.57,39.3,1
T03S05116,3,S05,C0189,store,treatment,Value,50.8,17.78,0
T03S05117,3,S05,C0196,store,treatment,Core,103.94,43.66,1
T03S05118,3,S05,C0003,store,treatment,Value,90.85,38.16,1
T03S05119,3,S05,C0010,store,treatment,Core,98.42,41.34,1
T03S05120,3,S05,C0017,ecommerce,treatment,Premium,118.02,41.31,1
T03S05121,3,S05,C0024,store,treatment,Value,52.53,22.06,0
T03S05122,3,S05,C0031,store,treatment,Core,68.74,28.87,0
T03S05123,3,S05,C0038,store,treatment,Premium,110.92,46.59,1
T03S05124,3,S05,C0045,store,treatment,Value,74.21,25.98,0
T03S05125,3,S05,C0052,ecommerce,treatment,Core,88.69,37.25,1
T03S05126,3,S05,C0059,store,treatment,Premium,120.0,50.4,1
T03S05127,3,S05,C0066,store,treatment,Value,49.19,20.66,0
T03S05128,3,S05,C0073,store,treatment,Core,105.67,36.98,1
T03S05129,3,S05,C0080,store,treatment,Premium,97.43,40.92,1
T03S05130,3,S05,C0087,ecommerce,treatment,Value,75.65,31.77,0
T03S05131,3,S05,C0094,store,treatment,Core,110.07,46.23,1
T03S05132,3,S05,C0101,store,treatment,Premium,74.32,26.01,0
T03S05133,3,S05,C0108,store,treatment,Value,78.34,32.9,1
T03S05134,3,S05,C0115,store,treatment,Core,117.56,49.37,1
T03S05135,3,S05,C0122,ecommerce,treatment,Premium,115.67,48.58,1
T03S05136,3,S05,C0129,store,treatment,Value,71.76,25.12,0
T03S05137,3,S05,C0136,store,treatment,Core,88.11,37.01,1
T03S05138,3,S05,C0143,store,treatment,Premium,143.07,60.09,1
T03S05139,3,S05,C0150,store,treatment,Value,95.97,40.31,1
T03S05140,3,S05,C0157,ecommerce,treatment,Core,111.6,39.06,1
T03S05141,3,S05,C0164,store,treatment,Premium,120.8,50.73,1
T03S05142,3,S05,C0171,store,treatment,Value,78.08,32.8,1
T03S05143,3,S05,C0178,store,treatment,Core,81.53,34.24,1
T03S05144,3,S05,C0185,store,treatment,Premium,96.24,33.69,1
T03S05145,3,S05,C0192,ecommerce,treatment,Value,89.69,37.67,1
T03S05146,3,S05,C0199,store,treatment,Core,89.08,37.41,1
T03S05147,3,S05,C0006,store,treatment,Value,103.07,43.29,1
T03S05148,3,S05,C0013,store,treatment,Core,86.04,30.11,1
T03S05149,3,S05,C0020,store,treatment,Premium,107.92,45.32,1
T03S05150,3,S05,C0027,ecommerce,treatment,Value,54.6,22.93,0
T03S05151,3,S05,C0034,store,treatment,Core,118.12,49.61,1
T03S05152,3,S05,C0041,store,treatment,Premium,64.43,22.55,0
T03S05153,3,S05,C0048,store,treatment,Value,94.68,39.77,1
T03S05154,3,S05,C0055,store,treatment,Core,72.48,30.44,0
T03S05155,3,S05,C0062,ecommerce,treatment,Premium,91.34,38.36,1
T03S05156,3,S05,C0069,store,treatment,Value,76.06,26.62,1
T03S05157,3,S05,C0076,store,treatment,Core,64.66,27.16,0
T03S05158,3,S05,C0083,store,treatment,Premium,81.06,34.04,1
T03S05159,3,S05,C0090,store,treatment,Value,94.76,39.8,1
T03S06000,3,S06,C0190,ecommerce,control,Core,67.62,23.67,0
T03S06001,3,S06,C0197,store,control,Premium,80.59,33.85,1
T03S06002,3,S06,C0004,store,control,Core,96.2,40.4,1
T03S06003,3,S06,C0011,store,control,Premium,92.46,38.83,1
T03S06004,3,S06,C0018,store,control,Value,93.1,32.59,1
T03S06005,3,S06,C0025,ecommerce,control,Core,84.06,35.3,1
T03S06006,3,S06,C0032,store,control,Premium,70.45,29.59,0
T03S06007,3,S06,C0039,store,control,Value,81.23,34.12,1
T03S06008,3,S06,C0046,store,control,Core,57.16,20.01,0
T03S06009,3,S06,C0053,store,control,Premium,97.86,41.1,1
T03S06010,3,S06,C0060,ecommerce,control,Value,71.32,29.95,0
T03S06011,3,S06,C0067,store,control,Core,49.19,20.66,0
T03S06012,3,S06,C0074,store,control,Premium,72.47,25.37,0
T03S06013,3,S06,C0081,store,control,Value,92.15,38.7,1
T03S06014,3,S06,C0088,store,control,Core,64.82,27.22,0
T03S06015,3,S06,C0095,ecommerce,control,Premium,103.77,43.59,1
T03S06016,3,S06,C0102,store,control,Value,67.27,23.55,0
T03S06017,3,S06,C0109,store,control,Core,75.9,31.88,0
T03S06018,3,S06,C0116,store,control,Premium,76.75,32.24,1
T03S06019,3,S06,C0123,store,control,Value,75.79,31.83,0
T03S06020,3,S06,C0130,ecommerce,control,Core,75.87,26.56,0
T03S06021,3,S06,C0137,store,control,Premium,131.32,55.15,1
T03S06022,3,S06,C0144,store,control,Value,94.5,39.69,1
T03S06023,3,S06,C0151,store,control,Core,41.86,17.58,0
T03S06024,3,S06,C0158,store,control,Premium,71.89,25.16,0
T03S06025,3,S06,C0165,ecommerce,control,Value,72.13,30.29,0
T03S06026,3,S06,C0172,store,control,Core,71.32,29.95,0
T03S06027,3,S06,C0179,store,control,Premium,88.02,36.97,1
T03S06028,3,S06,C0186,store,control,Value,76.09,26.63,1
T03S06029,3,S06,C0193,store,control,Core,57.0,23.94,0
T03S06030,3,S06,C0200,ecommerce,control,Premium,89.93,37.77,1
T03S06031,3,S06,C0007,store,control,Core,74.2,31.17,0
T03S06032,3,S06,C0014,store,control,Premium,92.65,32.43,1
T03S06033,3,S06,C0021,store,control,Value,98.19,41.24,1
T03S06034,3,S06,C0028,store,control,Core,93.76,39.38,1
T03S06035,3,S06,C0035,ecommerce,control,Premium,103.01,43.26,1
T03S06036,3,S06,C0042,store,control,Value,76.85,26.9,1
T03S06037,3,S06,C0049,store,control,Core,55.95,23.5,0
T03S06038,3,S06,C0056,store,control,Premium,89.21,37.47,1
T03S06039,3,S06,C0063,store,control,Value,78.94,33.15,1
T03S06040,3,S06,C0070,ecommerce,control,Core,79.49,27.82,1
T03S06041,3,S06,C0077,store,control,Premium,88.44,37.15,1
T03S06042,3,S06,C0084,store,control,Value,77.46,32.53,1
T03S06043,3,S06,C0091,store,control,Core,67.63,28.4,0
T03S06044,3,S06,C0098,store,control,Premium,52.31,18.31,0
T03S06045,3,S06,C0105,ecommerce,control,Value,70.81,29.74,0
T03S06046,3,S06,C0112,store,control,Core,85.73,36.0,1
T03S06047,3,S06,C0119,store,control,Premium,79.83,33.53,1
T03S06048,3,S06,C0126,store,control,Value,55.16,19.31,0
T03S06049,3,S06,C0133,store,control,Core,47.59,19.99,0
T03S06050,3,S06,C0140,ecommerce,control,Premium,77.71,32.64,1
T03S06051,3,S06,C0147,store,control,Value,63.9,26.84,0
T03S06052,3,S06,C0154,store,control,Core,60.42,21.15,0
T03S06053,3,S06,C0161,store,control,Premium,62.64,26.31,0
T03S06054,3,S06,C0168,store,control,Value,60.55,25.43,0
T03S06055,3,S06,C0175,ecommerce,control,Core,79.8,33.52,1
T03S06056,3,S06,C0182,store,control,Premium,69.74,24.41,0
T03S06057,3,S06,C0189,store,control,Value,46.5,19.53,0
T03S06058,3,S06,C0196,store,control,Core,97.42,40.92,1
T03S06059,3,S06,C0003,store,control,Value,21.02,8.83,0
T03S06060,3,S06,C0010,ecommerce,control,Core,32.42,11.35,0
T03S06061,3,S06,C0017,store,control,Premium,93.93,39.45,1
T03S06062,3,S06,C0024,store,control,Value,70.8,29.74,0
T03S06063,3,S06,C0031,store,control,Core,78.99,33.17,1
T03S06064,3,S06,C0038,store,control,Premium,63.46,22.21,0
T03S06065,3,S06,C0045,ecommerce,control,Value,55.55,23.33,0
T03S06066,3,S06,C0052,store,control,Core,56.51,23.73,0
T03S06067,3,S06,C0059,store,control,Premium,121.24,50.92,1
T03S06068,3,S06,C0066,store,control,Value,62.4,21.84,0
T03S06069,3,S06,C0073,store,control,Core,71.42,30.0,0
T03S06070,3,S06,C0080,ecommerce,control,Premium,95.29,40.02,1
T03S06071,3,S06,C0087,store,control,Value,91.98,38.63,1
T03S06072,3,S06,C0094,store,control,Core,77.84,27.24,1
T03S06073,3,S06,C0101,store,control,Premium,86.47,36.32,1
T03S06074,3,S06,C0108,store,control,Value,76.68,32.21,1
T03S06075,3,S06,C0115,ecommerce,control,Core,90.33,37.94,1
T03S06076,3,S06,C0122,store,control,Premium,86.22,30.18,1
T03S06077,3,S06,C0129,store,control,Value,44.88,18.85,0
T03S06078,3,S06,C0136,store,control,Core,65.29,27.42,0
T03S06079,3,S06,C0143,store,control,Premium,45.07,18.93,0
T03S06080,3,S06,C0150,ecommerce,control,Value,70.93,24.82,0
T03S06081,3,S06,C0157,store,control,Core,73.68,30.94,0
T03S06082,3,S06,C0164,store,control,Premium,107.64,45.21,1
T03S06083,3,S06,C0171,store,control,Value,86.62,36.38,1
T03S06084,3,S06,C0178,store,control,Core,78.54,27.49,1
T03S06085,3,S06,C0185,ecommerce,control,Premium,54.71,22.98,0
T03S06086,3,S06,C0192,store,control,Value,77.68,32.63,1
T03S06087,3,S06,C0199,store,control,Core,53.89,22.63,0
T03S06088,3,S06,C0006,store,control,Value,79.4,27.79,1
T03S06089,3,S06,C0013,store,control,Core,72.49,30.45,0
T03S06090,3,S06,C0020,ecommerce,control,Premium,55.87,23.46,0
T03S06091,3,S06,C0027,store,control,Value,101.94,42.81,1
T03S06092,3,S06,C0034,store,control,Core,74.26,25.99,0
T03S06093,3,S06,C0041,store,control,Premium,101.15,42.48,1
T03S06094,3,S06,C0048,store,control,Value,103.96,43.66,1
T03S06095,3,S06,C0055,ecommerce,control,Core,77.78,32.67,1
T03S06096,3,S06,C0062,store,control,Premium,128.03,44.81,1
T03S06097,3,S06,C0069,store,control,Value,64.57,27.12,0
T03S06098,3,S06,C0076,store,control,Core,95.12,39.95,1
T03S06099,3,S06,C0083,store,control,Premium,100.46,42.19,1
T03S06100,3,S06,C0090,ecommerce,control,Value,83.11,29.09,1
T03S06101,3,S06,C0097,store,control,Core,106.61,44.77,1
T03S06102,3,S06,C0104,store,control,Premium,100.06,42.02,1
T03S06103,3,S06,C0111,store,control,Value,90.61,38.06,1
T03S06104,3,S06,C0118,store,control,Core,74.81,26.18,0
T03S06105,3,S06,C0125,ecommerce,control,Premium,113.55,47.69,1
T03S06106,3,S06,C0132,store,control,Value,40.39,16.96,0
T03S06107,3,S06,C0139,store,control,Core,70.31,29.53,0
T03S06108,3,S06,C0146,store,control,Premium,78.11,27.34,1
T03S06109,3,S06,C0153,store,control,Value,48.74,20.47,0
T03S06110,3,S06,C0160,ecommerce,control,Core,79.44,33.36,1
T03S06111,3,S06,C0167,store,control,Premium,111.01,46.62,1
T03S06112,3,S06,C0174,store,control,Value,87.02,30.46,1
T03S06113,3,S06,C0181,store,control,Core,75.32,31.63,0
T03S06114,3,S06,C0188,store,control,Premium,84.17,35.35,1
T03S06115,3,S06,C0195,ecommerce,control,Value,96.51,40.53,1
T03S06116,3,S06,C0002,store,control,Premium,78.75,27.56,1
T03S06117,3,S06,C0009,store,control,Value,67.32,28.27,0
T03S06118,3,S06,C0016,store,control,Core,76.77,32.24,1
T03S06119,3,S06,C0023,store,control,Premium,94.49,39.69,1
T03S06120,3,S06,C0030,ecommerce,control,Value,66.2,23.17,0
T03S06121,3,S06,C0037,store,control,Core,82.27,34.55,1
T03S06122,3,S06,C0044,store,control,Premium,85.73,36.01,1
T03S06123,3,S06,C0051,store,control,Value,111.63,46.88,1
T03S06124,3,S06,C0058,store,control,Core,57.66,20.18,0
T03S06125,3,S06,C0065,ecommerce,control,Premium,98.37,41.31,1
T03S06126,3,S06,C0072,store,control,Value,45.03,18.91,0
T03S06127,3,S06,C0079,store,control,Core,60.76,25.52,0
T03S06128,3,S06,C0086,store,control,Premium,110.14,38.55,1
T03S06129,3,S06,C0093,store,control,Value,76.87,32.28,1
T03S06130,3,S06,C0100,ecommerce,control,Core,101.47,42.62,1
T03S06131,3,S06,C0107,store,control,Premium,65.83,27.65,0
T03S06132,3,S06,C0114,store,control,Value,75.07,26.27,0
T03S06133,3,S06,C0121,store,control,Core,93.62,39.32,1
T03S06134,3,S06,C0128,store,control,Premium,76.98,32.33,1
T03S06135,3,S06,C0135,ecommerce,control,Value,63.63,26.72,0
T03S06136,3,S06,C0142,store,control,Core,66.18,23.16,0
T03S06137,3,S06,C0149,store,control,Premium,79.9,33.56,1
T03S06138,3,S06,C0156,store,control,Value,91.2,38.3,1
T03S06139,3,S06,C0163,store,control,Core,55.21,23.19,0
T03S06140,3,S06,C0170,ecommerce,control,Premium,87.41,30.59,1
T03S06141,3,S06,C0177,store,control,Value,92.94,39.03,1
T03S06142,3,S06,C0184,store,control,Core,92.62,38.9,1
T03S06143,3,S06,C0191,store,control,Premium,81.64,34.29,1
T03S06144,3,S06,C0198,store,control,Value,52.63,18.42,0
T03S06145,3,S06,C0005,ecommerce,control,Premium,100.37,42.16,1
T03S06146,3,S06,C0012,store,control,Value,54.54,22.9,0
T03S06147,3,S06,C0019,store,control,Core,91.01,38.22,1
T03S06148,3,S06,C0026,store,control,Premium,98.66,34.53,1
T03S06149,3,S06,C0033,store,control,Value,92.64,38.91,1
T03S06150,3,S06,C0040,ecommerce,control,Core,88.16,37.03,1
T03S06151,3,S06,C0047,store,control,Premium,88.44,37.15,1
T03S06152,3,S06,C0054,store,control,Value,39.01,13.65,0
T03S06153,3,S06,C0061,store,control,Core,90.94,38.19,1
T03S06154,3,S06,C0068,store,control,Premium,74.7,31.37,0
T03S06155,3,S06,C0075,ecommerce,control,Value,75.45,31.69,0
T03S06156,3,S06,C0082,store,control,Core,57.04,19.96,0
T03S06157,3,S06,C0089,store,control,Premium,148.0,62.16,1
T03S06158,3,S06,C0096,store,control,Value,79.78,33.51,1
T03S06159,3,S06,C0103,store,control,Core,82.9,34.82,1
T03S07000,3,S07,C0003,ecommerce,treatment,Value,67.92,23.77,0
T03S07001,3,S07,C0010,store,treatment,Core,79.04,33.2,1
T03S07002,3,S07,C0017,store,treatment,Premium,138.33,58.1,1
T03S07003,3,S07,C0024,store,treatment,Value,101.57,42.66,1
T03S07004,3,S07,C0031,store,treatment,Core,94.75,33.16,1
T03S07005,3,S07,C0038,ecommerce,treatment,Premium,115.89,48.67,1
T03S07006,3,S07,C0045,store,treatment,Value,112.42,47.22,1
T03S07007,3,S07,C0052,store,treatment,Core,99.53,41.8,1
T03S07008,3,S07,C0059,store,treatment,Premium,133.89,46.86,1
T03S07009,3,S07,C0066,store,treatment,Value,76.22,32.01,1
T03S07010,3,S07,C0073,ecommerce,treatment,Core,101.68,42.7,1
T03S07011,3,S07,C0080,store,treatment,Premium,125.38,52.66,1
T03S07012,3,S07,C0087,store,treatment,Value,87.06,30.47,1
T03S07013,3,S07,C0094,store,treatment,Core,91.41,38.39,1
T03S07014,3,S07,C0101,store,treatment,Premium,117.17,49.21,1
T03S07015,3,S07,C0108,ecommerce,treatment,Value,97.56,40.98,1
T03S07016,3,S07,C0115,store,treatment,Core,79.9,27.97,1
T03S07017,3,S07,C0122,store,treatment,Premium,109.53,46.0,1
T03S07018,3,S07,C0129,store,treatment,Value,109.1,45.82,1
T03S07019,3,S07,C0136,store,treatment,Core,61.6,25.87,0
T03S07020,3,S07,C0143,ecommerce,treatment,Premium,120.54,42.19,1
T03S07021,3,S07,C0150,store,treatment,Value,113.41,47.63,1
T03S07022,3,S07,C0157,store,treatment,Core,55.44,23.28,0
T03S07023,3,S07,C0164,store,treatment,Premium,105.02,44.11,1
T03S07024,3,S07,C0171,store,treatment,Value,66.88,23.41,0
T03S07025,3,S07,C0178,ecommerce,treatment,Core,56.09,23.56,0
T03S07026,3,S07,C0185,store,treatment,Premium,105.89,44.48,1
T03S07027,3,S07,C0192,store,treatment,Value,75.88,31.87,0
T03S07028,3,S07,C0199,store,treatment,Core,112.84,39.49,1
T03S07029,3,S07,C0006,store,treatment,Value,93.11,39.11,1
T03S07030,3,S07,C0013,ecommerce,treatment,Core,84.94,35.67,1
T03S07031,3,S07,C0020,store,treatment,Premium,115.45,48.49,1
T03S07032,3,S07,C0027,store,treatment,Value,110.54,38.69,1
T03S07033,3,S07,C0034,store,treatment,Core,96.19,40.4,1
T03S07034,3,S07,C0041,store,treatment,Premium,89.82,37.73,1
T03S07035,3,S07,C0048,ecommerce,treatment,Value,98.38,41.32,1
T03S07036,3,S07,C0055,store,treatment,Core,96.94,33.93,1
T03S07037,3,S07,C0062,store,treatment,Premium,104.1,43.72,1
T03S07038,3,S07,C0069,store,treatment,Value,95.35,40.05,1
T03S07039,3,S07,C0076,store,treatment,Core,105.07,44.13,1
T03S07040,3,S07,C0083,ecommerce,treatment,Premium,114.44,40.05,1
T03S07041,3,S07,C0090,store,treatment,Value,124.23,52.17,1
T03S07042,3,S07,C0097,store,treatment,Core,125.49,52.7,1
T03S07043,3,S07,C0104,store,treatment,Premium,96.75,40.64,1
T03S07044,3,S07,C0111,store,treatment,Value,97.22,34.03,1
T03S07045,3,S07,C0118,ecommerce,treatment,Core,88.02,36.97,1
T03S07046,3,S07,C0125,store,treatment,Premium,99.78,41.91,1
T03S07047,3,S07,C0132,store,treatment,Value,96.41,40.49,1
T03S07048,3,S07,C0139,store,treatment,Core,76.18,26.66,1
T03S07049,3,S07,C0146,store,treatment,Premium,138.47,58.16,1
T03S07050,3,S07,C0153,ecommerce,treatment,Value,85.2,35.78,1
T03S07051,3,S07,C0160,store,treatment,Core,93.49,39.27,1
T03S07052,3,S07,C0167,store,treatment,Premium,107.27,37.54,1
T03S07053,3,S07,C0174,store,treatment,Value,87.68,36.83,1
T03S07054,3,S07,C0181,store,treatment,Core,115.01,48.3,1
T03S07055,3,S07,C0188,ecommerce,treatment,Premium,145.83,61.25,1
T03S07056,3,S07,C0195,store,treatment,Value,99.31,34.76,1
T03S07057,3,S07,C0002,store,treatment,Premium,109.57,46.02,1
T03S07058,3,S07,C0009,store,treatment,Value,90.07,37.83,1
T03S07059,3,S07,C0016,store,treatment,Core,124.43,52.26,1
T03S07060,3,S07,C0023,ecommerce,treatment,Premium,83.15,29.1,1
T03S07061,3,S07,C0030,store,treatment,Value,107.95,45.34,1
T03S07062,3,S07,C0037,store,treatment,Core,80.06,33.63,1
T03S07063,3,S07,C0044,store,treatment,Premium,127.09,53.38,1
T03S07064,3,S07,C0051,store,treatment,Value,112.81,39.48,1
T03S07065,3,S07,C0058,ecommerce,treatment,Core,132.09,55.48,1
T03S07066,3,S07,C0065,store,treatment,Premium,72.95,30.64,0
T03S07067,3,S07,C0072,store,treatment,Value,91.39,38.38,1
T03S07068,3,S07,C0079,store,treatment,Core,89.16,31.2,1
T03S07069,3,S07,C0086,store,treatment,Premium,119.59,50.23,1
T03S07070,3,S07,C0093,ecommerce,treatment,Value,110.83,46.55,1
T03S07071,3,S07,C0100,store,treatment,Core,90.37,37.95,1
T03S07072,3,S07,C0107,store,treatment,Premium,98.01,34.3,1
T03S07073,3,S07,C0114,store,treatment,Value,71.82,30.16,0
T03S07074,3,S07,C0121,store,treatment,Core,93.07,39.09,1
T03S07075,3,S07,C0128,ecommerce,treatment,Premium,175.14,73.56,1
T03S07076,3,S07,C0135,store,treatment,Value,116.57,40.8,1
T03S07077,3,S07,C0142,store,treatment,Core,104.37,43.83,1
T03S07078,3,S07,C0149,store,treatment,Premium,111.62,46.88,1
T03S07079,3,S07,C0156,store,treatment,Value,65.19,27.38,0
T03S07080,3,S07,C0163,ecommerce,treatment,Core,85.33,29.87,1
T03S07081,3,S07,C0170,store,treatment,Premium,93.47,39.26,1
T03S07082,3,S07,C0177,store,treatment,Value,80.57,33.84,1
T03S07083,3,S07,C0184,store,treatment,Core,60.17,25.27,0
T03S07084,3,S07,C0191,store,treatment,Premium,105.93,37.08,1
T03S07085,3,S07,C0198,ecommerce,treatment,Value,77.66,32.62,1
T03S07086,3,S07,C0005,store,treatment,Premium,137.75,57.86,1
T03S07087,3,S07,C0012,store,treatment,Value,80.93,33.99,1
T03S07088,3,S07,C0019,store,treatment,Core,96.24,33.68,1
T03S07089,3,S07,C0026,store,treatment,Premium,106.73,44.83,1
T03S07090,3,S07,C0033,ecommerce,treatment,Value,86.43,36.3,1
T03S07091,3,S07,C0040,store,treatment,Core,105.82,44.44,1
T03S07092,3,S07,C0047,store,treatment,Premium,102.54,35.89,1
T03S07093,3,S07,C0054,store,treatment,Value,104.52,43.9,1
T03S07094,3,S07,C0061,store,treatment,Core,82.69,34.73,1
T03S07095,3,S07,C0068,ecommerce,treatment,Premium,115.27,48.41,1
T03S07096,3,S07,C0075,store,treatment,Value,117.2,41.02,1
T03S07097,3,S07,C0082,store,treatment,Core,96.41,40.49,1
T03S07098,3,S07,C0089,store,treatment,Premium,156.03,65.53,1
T03S07099,3,S07,C0096,store,treatment,Value,119.05,50.0,1
T03S07100,3,S07,C0103,ecommerce,treatment,Core,74.29,26.0,0
T03S07101,3,S07,C0110,store,treatment,Premium,105.63,44.37,1
T03S07102,3,S07,C0117,store,treatment,Value,108.76,45.68,1
T03S07103,3,S07,C0124,store,treatment,Core,102.57,43.08,1
T03S07104,3,S07,C0131,store,treatment,Premium,119.57,41.85,1
T03S07105,3,S07,C0138,ecommerce,treatment,Value,54.86,23.04,0
T03S07106,3,S07,C0145,store,treatment,Core,93.79,39.39,1
T03S07107,3,S07,C0152,store,treatment,Premium,127.53,53.56,1
T03S07108,3,S07,C0159,store,treatment,Value,87.53,30.64,1
T03S07109,3,S07,C0166,store,treatment,Core,95.35,40.05,1
T03S07110,3,S07,C0173,ecommerce,treatment,Premium,111.96,47.02,1
T03S07111,3,S07,C0180,store,treatment,Value,86.65,36.39,1
T03S07112,3,S07,C0187,store,treatment,Core,60.68,21.24,0
T03S07113,3,S07,C0194,store,treatment,Premium,89.26,37.49,1
T03S07114,3,S07,C0001,store,treatment,Core,78.37,32.91,1
T03S07115,3,S07,C0008,ecommerce,treatment,Premium,111.12,46.67,1
T03S07116,3,S07,C0015,store,treatment,Value,84.39,29.54,1
T03S07117,3,S07,C0022,store,treatment,Core,91.74,38.53,1
T03S07118,3,S07,C0029,store,treatment,Premium,65.44,27.48,0
T03S07119,3,S07,C0036,store,treatment,Value,106.3,44.65,1
T03S07120,3,S07,C0043,ecommerce,treatment,Core,99.92,34.97,1
T03S07121,3,S07,C0050,store,treatment,Premium,106.15,44.58,1
T03S07122,3,S07,C0057,store,treatment,Value,89.03,37.39,1
T03S07123,3,S07,C0064,store,treatment,Core,82.1,34.48,1
T03S07124,3,S07,C0071,store,treatment,Premium,133.09,46.58,1
T03S07125,3,S07,C0078,ecommerce,treatment,Value,90.98,38.21,1
T03S07126,3,S07,C0085,store,treatment,Core,90.39,37.96,1
T03S07127,3,S07,C0092,store,treatment,Premium,119.08,50.01,1
T03S07128,3,S07,C0099,store,treatment,Value,91.17,31.91,1
T03S07129,3,S07,C0106,store,treatment,Core,84.03,35.29,1
T03S07130,3,S07,C0113,ecommerce,treatment,Premium,122.73,51.55,1
T03S07131,3,S07,C0120,store,treatment,Value,61.09,25.66,0
T03S07132,3,S07,C0127,store,treatment,Core,102.61,35.91,1
T03S07133,3,S07,C0134,store,treatment,Premium,121.52,51.04,1
T03S07134,3,S07,C0141,store,treatment,Value,95.4,40.07,1
T03S07135,3,S07,C0148,ecommerce,treatment,Core,102.32,42.98,1
T03S07136,3,S07,C0155,store,treatment,Premium,82.26,28.79,1
T03S07137,3,S07,C0162,store,treatment,Value,111.75,46.94,1
T03S07138,3,S07,C0169,store,treatment,Core,129.1,54.22,1
T03S07139,3,S07,C0176,store,treatment,Premium,99.92,41.97,1
T03S07140,3,S07,C0183,ecommerce,treatment,Value,114.25,39.99,1
T03S07141,3,S07,C0190,store,treatment,Core,101.05,42.44,1
T03S07142,3,S07,C0197,store,treatment,Premium,68.07,28.59,0
T03S07143,3,S07,C0004,store,treatment,Core,98.96,41.56,1
T03S07144,3,S07,C0011,store,treatment,Premium,94.93,33.23,1
T03S07145,3,S07,C0018,ecommerce,treatment,Value,71.65,30.09,0
T03S07146,3,S07,C0025,store,treatment,Core,124.68,52.37,1
T03S07147,3,S07,C0032,store,treatment,Premium,105.55,44.33,1
T03S07148,3,S07,C0039,store,treatment,Value,95.36,33.38,1
T03S07149,3,S07,C0046,store,treatment,Core,104.59,43.93,1
T03S07150,3,S07,C0053,ecommerce,treatment,Premium,114.19,47.96,1
T03S07151,3,S07,C0060,store,treatment,Value,65.54,27.53,0
T03S07152,3,S07,C0067,store,treatment,Core,75.33,26.37,0
T03S07153,3,S07,C0074,store,treatment,Premium,109.67,46.06,1
T03S07154,3,S07,C0081,store,treatment,Value,99.69,41.87,1
T03S07155,3,S07,C0088,ecommerce,treatment,Core,84.31,35.41,1
T03S07156,3,S07,C0095,store,treatment,Premium,136.15,47.65,1
T03S07157,3,S07,C0102,store,treatment,Value,86.63,36.38,1
T03S07158,3,S07,C0109,store,treatment,Core,83.61,35.12,1
T03S07159,3,S07,C0116,store,treatment,Premium,121.95,51.22,1
T03S08000,3,S08,C0016,ecommerce,control,Core,111.4,38.99,1
T03S08001,3,S08,C0023,store,control,Premium,81.33,34.16,1
T03S08002,3,S08,C0030,store,control,Value,85.02,35.71,1
T03S08003,3,S08,C0037,store,control,Core,56.69,23.81,0
T03S08004,3,S08,C0044,store,control,Premium,84.87,29.71,1
T03S08005,3,S08,C0051,ecommerce,control,Value,110.35,46.35,1
T03S08006,3,S08,C0058,store,control,Core,56.59,23.77,0
T03S08007,3,S08,C0065,store,control,Premium,87.51,36.75,1
T03S08008,3,S08,C0072,store,control,Value,106.51,37.28,1
T03S08009,3,S08,C0079,store,control,Core,73.89,31.03,0
T03S08010,3,S08,C0086,ecommerce,control,Premium,114.1,47.92,1
T03S08011,3,S08,C0093,store,control,Value,90.74,38.11,1
T03S08012,3,S08,C0100,store,control,Core,49.06,17.17,0
T03S08013,3,S08,C0107,store,control,Premium,107.37,45.1,1
T03S08014,3,S08,C0114,store,control,Value,109.53,46.0,1
T03S08015,3,S08,C0121,ecommerce,control,Core,97.17,40.81,1
T03S08016,3,S08,C0128,store,control,Premium,56.35,19.72,0
T03S08017,3,S08,C0135,store,control,Value,66.53,27.94,0
T03S08018,3,S08,C0142,store,control,Core,88.83,37.31,1
T03S08019,3,S08,C0149,store,control,Premium,68.47,28.76,0
T03S08020,3,S08,C0156,ecommerce,control,Value,91.5,32.03,1
T03S08021,3,S08,C0163,store,control,Core,86.54,36.35,1
T03S08022,3,S08,C0170,store,control,Premium,54.48,22.88,0
T03S08023,3,S08,C0177,store,control,Value,83.38,35.02,1
T03S08024,3,S08,C0184,store,control,Core,95.78,33.52,1
T03S08025,3,S08,C0191,ecommerce,control,Premium,99.49,41.78,1
T03S08026,3,S08,C0198,store,control,Value,98.68,41.44,1
T03S08027,3,S08,C0005,store,control,Premium,103.89,43.63,1
T03S08028,3,S08,C0012,store,control,Value,41.3,14.46,0
T03S08029,3,S08,C0019,store,control,Core,84.34,35.42,1
T03S08030,3,S08,C0026,ecommerce,control,Premium,121.61,51.08,1
T03S08031,3,S08,C0033,store,control,Value,71.18,29.89,0
T03S08032,3,S08,C0040,store,control,Core,90.97,31.84,1
T03S08033,3,S08,C0047,store,control,Premium,78.74,33.07,1
T03S08034,3,S08,C0054,store,control,Value,75.92,31.89,0
T03S08035,3,S08,C0061,ecommerce,control,Core,90.71,38.1,1
T03S08036,3,S08,C0068,store,control,Premium,76.37,26.73,1
T03S08037,3,S08,C0075,store,control,Value,30.98,13.01,0
T03S08038,3,S08,C0082,store,control,Core,88.42,37.13,1
T03S08039,3,S08,C0089,store,control,Premium,73.54,30.89,0
T03S08040,3,S08,C0096,ecommerce,control,Value,93.7,32.8,1
T03S08041,3,S08,C0103,store,control,Core,98.47,41.36,1
T03S08042,3,S08,C0110,store,control,Premium,102.36,42.99,1
T03S08043,3,S08,C0117,store,control,Value,45.87,19.27,0
T03S08044,3,S08,C0124,store,control,Core,105.59,36.95,1
T03S08045,3,S08,C0131,ecommerce,control,Premium,96.08,40.35,1
T03S08046,3,S08,C0138,store,control,Value,77.47,32.54,1
T03S08047,3,S08,C0145,store,control,Core,94.82,39.82,1
T03S08048,3,S08,C0152,store,control,Premium,85.86,30.05,1
T03S08049,3,S08,C0159,store,control,Value,85.01,35.71,1
T03S08050,3,S08,C0166,ecommerce,control,Core,90.05,37.82,1
T03S08051,3,S08,C0173,store,control,Premium,84.7,35.57,1
T03S08052,3,S08,C0180,store,control,Value,86.28,30.2,1
T03S08053,3,S08,C0187,store,control,Core,105.46,44.29,1
T03S08054,3,S08,C0194,store,control,Premium,96.67,40.6,1
T03S08055,3,S08,C0001,ecommerce,control,Core,88.56,37.19,1
T03S08056,3,S08,C0008,store,control,Premium,93.32,32.66,1
T03S08057,3,S08,C0015,store,control,Value,91.66,38.5,1
T03S08058,3,S08,C0022,store,control,Core,88.69,37.25,1
T03S08059,3,S08,C0029,store,control,Premium,134.03,56.29,1
T03S08060,3,S08,C0036,ecommerce,control,Value,58.22,20.38,0
T03S08061,3,S08,C0043,store,control,Core,78.77,33.08,1
T03S08062,3,S08,C0050,store,control,Premium,55.33,23.24,0
T03S08063,3,S08,C0057,store,control,Value,84.43,35.46,1
T03S08064,3,S08,C0064,store,control,Core,124.17,43.46,1
T03S08065,3,S08,C0071,ecommerce,control,Premium,132.17,55.51,1
T03S08066,3,S08,C0078,store,control,Value,97.25,40.85,1
T03S08067,3,S08,C0085,store,control,Core,92.53,38.86,1
T03S08068,3,S08,C0092,store,control,Premium,100.14,35.05,1
T03S08069,3,S08,C0099,store,control,Value,75.19,31.58,0
T03S08070,3,S08,C0106,ecommerce,control,Core,96.15,40.38,1
T03S08071,3,S08,C0113,store,control,Premium,134.78,56.61,1
T03S08072,3,S08,C0120,store,control,Value,110.12,38.54,1
T03S08073,3,S08,C0127,store,control,Core,124.69,52.37,1
T03S08074,3,S08,C0134,store,control,Premium,85.67,35.98,1
T03S08075,3,S08,C0141,ecommerce,control,Value,73.2,30.74,0
T03S08076,3,S08,C0148,store,control,Core,84.36,29.53,1
T03S08077,3,S08,C0155,store,control,Premium,77.57,32.58,1
T03S08078,3,S08,C0162,store,control,Value,69.84,29.33,0
T03S08079,3,S08,C0169,store,control,Core,105.34,44.24,1
T03S08080,3,S08,C0176,ecommerce,control,Premium,90.8,31.78,1
T03S08081,3,S08,C0183,store,control,Value,66.05,27.74,0
T03S08082,3,S08,C0190,store,control,Core,84.23,35.38,1
T03S08083,3,S08,C0197,store,control,Premium,76.98,32.33,1
T03S08084,3,S08,C0004,store,control,Core,73.56,25.74,0
T03S08085,3,S08,C0011,ecommerce,control,Premium,54.85,23.03,0
T03S08086,3,S08,C0018,store,control,Value,72.56,30.48,0
T03S08087,3,S08,C0025,store,control,Core,86.55,36.35,1
T03S08088,3,S08,C0032,store,control,Premium,61.25,21.44,0
T03S08089,3,S08,C0039,store,control,Value,81.67,34.3,1
T03S08090,3,S08,C0046,ecommerce,control,Core,66.13,27.78,0
T03S08091,3,S08,C0053,store,control,Premium,114.46,48.08,1
T03S08092,3,S08,C0060,store,control,Value,67.47,23.62,0
T03S08093,3,S08,C0067,store,control,Core,60.33,25.34,0
T03S08094,3,S08,C0074,store,control,Premium,99.42,41.76,1
T03S08095,3,S08,C0081,ecommerce,control,Value,51.45,21.61,0
T03S08096,3,S08,C0088,store,control,Core,105.52,36.93,1
T03S08097,3,S08,C0095,store,control,Premium,80.4,33.77,1
T03S08098,3,S08,C0102,store,control,Value,66.05,27.74,0
T03S08099,3,S08,C0109,store,control,Core,84.27,35.39,1
T03S08100,3,S08,C0116,ecommerce,control,Premium,92.33,32.32,1
T03S08101,3,S08,C0123,store,control,Value,87.62,36.8,1
T03S08102,3,S08,C0130,store,control,Core,85.73,36.01,1
T03S08103,3,S08,C0137,store,control,Premium,106.06,44.54,1
T03S08104,3,S08,C0144,store,control,Value,33.6,11.76,0
T03S08105,3,S08,C0151,ecommerce,control,Core,111.92,47.01,1
T03S08106,3,S08,C0158,store,control,Premium,102.0,42.84,1
T03S08107,3,S08,C0165,store,control,Value,85.02,35.71,1
T03S08108,3,S08,C0172,store,control,Core,85.48,29.92,1
T03S08109,3,S08,C0179,store,control,Premium,85.5,35.91,1
T03S08110,3,S08,C0186,ecommerce,control,Value,60.3,25.32,0
T03S08111,3,S08,C0193,store,control,Core,68.63,28.82,0
T03S08112,3,S08,C0200,store,control,Premium,55.68,19.49,0
T03S08113,3,S08,C0007,store,control,Core,114.9,48.26,1
T03S08114,3,S08,C0014,store,control,Premium,94.36,39.63,1
T03S08115,3,S08,C0021,ecommerce,control,Value,79.99,33.6,1
T03S08116,3,S08,C0028,store,control,Core,109.56,38.35,1
T03S08117,3,S08,C0035,store,control,Premium,76.58,32.16,1
T03S08118,3,S08,C0042,store,control,Value,120.13,50.45,1
T03S08119,3,S08,C0049,store,control,Core,89.53,37.6,1
T03S08120,3,S08,C0056,ecommerce,control,Premium,95.44,33.4,1
T03S08121,3,S08,C0063,store,control,Value,68.76,28.88,0
T03S08122,3,S08,C0070,store,control,Core,89.63,37.65,1
T03S08123,3,S08,C0077,store,control,Premium,86.5,36.33,1
T03S08124,3,S08,C0084,store,control,Value,74.13,25.95,0
T03S08125,3,S08,C0091,ecommerce,control,Core,68.49,28.77,0
T03S08126,3,S08,C0098,store,control,Premium,75.27,31.61,0
T03S08127,3,S08,C0105,store,control,Value,65.32,27.43,0
T03S08128,3,S08,C0112,store,control,Core,99.91,34.97,1
T03S08129,3,S08,C0119,store,control,Premium,92.33,38.78,1
T03S08130,3,S08,C0126,ecommerce,control,Value,46.01,19.32,0
T03S08131,3,S08,C0133,store,control,Core,110.03,46.21,1
T03S08132,3,S08,C0140,store,control,Premium,111.59,39.06,1
T03S08133,3,S08,C0147,store,control,Value,64.42,27.05,0
T03S08134,3,S08,C0154,store,control,Core,112.77,47.36,1
T03S08135,3,S08,C0161,ecommerce,control,Premium,105.7,44.39,1
T03S08136,3,S08,C0168,store,control,Value,98.21,34.37,1
T03S08137,3,S08,C0175,store,control,Core,68.92,28.95,0
T03S08138,3,S08,C0182,store,control,Premium,94.98,39.89,1
T03S08139,3,S08,C0189,store,control,Value,87.12,36.59,1
T03S08140,3,S08,C0196,ecommerce,control,Core,84.36,29.53,1
T03S08141,3,S08,C0003,store,control,Value,56.56,23.76,0
T03S08142,3,S08,C0010,store,control,Core,90.73,38.11,1
T03S08143,3,S08,C0017,store,control,Premium,88.48,37.16,1
T03S08144,3,S08,C0024,store,control,Value,97.25,34.04,1
T03S08145,3,S08,C0031,ecommerce,control,Core,114.02,47.89,1
T03S08146,3,S08,C0038,store,control,Premium,126.72,53.22,1
T03S08147,3,S08,C0045,store,control,Value,75.09,31.54,0
T03S08148,3,S08,C0052,store,control,Core,56.54,19.79,0
T03S08149,3,S08,C0059,store,control,Premium,83.09,34.9,1
T03S08150,3,S08,C0066,ecommerce,control,Value,107.85,45.3,1
T03S08151,3,S08,C0073,store,control,Core,81.2,34.1,1
T03S08152,3,S08,C0080,store,control,Premium,117.78,41.22,1
T03S08153,3,S08,C0087,store,control,Value,91.72,38.52,1
T03S08154,3,S08,C0094,store,control,Core,74.94,31.48,0
T03S08155,3,S08,C0101,ecommerce,control,Premium,94.41,39.65,1
T03S08156,3,S08,C0108,store,control,Value,78.97,27.64,1
T03S08157,3,S08,C0115,store,control,Core,107.9,45.32,1
T03S08158,3,S08,C0122,store,control,Premium,86.89,36.49,1
T03S08159,3,S08,C0129,store,control,Value,77.04,32.36,1
T04S01000,4,S01,C0162,ecommerce,treatment,Value,72.5,25.37,0
T04S01001,4,S01,C0169,store,treatment,Core,104.27,43.79,1
T04S01002,4,S01,C0176,store,treatment,Premium,74.69,31.37,0
T04S01003,4,S01,C0183,store,treatment,Value,69.88,29.35,0
T04S01004,4,S01,C0190,store,treatment,Core,82.52,28.88,1
T04S01005,4,S01,C0197,ecommerce,treatment,Premium,100.56,42.24,1
T04S01006,4,S01,C0004,store,treatment,Core,105.19,44.18,1
T04S01007,4,S01,C0011,store,treatment,Premium,70.43,29.58,0
T04S01008,4,S01,C0018,store,treatment,Value,112.87,39.5,1
T04S01009,4,S01,C0025,store,treatment,Core,82.33,34.58,1
T04S01010,4,S01,C0032,ecommerce,treatment,Premium,109.62,46.04,1
T04S01011,4,S01,C0039,store,treatment,Value,123.69,51.95,1
T04S01012,4,S01,C0046,store,treatment,Core,109.22,38.23,1
T04S01013,4,S01,C0053,store,treatment,Premium,81.39,34.18,1
T04S01014,4,S01,C0060,store,treatment,Value,89.53,37.6,1
T04S01015,4,S01,C0067,ecommerce,treatment,Core,110.06,46.23,1
T04S01016,4,S01,C0074,store,treatment,Premium,94.97,33.24,1
T04S01017,4,S01,C0081,store,treatment,Value,66.11,27.77,0
T04S01018,4,S01,C0088,store,treatment,Core,79.99,33.59,1
T04S01019,4,S01,C0095,store,treatment,Premium,88.21,37.05,1
T04S01020,4,S01,C0102,ecommerce,treatment,Value,96.3,33.71,1
T04S01021,4,S01,C0109,store,treatment,Core,131.34,55.16,1
T04S01022,4,S01,C0116,store,treatment,Premium,113.79,47.79,1
T04S01023,4,S01,C0123,store,treatment,Value,90.78,38.13,1
T04S01024,4,S01,C0130,store,treatment,Core,91.13,31.9,1
T04S01025,4,S01,C0137,ecommerce,treatment,Premium,116.63,48.99,1
T04S01026,4,S01,C0144,store,treatment,Value,94.49,39.69,1
T04S01027,4,S01,C0151,store,treatment,Core,105.44,44.29,1
T04S01028,4,S01,C0158,store,treatment,Premium,111.57,39.05,1
T04S01029,4,S01,C0165,store,treatment,Value,58.15,24.43,0
T04S01030,4,S01,C0172,ecommerce,treatment,Core,142.02,59.65,1
T04S01031,4,S01,C0179,store,treatment,Premium,73.43,30.84,0
T04S01032,4,S01,C0186,store,treatment,Value,65.4,22.89,0
T04S01033,4,S01,C0193,store,treatment,Core,76.82,32.26,1
T04S01034,4,S01,C0200,store,treatment,Premium,126.0,52.92,1
T04S01035,4,S01,C0007,ecommerce,treatment,Core,69.77,29.3,0
T04S01036,4,S01,C0014,store,treatment,Premium,108.5,37.97,1
T04S01037,4,S01,C0021,store,treatment,Value,55.89,23.47,0
T04S01038,4,S01,C0028,store,treatment,Core,85.52,35.92,1
T04S01039,4,S01,C0035,store,treatment,Premium,89.45,37.57,1
T04S01040,4,S01,C0042,ecommerce,treatment,Value,104.56,36.6,1
T04S01041,4,S01,C0049,store,treatment,Core,86.92,36.51,1
T04S01042,4,S01,C0056,store,treatment,Premium,107.89,45.32,1
T04S01043,4,S01,C0063,store,treatment,Value,98.73,41.47,1
T04S01044,4,S01,C0070,store,treatment,Core,93.34,32.67,1
T04S01045,4,S01,C0077,ecommerce,treatment,Premium,100.38,42.16,1
T04S01046,4,S01,C0084,store,treatment,Value,90.13,37.86,1
T04S01047,4,S01,C0091,store,treatment,Core,85.83,36.05,1
T04S01048,4,S01,C0098,store,treatment,Premium,107.58,37.65,1
T04S01049,4,S01,C0105,store,treatment,Value,97.88,41.11,1
T04S01050,4,S01,C0112,ecommerce,treatment,Core,94.08,39.52,1
T04S01051,4,S01,C0119,store,treatment,Premium,121.67,51.1,1
T04S01052,4,S01,C0126,store,treatment,Value,73.69,25.79,0
T04S01053,4,S01,C0133,store,treatment,Core,82.26,34.55,1
T04S01054,4,S01,C0140,store,treatment,Premium,100.39,42.16,1
T04S01055,4,S01,C0147,ecommerce,treatment,Value,114.85,48.23,1
T04S01056,4,S01,C0154,store,treatment,Core,97.18,34.01,1
T04S01057,4,S01,C0161,store,treatment,Premium,119.01,49.98,1
T04S01058,4,S01,C0168,store,treatment,Value,78.95,33.16,1
T04S01059,4,S01,C0175,store,treatment,Core,117.0,49.14,1
T04S01060,4,S01,C0182,ecommerce,treatment,Premium,90.04,31.51,1
T04S01061,4,S01,C0189,store,treatment,Value,92.98,39.05,1
T04S01062,4,S01,C0196,store,treatment,Core,88.09,37.0,1
T04S01063,4,S01,C0003,store,treatment,Value,64.69,27.17,0
T04S01064,4,S01,C0010,store,treatment,Core,117.28,41.05,1
T04S01065,4,S01,C0017,ecommerce,treatment,Premium,95.23,40.0,1
T04S01066,4,S01,C0024,store,treatment,Value,95.34,40.04,1
T04S01067,4,S01,C0031,store,treatment,Core,90.63,38.06,1
T04S01068,4,S01,C0038,store,treatment,Premium,112.63,39.42,1
T04S01069,4,S01,C0045,store,treatment,Value,87.0,36.54,1
T04S01070,4,S01,C0052,ecommerce,treatment,Core,100.98,42.41,1
T04S01071,4,S01,C0059,store,treatment,Premium,103.17,43.33,1
T04S01072,4,S01,C0066,store,treatment,Value,117.09,40.98,1
T04S01073,4,S01,C0073,store,treatment,Core,94.45,39.67,1
T04S01074,4,S01,C0080,store,treatment,Premium,105.39,44.26,1
T04S01075,4,S01,C0087,ecommerce,treatment,Value,83.69,35.15,1
T04S01076,4,S01,C0094,store,treatment,Core,126.93,44.43,1
T04S01077,4,S01,C0101,store,treatment,Premium,124.57,52.32,1
T04S01078,4,S01,C0108,store,treatment,Value,110.7,46.5,1
T04S01079,4,S01,C0115,store,treatment,Core,92.9,39.02,1
T04S01080,4,S01,C0122,ecommerce,treatment,Premium,101.9,35.66,1
T04S01081,4,S01,C0129,store,treatment,Value,75.44,31.69,0
T04S01082,4,S01,C0136,store,treatment,Core,87.65,36.81,1
T04S01083,4,S01,C0143,store,treatment,Premium,103.9,43.64,1
T04S01084,4,S01,C0150,store,treatment,Value,41.69,14.59,0
T04S01085,4,S01,C0157,ecommerce,treatment,Core,85.22,35.79,1
T04S01086,4,S01,C0164,store,treatment,Premium,99.51,41.8,1
T04S01087,4,S01,C0171,store,treatment,Value,102.16,42.91,1
T04S01088,4,S01,C0178,store,treatment,Core,114.89,40.21,1
T04S01089,4,S01,C0185,store,treatment,Premium,89.81,37.72,1
T04S01090,4,S01,C0192,ecommerce,treatment,Value,47.06,19.76,0
T04S01091,4,S01,C0199,store,treatment,Core,122.07,51.27,1
T04S01092,4,S01,C0006,store,treatment,Value,64.6,22.61,0
T04S01093,4,S01,C0013,store,treatment,Core,99.55,41.81,1
T04S01094,4,S01,C0020,store,treatment,Premium,109.4,45.95,1
T04S01095,4,S01,C0027,ecommerce,treatment,Value,109.81,46.12,1
T04S01096,4,S01,C0034,store,treatment,Core,104.39,36.54,1
T04S01097,4,S01,C0041,store,treatment,Premium,66.77,28.04,0
T04S01098,4,S01,C0048,store,treatment,Value,110.56,46.44,1
T04S01099,4,S01,C0055,store,treatment,Core,104.38,43.84,1
T04S01100,4,S01,C0062,ecommerce,treatment,Premium,66.03,23.11,0
T04S01101,4,S01,C0069,store,treatment,Value,89.14,37.44,1
T04S01102,4,S01,C0076,store,treatment,Core,104.63,43.95,1
T04S01103,4,S01,C0083,store,treatment,Premium,100.04,42.02,1
T04S01104,4,S01,C0090,store,treatment,Value,78.39,27.43,1
T04S01105,4,S01,C0097,ecommerce,treatment,Core,82.45,34.63,1
T04S01106,4,S01,C0104,store,treatment,Premium,94.24,39.58,1
T04S01107,4,S01,C0111,store,treatment,Value,84.69,35.57,1
T04S01108,4,S01,C0118,store,treatment,Core,109.74,38.41,1
T04S01109,4,S01,C0125,store,treatment,Premium,103.39,43.43,1
T04S01110,4,S01,C0132,ecommerce,treatment,Value,88.57,37.2,1
T04S01111,4,S01,C0139,store,treatment,Core,113.26,47.57,1
T04S01112,4,S01,C0146,store,treatment,Premium,68.38,23.93,0
T04S01113,4,S01,C0153,store,treatment,Value,94.84,39.83,1
T04S01114,4,S01,C0160,store,treatment,Core,109.92,46.17,1
T04S01115,4,S01,C0167,ecommerce,treatment,Premium,109.1,45.82,1
T04S01116,4,S01,C0174,store,treatment,Value,105.68,36.99,1
T04S01117,4,S01,C0181,store,treatment,Core,108.73,45.67,1
T04S01118,4,S01,C0188,store,treatment,Premium,93.72,39.36,1
T04S01119,4,S01,C0195,store,treatment,Value,101.33,42.56,1
T04S01120,4,S01,C0002,ecommerce,treatment,Premium,134.08,46.93,1
T04S01121,4,S01,C0009,store,treatment,Value,85.42,35.88,1
T04S01122,4,S01,C0016,store,treatment,Core,79.21,33.27,1
T04S01123,4,S01,C0023,store,treatment,Premium,85.59,35.95,1
T04S01124,4,S01,C0030,store,treatment,Value,91.08,31.88,1
T04S01125,4,S01,C0037,ecommerce,treatment,Core,50.02,21.01,0
T04S01126,4,S01,C0044,store,treatment,Premium,128.64,54.03,1
T04S01127,4,S01,C0051,store,treatment,Value,95.48,40.1,1
T04S01128,4,S01,C0058,store,treatment,Core,85.11,29.79,1
T04S01129,4,S01,C0065,store,treatment,Premium,86.99,36.54,1
T04S01130,4,S01,C0072,ecommerce,treatment,Value,88.67,37.24,1
T04S01131,4,S01,C0079,store,treatment,Core,72.72,30.54,0
T04S01132,4,S01,C0086,store,treatment,Premium,75.95,26.58,0
T04S01133,4,S01,C0093,store,treatment,Value,52.64,22.11,0
T04S01134,4,S01,C0100,store,treatment,Core,79.84,33.53,1
T04S01135,4,S01,C0107,ecommerce,treatment,Premium,129.56,54.42,1
T04S01136,4,S01,C0114,store,treatment,Value,95.2,33.32,1
T04S01137,4,S01,C0121,store,treatment,Core,94.01,39.49,1
T04S01138,4,S01,C0128,store,treatment,Premium,131.66,55.3,1
T04S01139,4,S01,C0135,store,treatment,Value,60.79,25.53,0
T04S01140,4,S01,C0142,ecommerce,treatment,Core,97.74,34.21,1
T04S01141,4,S01,C0149,store,treatment,Premium,100.94,42.4,1
T04S01142,4,S01,C0156,store,treatment,Value,97.95,41.14,1
T04S01143,4,S01,C0163,store,treatment,Core,96.25,40.42,1
T04S01144,4,S01,C0170,store,treatment,Premium,137.85,48.25,1
T04S01145,4,S01,C0177,ecommerce,treatment,Value,77.29,32.46,1
T04S01146,4,S01,C0184,store,treatment,Core,81.74,34.33,1
T04S01147,4,S01,C0191,store,treatment,Premium,107.25,45.05,1
T04S01148,4,S01,C0198,store,treatment,Value,94.46,33.06,1
T04S01149,4,S01,C0005,store,treatment,Premium,82.84,34.79,1
T04S01150,4,S01,C0012,ecommerce,treatment,Value,116.16,48.79,1
T04S01151,4,S01,C0019,store,treatment,Core,99.82,41.92,1
T04S01152,4,S01,C0026,store,treatment,Premium,78.1,27.33,1
T04S01153,4,S01,C0033,store,treatment,Value,67.08,28.17,0
T04S01154,4,S01,C0040,store,treatment,Core,106.85,44.88,1
T04S01155,4,S01,C0047,ecommerce,treatment,Premium,92.57,38.88,1
T04S01156,4,S01,C0054,store,treatment,Value,95.09,33.28,1
T04S01157,4,S01,C0061,store,treatment,Core,80.53,33.82,1
T04S01158,4,S01,C0068,store,treatment,Premium,110.06,46.22,1
T04S01159,4,S01,C0075,store,treatment,Value,56.56,23.75,0
T04S02000,4,S02,C0175,ecommerce,control,Core,77.82,27.24,1
T04S02001,4,S02,C0182,store,control,Premium,72.09,30.28,0
T04S02002,4,S02,C0189,store,control,Value,90.11,37.85,1
T04S02003,4,S02,C0196,store,control,Core,80.4,33.77,1
T04S02004,4,S02,C0003,store,control,Value,70.33,24.61,0
T04S02005,4,S02,C0010,ecommerce,control,Core,47.21,19.83,0
T04S02006,4,S02,C0017,store,control,Premium,67.19,28.22,0
T04S02007,4,S02,C0024,store,control,Value,68.04,28.58,0
T04S02008,4,S02,C0031,store,control,Core,68.41,23.95,0
T04S02009,4,S02,C0038,store,control,Premium,64.4,27.05,0
T04S02010,4,S02,C0045,ecommerce,control,Value,61.42,25.8,0
T04S02011,4,S02,C0052,store,control,Core,131.19,55.1,1
T04S02012,4,S02,C0059,store,control,Premium,102.47,35.86,1
T04S02013,4,S02,C0066,store,control,Value,67.74,28.45,0
T04S02014,4,S02,C0073,store,control,Core,49.51,20.79,0
T04S02015,4,S02,C0080,ecommerce,control,Premium,80.04,33.62,1
T04S02016,4,S02,C0087,store,control,Value,73.87,25.86,0
T04S02017,4,S02,C0094,store,control,Core,94.11,39.53,1
T04S02018,4,S02,C0101,store,control,Premium,75.5,31.71,0
T04S02019,4,S02,C0108,store,control,Value,64.24,26.98,0
T04S02020,4,S02,C0115,ecommerce,control,Core,52.58,18.4,0
T04S02021,4,S02,C0122,store,control,Premium,107.74,45.25,1
T04S02022,4,S02,C0129,store,control,Value,83.87,35.22,1
T04S02023,4,S02,C0136,store,control,Core,40.87,17.16,0
T04S02024,4,S02,C0143,store,control,Premium,100.78,35.27,1
T04S02025,4,S02,C0150,ecommerce,control,Value,74.87,31.45,0
T04S02026,4,S02,C0157,store,control,Core,113.21,47.55,1
T04S02027,4,S02,C0164,store,control,Premium,75.73,31.81,0
T04S02028,4,S02,C0171,store,control,Value,64.33,22.52,0
T04S02029,4,S02,C0178,store,control,Core,69.19,29.06,0
T04S02030,4,S02,C0185,ecommerce,control,Premium,111.53,46.84,1
T04S02031,4,S02,C0192,store,control,Value,95.02,39.91,1
T04S02032,4,S02,C0199,store,control,Core,77.58,27.15,1
T04S02033,4,S02,C0006,store,control,Value,87.61,36.8,1
T04S02034,4,S02,C0013,store,control,Core,79.44,33.37,1
T04S02035,4,S02,C0020,ecommerce,control,Premium,77.87,32.7,1
T04S02036,4,S02,C0027,store,control,Value,82.52,28.88,1
T04S02037,4,S02,C0034,store,control,Core,87.32,36.68,1
T04S02038,4,S02,C0041,store,control,Premium,41.14,17.28,0
T04S02039,4,S02,C0048,store,control,Value,80.84,33.95,1
T04S02040,4,S02,C0055,ecommerce,control,Core,121.69,42.59,1
T04S02041,4,S02,C0062,store,control,Premium,81.9,34.4,1
T04S02042,4,S02,C0069,store,control,Value,84.05,35.3,1
T04S02043,4,S02,C0076,store,control,Core,80.62,33.86,1
T04S02044,4,S02,C0083,store,control,Premium,104.03,36.41,1
T04S02045,4,S02,C0090,ecommerce,control,Value,59.51,24.99,0
T04S02046,4,S02,C0097,store,control,Core,99.68,41.87,1
T04S02047,4,S02,C0104,store,control,Premium,124.85,52.44,1
T04S02048,4,S02,C0111,store,control,Value,100.95,35.33,1
T04S02049,4,S02,C0118,store,control,Core,47.87,20.11,0
T04S02050,4,S02,C0125,ecommerce,control,Premium,106.06,44.55,1
T04S02051,4,S02,C0132,store,control,Value,65.99,27.72,0
T04S02052,4,S02,C0139,store,control,Core,88.73,31.06,1
T04S02053,4,S02,C0146,store,control,Premium,84.07,35.31,1
T04S02054,4,S02,C0153,store,control,Value,114.67,48.16,1
T04S02055,4,S02,C0160,ecommerce,control,Core,84.92,35.67,1
T04S02056,4,S02,C0167,store,control,Premium,107.57,37.65,1
T04S02057,4,S02,C0174,store,control,Value,71.08,29.85,0
T04S02058,4,S02,C0181,store,control,Core,93.38,39.22,1
T04S02059,4,S02,C0188,store,control,Premium,97.38,40.9,1
T04S02060,4,S02,C0195,ecommerce,control,Value,77.97,27.29,1
T04S02061,4,S02,C0002,store,control,Premium,61.77,25.94,0
T04S02062,4,S02,C0009,store,control,Value,71.64,30.09,0
T04S02063,4,S02,C0016,store,control,Core,63.92,26.85,0
T04S02064,4,S02,C0023,store,control,Premium,108.55,37.99,1
T04S02065,4,S02,C0030,ecommerce,control,Value,58.58,24.6,0
T04S02066,4,S02,C0037,store,control,Core,75.37,31.65,0
T04S02067,4,S02,C0044,store,control,Premium,105.55,44.33,1
T04S02068,4,S02,C0051,store,control,Value,67.38,23.58,0
T04S02069,4,S02,C0058,store,control,Core,98.66,41.44,1
T04S02070,4,S02,C0065,ecommerce,control,Premium,92.16,38.71,1
T04S02071,4,S02,C0072,store,control,Value,69.17,29.05,0
T04S02072,4,S02,C0079,store,control,Core,100.21,35.07,1
T04S02073,4,S02,C0086,store,control,Premium,82.08,34.47,1
T04S02074,4,S02,C0093,store,control,Value,76.98,32.33,1
T04S02075,4,S02,C0100,ecommerce,control,Core,74.61,31.33,0
T04S02076,4,S02,C0107,store,control,Premium,114.66,40.13,1
T04S02077,4,S02,C0114,store,control,Value,63.12,26.51,0
T04S02078,4,S02,C0121,store,control,Core,101.53,42.64,1
T04S02079,4,S02,C0128,store,control,Premium,103.31,43.39,1
T04S02080,4,S02,C0135,ecommerce,control,Value,76.51,26.78,1
T04S02081,4,S02,C0142,store,control,Core,57.07,23.97,0
T04S02082,4,S02,C0149,store,control,Premium,88.19,37.04,1
T04S02083,4,S02,C0156,store,control,Value,94.25,39.58,1
T04S02084,4,S02,C0163,store,control,Core,119.47,41.81,1
T04S02085,4,S02,C0170,ecommerce,control,Premium,89.76,37.7,1
T04S02086,4,S02,C0177,store,control,Value,33.0,13.86,0
T04S02087,4,S02,C0184,store,control,Core,70.78,29.73,0
T04S02088,4,S02,C0191,store,control,Premium,91.35,31.97,1
T04S02089,4,S02,C0198,store,control,Value,106.67,44.8,1
T04S02090,4,S02,C0005,ecommerce,control,Premium,103.62,43.52,1
T04S02091,4,S02,C0012,store,control,Value,42.58,17.88,0
T04S02092,4,S02,C0019,store,control,Core,106.44,37.25,1
T04S02093,4,S02,C0026,store,control,Premium,93.7,39.36,1
T04S02094,4,S02,C0033,store,control,Value,74.79,31.41,0
T04S02095,4,S02,C0040,ecommerce,control,Core,65.05,27.32,0
T04S02096,4,S02,C0047,store,control,Premium,78.28,27.4,1
T04S02097,4,S02,C0054,store,control,Value,104.88,44.05,1
T04S02098,4,S02,C0061,store,control,Core,104.56,43.91,1
T04S02099,4,S02,C0068,store,control,Premium,119.77,50.3,1
T04S02100,4,S02,C0075,ecommerce,control,Value,82.92,29.02,1
T04S02101,4,S02,C0082,store,control,Core,57.17,24.01,0
T04S02102,4,S02,C0089,store,control,Premium,90.2,37.89,1
T04S02103,4,S02,C0096,store,control,Value,62.19,26.12,0
T04S02104,4,S02,C0103,store,control,Core,69.99,24.49,0
T04S02105,4,S02,C0110,ecommerce,control,Premium,101.65,42.69,1
T04S02106,4,S02,C0117,store,control,Value,64.84,27.23,0
T04S02107,4,S02,C0124,store,control,Core,86.66,36.4,1
T04S02108,4,S02,C0131,store,control,Premium,78.06,27.32,1
T04S02109,4,S02,C0138,store,control,Value,71.69,30.11,0
T04S02110,4,S02,C0145,ecommerce,control,Core,82.76,34.76,1
T04S02111,4,S02,C0152,store,control,Premium,49.73,20.89,0
T04S02112,4,S02,C0159,store,control,Value,83.61,29.26,1
T04S02113,4,S02,C0166,store,control,Core,83.6,35.11,1
T04S02114,4,S02,C0173,store,control,Premium,67.15,28.2,0
T04S02115,4,S02,C0180,ecommerce,control,Value,80.51,33.81,1
T04S02116,4,S02,C0187,store,control,Core,60.3,21.11,0
T04S02117,4,S02,C0194,store,control,Premium,113.17,47.53,1
T04S02118,4,S02,C0001,store,control,Core,72.62,30.5,0
T04S02119,4,S02,C0008,store,control,Premium,121.75,51.13,1
T04S02120,4,S02,C0015,ecommerce,control,Value,94.15,32.95,1
T04S02121,4,S02,C0022,store,control,Core,94.34,39.62,1
T04S02122,4,S02,C0029,store,control,Premium,91.92,38.61,1
T04S02123,4,S02,C0036,store,control,Value,99.5,41.79,1
T04S02124,4,S02,C0043,store,control,Core,117.93,41.27,1
T04S02125,4,S02,C0050,ecommerce,control,Premium,67.89,28.51,0
T04S02126,4,S02,C0057,store,control,Value,71.4,29.99,0
T04S02127,4,S02,C0064,store,control,Core,94.64,39.75,1
T04S02128,4,S02,C0071,store,control,Premium,82.88,29.01,1
T04S02129,4,S02,C0078,store,control,Value,69.12,29.03,0
T04S02130,4,S02,C0085,ecommerce,control,Core,66.78,28.05,0
T04S02131,4,S02,C0092,store,control,Premium,86.48,36.32,1
T04S02132,4,S02,C0099,store,control,Value,53.54,18.74,0
T04S02133,4,S02,C0106,store,control,Core,69.04,29.0,0
T04S02134,4,S02,C0113,store,control,Premium,108.89,45.73,1
T04S02135,4,S02,C0120,ecommerce,control,Value,76.98,32.33,1
T04S02136,4,S02,C0127,store,control,Core,101.23,35.43,1
T04S02137,4,S02,C0134,store,control,Premium,95.16,39.97,1
T04S02138,4,S02,C0141,store,control,Value,86.01,36.12,1
T04S02139,4,S02,C0148,store,control,Core,92.77,38.96,1
T04S02140,4,S02,C0155,ecommerce,control,Premium,85.09,29.78,1
T04S02141,4,S02,C0162,store,control,Value,113.15,47.52,1
T04S02142,4,S02,C0169,store,control,Core,62.74,26.35,0
T04S02143,4,S02,C0176,store,control,Premium,60.59,25.45,0
T04S02144,4,S02,C0183,store,control,Value,80.73,28.25,1
T04S02145,4,S02,C0190,ecommerce,control,Core,100.63,42.26,1
T04S02146,4,S02,C0197,store,control,Premium,106.8,44.86,1
T04S02147,4,S02,C0004,store,control,Core,77.51,32.55,1
T04S02148,4,S02,C0011,store,control,Premium,104.81,36.68,1
T04S02149,4,S02,C0018,store,control,Value,85.38,35.86,1
T04S02150,4,S02,C0025,ecommerce,control,Core,80.16,33.67,1
T04S02151,4,S02,C0032,store,control,Premium,88.66,37.24,1
T04S02152,4,S02,C0039,store,control,Value,96.49,33.77,1
T04S02153,4,S02,C0046,store,control,Core,45.73,19.2,0
T04S02154,4,S02,C0053,store,control,Premium,112.78,47.37,1
T04S02155,4,S02,C0060,ecommerce,control,Value,75.72,31.8,0
T04S02156,4,S02,C0067,store,control,Core,109.08,38.18,1
T04S02157,4,S02,C0074,store,control,Premium,108.52,45.58,1
T04S02158,4,S02,C0081,store,control,Value,81.23,34.12,1
T04S02159,4,S02,C0088,store,control,Core,62.57,26.28,0
T04S03000,4,S03,C0188,ecommerce,treatment,Premium,114.81,40.18,1
T04S03001,4,S03,C0195,store,treatment,Value,129.16,54.25,1
T04S03002,4,S03,C0002,store,treatment,Premium,121.05,50.84,1
T04S03003,4,S03,C0009,store,treatment,Value,126.53,53.14,1
T04S03004,4,S03,C0016,store,treatment,Core,107.95,37.78,1
T04S03005,4,S03,C0023,ecommerce,treatment,Premium,116.03,48.73,1
T04S03006,4,S03,C0030,store,treatment,Value,129.03,54.19,1
T04S03007,4,S03,C0037,store,treatment,Core,80.77,33.92,1
T04S03008,4,S03,C0044,store,treatment,Premium,119.69,41.89,1
T04S03009,4,S03,C0051,store,treatment,Value,88.07,36.99,1
T04S03010,4,S03,C0058,ecommerce,treatment,Core,110.08,46.23,1
T04S03011,4,S03,C0065,store,treatment,Premium,122.21,51.33,1
T04S03012,4,S03,C0072,store,treatment,Value,49.48,17.32,0
T04S03013,4,S03,C0079,store,treatment,Core,104.21,43.77,1
T04S03014,4,S03,C0086,store,treatment,Premium,95.63,40.16,1
T04S03015,4,S03,C0093,ecommerce,treatment,Value,62.77,26.36,0
T04S03016,4,S03,C0100,store,treatment,Core,70.34,24.62,0
T04S03017,4,S03,C0107,store,treatment,Premium,100.5,42.21,1
T04S03018,4,S03,C0114,store,treatment,Value,84.98,35.69,1
T04S03019,4,S03,C0121,store,treatment,Core,145.44,61.09,1
T04S03020,4,S03,C0128,ecommerce,treatment,Premium,81.93,28.67,1
T04S03021,4,S03,C0135,store,treatment,Value,89.4,37.55,1
T04S03022,4,S03,C0142,store,treatment,Core,114.22,47.97,1
T04S03023,4,S03,C0149,store,treatment,Premium,76.05,31.94,1
T04S03024,4,S03,C0156,store,treatment,Value,106.56,37.3,1
T04S03025,4,S03,C0163,ecommerce,treatment,Core,94.61,39.74,1
T04S03026,4,S03,C0170,store,treatment,Premium,109.52,46.0,1
T04S03027,4,S03,C0177,store,treatment,Value,75.47,31.7,0
T04S03028,4,S03,C0184,store,treatment,Core,100.45,35.16,1
T04S03029,4,S03,C0191,store,treatment,Premium,77.88,32.71,1
T04S03030,4,S03,C0198,ecommerce,treatment,Value,90.61,38.05,1
T04S03031,4,S03,C0005,store,treatment,Premium,116.37,48.87,1
T04S03032,4,S03,C0012,store,treatment,Value,116.58,40.8,1
T04S03033,4,S03,C0019,store,treatment,Core,66.58,27.96,0
T04S03034,4,S03,C0026,store,treatment,Premium,114.9,48.26,1
T04S03035,4,S03,C0033,ecommerce,treatment,Value,73.38,30.82,0
T04S03036,4,S03,C0040,store,treatment,Core,122.64,42.92,1
T04S03037,4,S03,C0047,store,treatment,Premium,120.94,50.8,1
T04S03038,4,S03,C0054,store,treatment,Value,105.14,44.16,1
T04S03039,4,S03,C0061,store,treatment,Core,95.82,40.24,1
T04S03040,4,S03,C0068,ecommerce,treatment,Premium,137.11,47.99,1
T04S03041,4,S03,C0075,store,treatment,Value,78.82,33.1,1
T04S03042,4,S03,C0082,store,treatment,Core,145.08,60.93,1
T04S03043,4,S03,C0089,store,treatment,Premium,141.02,59.23,1
T04S03044,4,S03,C0096,store,treatment,Value,64.07,22.43,0
T04S03045,4,S03,C0103,ecommerce,treatment,Core,115.6,48.55,1
T04S03046,4,S03,C0110,store,treatment,Premium,128.44,53.94,1
T04S03047,4,S03,C0117,store,treatment,Value,74.75,31.39,0
T04S03048,4,S03,C0124,store,treatment,Core,120.15,42.05,1
T04S03049,4,S03,C0131,store,treatment,Premium,95.92,40.29,1
T04S03050,4,S03,C0138,ecommerce,treatment,Value,77.77,32.66,1
T04S03051,4,S03,C0145,store,treatment,Core,96.65,40.59,1
T04S03052,4,S03,C0152,store,treatment,Premium,135.29,47.35,1
T04S03053,4,S03,C0159,store,treatment,Value,89.17,37.45,1
T04S03054,4,S03,C0166,store,treatment,Core,91.32,38.36,1
T04S03055,4,S03,C0173,ecommerce,treatment,Premium,113.95,47.86,1
T04S03056,4,S03,C0180,store,treatment,Value,112.18,39.26,1
T04S03057,4,S03,C0187,store,treatment,Core,100.54,42.23,1
T04S03058,4,S03,C0194,store,treatment,Premium,128.31,53.89,1
T04S03059,4,S03,C0001,store,treatment,Core,90.54,38.03,1
T04S03060,4,S03,C0008,ecommerce,treatment,Premium,106.77,37.37,1
T04S03061,4,S03,C0015,store,treatment,Value,83.33,35.0,1
T04S03062,4,S03,C0022,store,treatment,Core,130.77,54.92,1
T04S03063,4,S03,C0029,store,treatment,Premium,115.68,48.59,1
T04S03064,4,S03,C0036,store,treatment,Value,135.6,47.46,1
T04S03065,4,S03,C0043,ecommerce,treatment,Core,70.99,29.82,0
T04S03066,4,S03,C0050,store,treatment,Premium,135.39,56.86,1
T04S03067,4,S03,C0057,store,treatment,Value,103.98,43.67,1
T04S03068,4,S03,C0064,store,treatment,Core,108.21,37.87,1
T04S03069,4,S03,C0071,store,treatment,Premium,110.24,46.3,1
T04S03070,4,S03,C0078,ecommerce,treatment,Value,63.9,26.84,0
T04S03071,4,S03,C0085,store,treatment,Core,97.79,41.07,1
T04S03072,4,S03,C0092,store,treatment,Premium,101.08,35.38,1
T04S03073,4,S03,C0099,store,treatment,Value,117.65,49.41,1
T04S03074,4,S03,C0106,store,treatment,Core,115.71,48.6,1
T04S03075,4,S03,C0113,ecommerce,treatment,Premium,131.76,55.34,1
T04S03076,4,S03,C0120,store,treatment,Value,56.52,19.78,0
T04S03077,4,S03,C0127,store,treatment,Core,111.13,46.67,1
T04S03078,4,S03,C0134,store,treatment,Premium,133.0,55.86,1
T04S03079,4,S03,C0141,store,treatment,Value,80.26,33.71,1
T04S03080,4,S03,C0148,ecommerce,treatment,Core,74.34,26.02,0
T04S03081,4,S03,C0155,store,treatment,Premium,110.39,46.37,1
T04S03082,4,S03,C0162,store,treatment,Value,82.78,34.77,1
T04S03083,4,S03,C0169,store,treatment,Core,96.53,40.54,1
T04S03084,4,S03,C0176,store,treatment,Premium,153.59,53.76,1
T04S03085,4,S03,C0183,ecommerce,treatment,Value,99.75,41.89,1
T04S03086,4,S03,C0190,store,treatment,Core,110.35,46.35,1
T04S03087,4,S03,C0197,store,treatment,Premium,96.81,40.66,1
T04S03088,4,S03,C0004,store,treatment,Core,66.79,23.38,0
T04S03089,4,S03,C0011,store,treatment,Premium,123.41,51.83,1
T04S03090,4,S03,C0018,ecommerce,treatment,Value,110.38,46.36,1
T04S03091,4,S03,C0025,store,treatment,Core,106.37,44.68,1
T04S03092,4,S03,C0032,store,treatment,Premium,109.56,38.34,1
T04S03093,4,S03,C0039,store,treatment,Value,77.54,32.57,1
T04S03094,4,S03,C0046,store,treatment,Core,81.73,34.33,1
T04S03095,4,S03,C0053,ecommerce,treatment,Premium,93.07,39.09,1
T04S03096,4,S03,C0060,store,treatment,Value,73.26,25.64,0
T04S03097,4,S03,C0067,store,treatment,Core,92.25,38.75,1
T04S03098,4,S03,C0074,store,treatment,Premium,129.39,54.35,1
T04S03099,4,S03,C0081,store,treatment,Value,121.28,50.94,1
T04S03100,4,S03,C0088,ecommerce,treatment,Core,133.76,46.81,1
T04S03101,4,S03,C0095,store,treatment,Premium,94.07,39.51,1
T04S03102,4,S03,C0102,store,treatment,Value,118.79,49.89,1
T04S03103,4,S03,C0109,store,treatment,Core,81.19,34.1,1
T04S03104,4,S03,C0116,store,treatment,Premium,107.79,37.73,1
T04S03105,4,S03,C0123,ecommerce,treatment,Value,108.03,45.37,1
T04S03106,4,S03,C0130,store,treatment,Core,92.12,38.69,1
T04S03107,4,S03,C0137,store,treatment,Premium,98.23,41.26,1
T04S03108,4,S03,C0144,store,treatment,Value,57.48,20.12,0
T04S03109,4,S03,C0151,store,treatment,Core,119.49,50.19,1
T04S03110,4,S03,C0158,ecommerce,treatment,Premium,116.23,48.82,1
T04S03111,4,S03,C0165,store,treatment,Value,95.53,40.12,1
T04S03112,4,S03,C0172,store,treatment,Core,87.65,30.68,1
T04S03113,4,S03,C0179,store,treatment,Premium,109.97,46.19,1
T04S03114,4,S03,C0186,store,treatment,Value,104.95,44.08,1
T04S03115,4,S03,C0193,ecommerce,treatment,Core,76.77,32.24,1
T04S03116,4,S03,C0200,store,treatment,Premium,130.79,45.78,1
T04S03117,4,S03,C0007,store,treatment,Core,112.26,47.15,1
T04S03118,4,S03,C0014,store,treatment,Premium,93.38,39.22,1
T04S03119,4,S03,C0021,store,treatment,Value,81.19,34.1,1
T04S03120,4,S03,C0028,ecommerce,treatment,Core,97.23,34.03,1
T04S03121,4,S03,C0035,store,treatment,Premium,81.34,34.16,1
T04S03122,4,S03,C0042,store,treatment,Value,83.02,34.87,1
T04S03123,4,S03,C0049,store,treatment,Core,78.86,33.12,1
T04S03124,4,S03,C0056,store,treatment,Premium,133.89,46.86,1
T04S03125,4,S03,C0063,ecommerce,treatment,Value,87.82,36.88,1
T04S03126,4,S03,C0070,store,treatment,Core,119.76,50.3,1
T04S03127,4,S03,C0077,store,treatment,Premium,109.82,46.13,1
T04S03128,4,S03,C0084,store,treatment,Value,110.12,38.54,1
T04S03129,4,S03,C0091,store,treatment,Core,99.58,41.82,1
T04S03130,4,S03,C0098,ecommerce,treatment,Premium,128.73,54.07,1
T04S03131,4,S03,C0105,store,treatment,Value,91.21,38.31,1
T04S03132,4,S03,C0112,store,treatment,Core,98.41,34.45,1
T04S03133,4,S03,C0119,store,treatment,Premium,99.23,41.68,1
T04S03134,4,S03,C0126,store,treatment,Value,78.51,32.97,1
T04S03135,4,S03,C0133,ecommerce,treatment,Core,121.76,51.14,1
T04S03136,4,S03,C0140,store,treatment,Premium,130.48,45.67,1
T04S03137,4,S03,C0147,store,treatment,Value,117.12,49.19,1
T04S03138,4,S03,C0154,store,treatment,Core,80.31,33.73,1
T04S03139,4,S03,C0161,store,treatment,Premium,109.28,45.9,1
T04S03140,4,S03,C0168,ecommerce,treatment,Value,80.19,28.07,1
T04S03141,4,S03,C0175,store,treatment,Core,80.6,33.85,1
T04S03142,4,S03,C0182,store,treatment,Premium,69.79,29.31,0
T04S03143,4,S03,C0189,store,treatment,Value,107.48,45.14,1
T04S03144,4,S03,C0196,store,treatment,Core,72.54,25.39,0
T04S03145,4,S03,C0003,ecommerce,treatment,Value,82.98,34.85,1
T04S03146,4,S03,C0010,store,treatment,Core,89.49,37.58,1
T04S03147,4,S03,C0017,store,treatment,Premium,124.62,52.34,1
T04S03148,4,S03,C0024,store,treatment,Value,80.92,28.32,1
T04S03149,4,S03,C0031,store,treatment,Core,84.92,35.67,1
T04S03150,4,S03,C0038,ecommerce,treatment,Premium,106.54,44.75,1
T04S03151,4,S03,C0045,store,treatment,Value,120.55,50.63,1
T04S03152,4,S03,C0052,store,treatment,Core,111.16,38.9,1
T04S03153,4,S03,C0059,store,treatment,Premium,90.43,37.98,1
T04S03154,4,S03,C0066,store,treatment,Value,93.32,39.19,1
T04S03155,4,S03,C0073,ecommerce,treatment,Core,110.98,46.61,1
T04S03156,4,S03,C0080,store,treatment,Premium,102.0,35.7,1
T04S03157,4,S03,C0087,store,treatment,Value,80.24,33.7,1
T04S03158,4,S03,C0094,store,treatment,Core,85.64,35.97,1
T04S03159,4,S03,C0101,store,treatment,Premium,103.12,43.31,1
T04S04000,4,S04,C0001,ecommerce,control,Core,98.38,34.43,1
T04S04001,4,S04,C0008,store,control,Premium,93.21,39.15,1
T04S04002,4,S04,C0015,store,control,Value,70.41,29.57,0
T04S04003,4,S04,C0022,store,control,Core,78.91,33.14,1
T04S04004,4,S04,C0029,store,control,Premium,99.63,34.87,1
T04S04005,4,S04,C0036,ecommerce,control,Value,92.91,39.02,1
T04S04006,4,S04,C0043,store,control,Core,62.2,26.12,0
T04S04007,4,S04,C0050,store,control,Premium,75.83,31.85,0
T04S04008,4,S04,C0057,store,control,Value,55.49,19.42,0
T04S04009,4,S04,C0064,store,control,Core,62.87,26.41,0
T04S04010,4,S04,C0071,ecommerce,control,Premium,87.36,36.69,1
T04S04011,4,S04,C0078,store,control,Value,66.91,28.1,0
T04S04012,4,S04,C0085,store,control,Core,87.12,30.49,1
T04S04013,4,S04,C0092,store,control,Premium,95.14,39.96,1
T04S04014,4,S04,C0099,store,control,Value,79.41,33.35,1
T04S04015,4,S04,C0106,ecommerce,control,Core,102.63,43.1,1
T04S04016,4,S04,C0113,store,control,Premium,77.75,27.21,1
T04S04017,4,S04,C0120,store,control,Value,127.47,53.54,1
T04S04018,4,S04,C0127,store,control,Core,29.53,12.4,0
T04S04019,4,S04,C0134,store,control,Premium,92.37,38.8,1
T04S04020,4,S04,C0141,ecommerce,control,Value,97.12,33.99,1
T04S04021,4,S04,C0148,store,control,Core,67.55,28.37,0
T04S04022,4,S04,C0155,store,control,Premium,34.1,14.32,0
T04S04023,4,S04,C0162,store,control,Value,37.91,15.92,0
T04S04024,4,S04,C0169,store,control,Core,80.38,28.13,1
T04S04025,4,S04,C0176,ecommerce,control,Premium,96.45,40.51,1
T04S04026,4,S04,C0183,store,control,Value,85.37,35.85,1
T04S04027,4,S04,C0190,store,control,Core,68.51,28.77,0
T04S04028,4,S04,C0197,store,control,Premium,139.1,48.68,1
T04S04029,4,S04,C0004,store,control,Core,63.08,26.49,0
T04S04030,4,S04,C0011,ecommerce,control,Premium,124.12,52.13,1
T04S04031,4,S04,C0018,store,control,Value,67.66,28.42,0
T04S04032,4,S04,C0025,store,control,Core,78.56,27.5,1
T04S04033,4,S04,C0032,store,control,Premium,105.77,44.42,1
T04S04034,4,S04,C0039,store,control,Value,96.29,40.44,1
T04S04035,4,S04,C0046,ecommerce,control,Core,58.2,24.44,0
T04S04036,4,S04,C0053,store,control,Premium,107.71,37.7,1
T04S04037,4,S04,C0060,store,control,Value,75.54,31.73,0
T04S04038,4,S04,C0067,store,control,Core,89.38,37.54,1
T04S04039,4,S04,C0074,store,control,Premium,97.78,41.07,1
T04S04040,4,S04,C0081,ecommerce,control,Value,94.18,32.96,1
T04S04041,4,S04,C0088,store,control,Core,76.3,32.05,1
T04S04042,4,S04,C0095,store,control,Premium,101.37,42.58,1
T04S04043,4,S04,C0102,store,control,Value,84.09,35.32,1
T04S04044,4,S04,C0109,store,control,Core,64.03,22.41,0
T04S04045,4,S04,C0116,ecommerce,control,Premium,89.47,37.58,1
T04S04046,4,S04,C0123,store,control,Value,69.2,29.06,0
T04S04047,4,S04,C0130,store,control,Core,79.68,33.46,1
T04S04048,4,S04,C0137,store,control,Premium,72.98,25.54,0
T04S04049,4,S04,C0144,store,control,Value,98.34,41.3,1
T04S04050,4,S04,C0151,ecommerce,control,Core,63.36,26.61,0
T04S04051,4,S04,C0158,store,control,Premium,69.28,29.1,0
T04S04052,4,S04,C0165,store,control,Value,88.71,31.05,1
T04S04053,4,S04,C0172,store,control,Core,74.28,31.2,0
T04S04054,4,S04,C0179,store,control,Premium,52.03,21.85,0
T04S04055,4,S04,C0186,ecommerce,control,Value,96.4,40.49,1
T04S04056,4,S04,C0193,store,control,Core,82.61,28.92,1
T04S04057,4,S04,C0200,store,control,Premium,91.57,38.46,1
T04S04058,4,S04,C0007,store,control,Core,85.55,35.93,1
T04S04059,4,S04,C0014,store,control,Premium,117.8,49.48,1
T04S04060,4,S04,C0021,ecommerce,control,Value,52.96,18.53,0
T04S04061,4,S04,C0028,store,control,Core,94.67,39.76,1
T04S04062,4,S04,C0035,store,control,Premium,74.35,31.22,0
T04S04063,4,S04,C0042,store,control,Value,86.55,36.35,1
T04S04064,4,S04,C0049,store,control,Core,93.3,32.66,1
T04S04065,4,S04,C0056,ecommerce,control,Premium,140.44,58.99,1
T04S04066,4,S04,C0063,store,control,Value,103.35,43.41,1
T04S04067,4,S04,C0070,store,control,Core,65.82,27.65,0
T04S04068,4,S04,C0077,store,control,Premium,110.3,38.6,1
T04S04069,4,S04,C0084,store,control,Value,72.29,30.36,0
T04S04070,4,S04,C0091,ecommerce,control,Core,85.26,35.81,1
T04S04071,4,S04,C0098,store,control,Premium,97.92,41.13,1
T04S04072,4,S04,C0105,store,control,Value,57.05,19.97,0
T04S04073,4,S04,C0112,store,control,Core,91.2,38.31,1
T04S04074,4,S04,C0119,store,control,Premium,51.93,21.81,0
T04S04075,4,S04,C0126,ecommerce,control,Value,108.97,45.77,1
T04S04076,4,S04,C0133,store,control,Core,118.74,41.56,1
T04S04077,4,S04,C0140,store,control,Premium,118.63,49.83,1
T04S04078,4,S04,C0147,store,control,Value,91.72,38.52,1
T04S04079,4,S04,C0154,store,control,Core,102.38,43.0,1
T04S04080,4,S04,C0161,ecommerce,control,Premium,73.99,25.9,0
T04S04081,4,S04,C0168,store,control,Value,72.49,30.45,0
T04S04082,4,S04,C0175,store,control,Core,56.41,23.69,0
T04S04083,4,S04,C0182,store,control,Premium,97.18,40.81,1
T04S04084,4,S04,C0189,store,control,Value,61.42,21.5,0
T04S04085,4,S04,C0196,ecommerce,control,Core,74.36,31.23,0
T04S04086,4,S04,C0003,store,control,Value,69.33,29.12,0
T04S04087,4,S04,C0010,store,control,Core,79.68,33.47,1
T04S04088,4,S04,C0017,store,control,Premium,88.84,31.09,1
T04S04089,4,S04,C0024,store,control,Value,67.18,28.21,0
T04S04090,4,S04,C0031,ecommerce,control,Core,63.51,26.67,0
T04S04091,4,S04,C0038,store,control,Premium,78.29,32.88,1
T04S04092,4,S04,C0045,store,control,Value,60.52,21.18,0
T04S04093,4,S04,C0052,store,control,Core,81.83,34.37,1
T04S04094,4,S04,C0059,store,control,Premium,70.09,29.44,0
T04S04095,4,S04,C0066,ecommerce,control,Value,35.27,14.81,0
T04S04096,4,S04,C0073,store,control,Core,98.42,34.45,1
T04S04097,4,S04,C0080,store,control,Premium,104.74,43.99,1
T04S04098,4,S04,C0087,store,control,Value,71.8,30.16,0
T04S04099,4,S04,C0094,store,control,Core,74.44,31.26,0
T04S04100,4,S04,C0101,ecommerce,control,Premium,78.78,27.57,1
T04S04101,4,S04,C0108,store,control,Value,75.82,31.84,0
T04S04102,4,S04,C0115,store,control,Core,73.53,30.88,0
T04S04103,4,S04,C0122,store,control,Premium,56.2,23.6,0
T04S04104,4,S04,C0129,store,control,Value,61.38,21.48,0
T04S04105,4,S04,C0136,ecommerce,control,Core,63.18,26.53,0
T04S04106,4,S04,C0143,store,control,Premium,91.01,38.22,1
T04S04107,4,S04,C0150,store,control,Value,83.15,34.92,1
T04S04108,4,S04,C0157,store,control,Core,66.38,23.23,0
T04S04109,4,S04,C0164,store,control,Premium,73.59,30.91,0
T04S04110,4,S04,C0171,ecommerce,control,Value,63.19,26.54,0
T04S04111,4,S04,C0178,store,control,Core,83.45,35.05,1
T04S04112,4,S04,C0185,store,control,Premium,91.06,31.87,1
T04S04113,4,S04,C0192,store,control,Value,69.33,29.12,0
T04S04114,4,S04,C0199,store,control,Core,50.18,21.07,0
T04S04115,4,S04,C0006,ecommerce,control,Value,92.14,38.7,1
T04S04116,4,S04,C0013,store,control,Core,84.94,29.73,1
T04S04117,4,S04,C0020,store,control,Premium,89.95,37.78,1
T04S04118,4,S04,C0027,store,control,Value,70.88,29.77,0
T04S04119,4,S04,C0034,store,control,Core,98.19,41.24,1
T04S04120,4,S04,C0041,ecommerce,control,Premium,145.09,50.78,1
T04S04121,4,S04,C0048,store,control,Value,56.05,23.54,0
T04S04122,4,S04,C0055,store,control,Core,81.54,34.25,1
T04S04123,4,S04,C0062,store,control,Premium,93.38,39.22,1
T04S04124,4,S04,C0069,store,control,Value,59.88,20.96,0
T04S04125,4,S04,C0076,ecommerce,control,Core,97.49,40.95,1
T04S04126,4,S04,C0083,store,control,Premium,105.66,44.38,1
T04S04127,4,S04,C0090,store,control,Value,66.08,27.75,0
T04S04128,4,S04,C0097,store,control,Core,70.43,24.65,0
T04S04129,4,S04,C0104,store,control,Premium,95.57,40.14,1
T04S04130,4,S04,C0111,ecommerce,control,Value,112.83,47.39,1
T04S04131,4,S04,C0118,store,control,Core,71.78,30.15,0
T04S04132,4,S04,C0125,store,control,Premium,57.44,20.1,0
T04S04133,4,S04,C0132,store,control,Value,66.28,27.84,0
T04S04134,4,S04,C0139,store,control,Core,69.14,29.04,0
T04S04135,4,S04,C0146,ecommerce,control,Premium,90.79,38.13,1
T04S04136,4,S04,C0153,store,control,Value,49.82,17.44,0
T04S04137,4,S04,C0160,store,control,Core,72.55,30.47,0
T04S04138,4,S04,C0167,store,control,Premium,79.02,33.19,1
T04S04139,4,S04,C0174,store,control,Value,86.25,36.23,1
T04S04140,4,S04,C0181,ecommerce,control,Core,82.32,28.81,1
T04S04141,4,S04,C0188,store,control,Premium,74.25,31.19,0
T04S04142,4,S04,C0195,store,control,Value,68.48,28.76,0
T04S04143,4,S04,C0002,store,control,Premium,92.3,38.77,1
T04S04144,4,S04,C0009,store,control,Value,58.45,20.46,0
T04S04145,4,S04,C0016,ecommerce,control,Core,72.73,30.55,0
T04S04146,4,S04,C0023,store,control,Premium,81.41,34.19,1
T04S04147,4,S04,C0030,store,control,Value,67.19,28.22,0
T04S04148,4,S04,C0037,store,control,Core,80.21,28.07,1
T04S04149,4,S04,C0044,store,control,Premium,83.68,35.15,1
T04S04150,4,S04,C0051,ecommerce,control,Value,91.47,38.42,1
T04S04151,4,S04,C0058,store,control,Core,42.23,17.74,0
T04S04152,4,S04,C0065,store,control,Premium,92.29,32.3,1
T04S04153,4,S04,C0072,store,control,Value,103.18,43.34,1
T04S04154,4,S04,C0079,store,control,Core,63.27,26.57,0
T04S04155,4,S04,C0086,ecommerce,control,Premium,43.93,18.45,0
T04S04156,4,S04,C0093,store,control,Value,58.95,20.63,0
T04S04157,4,S04,C0100,store,control,Core,67.76,28.46,0
T04S04158,4,S04,C0107,store,control,Premium,95.69,40.19,1
T04S04159,4,S04,C0114,store,control,Value,109.56,46.01,1
T04S05000,4,S05,C0014,ecommerce,treatment,Premium,113.83,39.84,1
T04S05001,4,S05,C0021,store,treatment,Value,64.16,26.95,0
T04S05002,4,S05,C0028,store,treatment,Core,93.86,39.42,1
T04S05003,4,S05,C0035,store,treatment,Premium,92.54,38.87,1
T04S05004,4,S05,C0042,store,treatment,Value,82.89,29.01,1
T04S05005,4,S05,C0049,ecommerce,treatment,Core,102.01,42.84,1
T04S05006,4,S05,C0056,store,treatment,Premium,80.89,33.97,1
T04S05007,4,S05,C0063,store,treatment,Value,86.45,36.31,1
T04S05008,4,S05,C0070,store,treatment,Core,117.44,41.1,1
T04S05009,4,S05,C0077,store,treatment,Premium,87.07,36.57,1
T04S05010,4,S05,C0084,ecommerce,treatment,Value,110.28,46.32,1
T04S05011,4,S05,C0091,store,treatment,Core,135.9,57.08,1
T04S05012,4,S05,C0098,store,treatment,Premium,90.61,31.71,1
T04S05013,4,S05,C0105,store,treatment,Value,87.74,36.85,1
T04S05014,4,S05,C0112,store,treatment,Core,107.02,44.95,1
T04S05015,4,S05,C0119,ecommerce,treatment,Premium,63.09,26.5,0
T04S05016,4,S05,C0126,store,treatment,Value,72.6,25.41,0
T04S05017,4,S05,C0133,store,treatment,Core,91.65,38.49,1
T04S05018,4,S05,C0140,store,treatment,Premium,89.28,37.5,1
T04S05019,4,S05,C0147,store,treatment,Value,96.81,40.66,1
T04S05020,4,S05,C0154,ecommerce,treatment,Core,101.49,35.52,1
T04S05021,4,S05,C0161,store,treatment,Premium,89.19,37.46,1
T04S05022,4,S05,C0168,store,treatment,Value,106.97,44.93,1
T04S05023,4,S05,C0175,store,treatment,Core,103.58,43.5,1
T04S05024,4,S05,C0182,store,treatment,Premium,104.43,36.55,1
T04S05025,4,S05,C0189,ecommerce,treatment,Value,87.45,36.73,1
T04S05026,4,S05,C0196,store,treatment,Core,89.68,37.67,1
T04S05027,4,S05,C0003,store,treatment,Value,122.52,51.46,1
T04S05028,4,S05,C0010,store,treatment,Core,79.18,27.71,1
T04S05029,4,S05,C0017,store,treatment,Premium,96.64,40.59,1
T04S05030,4,S05,C0024,ecommerce,treatment,Value,128.41,53.93,1
T04S05031,4,S05,C0031,store,treatment,Core,67.97,28.55,0
T04S05032,4,S05,C0038,store,treatment,Premium,103.1,36.08,1
T04S05033,4,S05,C0045,store,treatment,Value,103.47,43.46,1
T04S05034,4,S05,C0052,store,treatment,Core,94.79,39.81,1
T04S05035,4,S05,C0059,ecommerce,treatment,Premium,96.09,40.36,1
T04S05036,4,S05,C0066,store,treatment,Value,105.54,36.94,1
T04S05037,4,S05,C0073,store,treatment,Core,93.76,39.38,1
T04S05038,4,S05,C0080,store,treatment,Premium,114.4,48.05,1
T04S05039,4,S05,C0087,store,treatment,Value,90.54,38.03,1
T04S05040,4,S05,C0094,ecommerce,treatment,Core,101.55,35.54,1
T04S05041,4,S05,C0101,store,treatment,Premium,112.0,47.04,1
T04S05042,4,S05,C0108,store,treatment,Value,70.47,29.6,0
T04S05043,4,S05,C0115,store,treatment,Core,75.12,31.55,0
T04S05044,4,S05,C0122,store,treatment,Premium,101.33,35.46,1
T04S05045,4,S05,C0129,ecommerce,treatment,Value,138.14,58.02,1
T04S05046,4,S05,C0136,store,treatment,Core,86.83,36.47,1
T04S05047,4,S05,C0143,store,treatment,Premium,102.16,42.91,1
T04S05048,4,S05,C0150,store,treatment,Value,65.33,22.87,0
T04S05049,4,S05,C0157,store,treatment,Core,103.86,43.62,1
T04S05050,4,S05,C0164,ecommerce,treatment,Premium,96.06,40.35,1
T04S05051,4,S05,C0171,store,treatment,Value,104.88,44.05,1
T04S05052,4,S05,C0178,store,treatment,Core,96.23,33.68,1
T04S05053,4,S05,C0185,store,treatment,Premium,104.45,43.87,1
T04S05054,4,S05,C0192,store,treatment,Value,36.21,15.21,0
T04S05055,4,S05,C0199,ecommerce,treatment,Core,80.95,34.0,1
T04S05056,4,S05,C0006,store,treatment,Value,69.51,24.33,0
T04S05057,4,S05,C0013,store,treatment,Core,111.14,46.68,1
T04S05058,4,S05,C0020,store,treatment,Premium,110.44,46.38,1
T04S05059,4,S05,C0027,store,treatment,Value,84.69,35.57,1
T04S05060,4,S05,C0034,ecommerce,treatment,Core,77.79,27.23,1
T04S05061,4,S05,C0041,store,treatment,Premium,119.93,50.37,1
T04S05062,4,S05,C0048,store,treatment,Value,75.71,31.8,0
T04S05063,4,S05,C0055,store,treatment,Core,104.79,44.01,1
T04S05064,4,S05,C0062,store,treatment,Premium,136.32,47.71,1
T04S05065,4,S05,C0069,ecommerce,treatment,Value,52.6,22.09,0
T04S05066,4,S05,C0076,store,treatment,Core,91.85,38.58,1
T04S05067,4,S05,C0083,store,treatment,Premium,80.92,33.99,1
T04S05068,4,S05,C0090,store,treatment,Value,98.0,34.3,1
T04S05069,4,S05,C0097,store,treatment,Core,81.6,34.27,1
T04S05070,4,S05,C0104,ecommerce,treatment,Premium,113.61,47.72,1
T04S05071,4,S05,C0111,store,treatment,Value,74.9,31.46,0
T04S05072,4,S05,C0118,store,treatment,Core,119.07,41.68,1
T04S05073,4,S05,C0125,store,treatment,Premium,123.6,51.91,1
T04S05074,4,S05,C0132,store,treatment,Value,71.95,30.22,0
T04S05075,4,S05,C0139,ecommerce,treatment,Core,97.38,40.9,1
T04S05076,4,S05,C0146,store,treatment,Premium,117.35,41.07,1
T04S05077,4,S05,C0153,store,treatment,Value,111.28,46.74,1
T04S05078,4,S05,C0160,store,treatment,Core,74.59,31.33,0
T04S05079,4,S05,C0167,store,treatment,Premium,70.86,29.76,0
T04S05080,4,S05,C0174,ecommerce,treatment,Value,104.48,36.57,1
T04S05081,4,S05,C0181,store,treatment,Core,72.61,30.5,0
T04S05082,4,S05,C0188,store,treatment,Premium,99.83,41.93,1
T04S05083,4,S05,C0195,store,treatment,Value,96.77,40.64,1
T04S05084,4,S05,C0002,store,treatment,Premium,113.62,39.77,1
T04S05085,4,S05,C0009,ecommerce,treatment,Value,103.38,43.42,1
T04S05086,4,S05,C0016,store,treatment,Core,80.12,33.65,1
T04S05087,4,S05,C0023,store,treatment,Premium,78.63,33.02,1
T04S05088,4,S05,C0030,store,treatment,Value,72.23,25.28,0
T04S05089,4,S05,C0037,store,treatment,Core,80.77,33.92,1
T04S05090,4,S05,C0044,ecommerce,treatment,Premium,100.53,42.22,1
T04S05091,4,S05,C0051,store,treatment,Value,94.22,39.57,1
T04S05092,4,S05,C0058,store,treatment,Core,61.82,21.64,0
T04S05093,4,S05,C0065,store,treatment,Premium,93.19,39.14,1
T04S05094,4,S05,C0072,store,treatment,Value,107.4,45.11,1
T04S05095,4,S05,C0079,ecommerce,treatment,Core,82.57,34.68,1
T04S05096,4,S05,C0086,store,treatment,Premium,140.71,49.25,1
T04S05097,4,S05,C0093,store,treatment,Value,68.63,28.83,0
T04S05098,4,S05,C0100,store,treatment,Core,80.56,33.84,1
T04S05099,4,S05,C0107,store,treatment,Premium,103.5,43.47,1
T04S05100,4,S05,C0114,ecommerce,treatment,Value,88.82,31.09,1
T04S05101,4,S05,C0121,store,treatment,Core,95.46,40.09,1
T04S05102,4,S05,C0128,store,treatment,Premium,105.91,44.48,1
T04S05103,4,S05,C0135,store,treatment,Value,70.84,29.75,0
T04S05104,4,S05,C0142,store,treatment,Core,103.95,36.38,1
T04S05105,4,S05,C0149,ecommerce,treatment,Premium,102.12,42.89,1
T04S05106,4,S05,C0156,store,treatment,Value,66.24,27.82,0
T04S05107,4,S05,C0163,store,treatment,Core,77.83,32.69,1
T04S05108,4,S05,C0170,store,treatment,Premium,125.74,44.01,1
T04S05109,4,S05,C0177,store,treatment,Value,73.45,30.85,0
T04S05110,4,S05,C0184,ecommerce,treatment,Core,85.32,35.83,1
T04S05111,4,S05,C0191,store,treatment,Premium,89.11,37.43,1
T04S05112,4,S05,C0198,store,treatment,Value,102.49,35.87,1
T04S05113,4,S05,C0005,store,treatment,Premium,100.78,42.33,1
T04S05114,4,S05,C0012,store,treatment,Value,74.93,31.47,0
T04S05115,4,S05,C0019,ecommerce,treatment,Core,72.82,30.59,0
T04S05116,4,S05,C0026,store,treatment,Premium,99.75,34.91,1
T04S05117,4,S05,C0033,store,treatment,Value,100.99,42.42,1
T04S05118,4,S05,C0040,store,treatment,Core,101.11,42.47,1
T04S05119,4,S05,C0047,store,treatment,Premium,104.76,44.0,1
T04S05120,4,S05,C0054,ecommerce,treatment,Value,50.52,17.68,0
T04S05121,4,S05,C0061,store,treatment,Core,76.03,31.93,1
T04S05122,4,S05,C0068,store,treatment,Premium,114.58,48.13,1
T04S05123,4,S05,C0075,store,treatment,Value,87.83,36.89,1
T04S05124,4,S05,C0082,store,treatment,Core,94.05,32.92,1
T04S05125,4,S05,C0089,ecommerce,treatment,Premium,119.1,50.02,1
T04S05126,4,S05,C0096,store,treatment,Value,83.66,35.14,1
T04S05127,4,S05,C0103,store,treatment,Core,79.43,33.36,1
T04S05128,4,S05,C0110,store,treatment,Premium,101.95,35.68,1
T04S05129,4,S05,C0117,store,treatment,Value,60.7,25.5,0
T04S05130,4,S05,C0124,ecommerce,treatment,Core,125.68,52.78,1
T04S05131,4,S05,C0131,store,treatment,Premium,113.19,47.54,1
T04S05132,4,S05,C0138,store,treatment,Value,90.39,31.64,1
T04S05133,4,S05,C0145,store,treatment,Core,78.69,33.05,1
T04S05134,4,S05,C0152,store,treatment,Premium,108.61,45.62,1
T04S05135,4,S05,C0159,ecommerce,treatment,Value,41.93,17.61,0
T04S05136,4,S05,C0166,store,treatment,Core,72.7,25.45,0
T04S05137,4,S05,C0173,store,treatment,Premium,119.96,50.38,1
T04S05138,4,S05,C0180,store,treatment,Value,79.34,33.32,1
T04S05139,4,S05,C0187,store,treatment,Core,76.37,32.08,1
T04S05140,4,S05,C0194,ecommerce,treatment,Premium,111.69,39.09,1
T04S05141,4,S05,C0001,store,treatment,Core,58.45,24.55,0
T04S05142,4,S05,C0008,store,treatment,Premium,124.68,52.36,1
T04S05143,4,S05,C0015,store,treatment,Value,81.58,34.27,1
T04S05144,4,S05,C0022,store,treatment,Core,116.51,40.78,1
T04S05145,4,S05,C0029,ecommerce,treatment,Premium,110.4,46.37,1
T04S05146,4,S05,C0036,store,treatment,Value,108.04,45.38,1
T04S05147,4,S05,C0043,store,treatment,Core,100.85,42.36,1
T04S05148,4,S05,C0050,store,treatment,Premium,89.17,31.21,1
T04S05149,4,S05,C0057,store,treatment,Value,110.3,46.33,1
T04S05150,4,S05,C0064,ecommerce,treatment,Core,86.96,36.52,1
T04S05151,4,S05,C0071,store,treatment,Premium,97.56,40.98,1
T04S05152,4,S05,C0078,store,treatment,Value,61.22,21.43,0
T04S05153,4,S05,C0085,store,treatment,Core,66.8,28.06,0
T04S05154,4,S05,C0092,store,treatment,Premium,112.15,47.1,1
T04S05155,4,S05,C0099,ecommerce,treatment,Value,92.25,38.75,1
T04S05156,4,S05,C0106,store,treatment,Core,117.24,41.03,1
T04S05157,4,S05,C0113,store,treatment,Premium,81.77,34.34,1
T04S05158,4,S05,C0120,store,treatment,Value,92.24,38.74,1
T04S05159,4,S05,C0127,store,treatment,Core,80.86,33.96,1
T04S06000,4,S06,C0027,ecommerce,control,Value,86.29,30.2,1
T04S06001,4,S06,C0034,store,control,Core,73.83,31.01,0
T04S06002,4,S06,C0041,store,control,Premium,99.19,41.66,1
T04S06003,4,S06,C0048,store,control,Value,82.2,34.52,1
T04S06004,4,S06,C0055,store,control,Core,42.63,14.92,0
T04S06005,4,S06,C0062,ecommerce,control,Premium,94.72,39.78,1
T04S06006,4,S06,C0069,store,control,Value,85.78,36.03,1
T04S06007,4,S06,C0076,store,control,Core,65.72,27.6,0
T04S06008,4,S06,C0083,store,control,Premium,85.81,30.03,1
T04S06009,4,S06,C0090,store,control,Value,66.93,28.11,0
T04S06010,4,S06,C0097,ecommerce,control,Core,83.9,35.24,1
T04S06011,4,S06,C0104,store,control,Premium,65.36,27.45,0
T04S06012,4,S06,C0111,store,control,Value,74.38,26.03,0
T04S06013,4,S06,C0118,store,control,Core,47.81,20.08,0
T04S06014,4,S06,C0125,store,control,Premium,109.67,46.06,1
T04S06015,4,S06,C0132,ecommerce,control,Value,64.16,26.95,0
T04S06016,4,S06,C0139,store,control,Core,73.29,25.65,0
T04S06017,4,S06,C0146,store,control,Premium,88.81,37.3,1
T04S06018,4,S06,C0153,store,control,Value,72.27,30.35,0
T04S06019,4,S06,C0160,store,control,Core,75.55,31.73,0
T04S06020,4,S06,C0167,ecommerce,control,Premium,63.98,22.39,0
T04S06021,4,S06,C0174,store,control,Value,95.73,40.2,1
T04S06022,4,S06,C0181,store,control,Core,109.74,46.09,1
T04S06023,4,S06,C0188,store,control,Premium,97.82,41.08,1
T04S06024,4,S06,C0195,store,control,Value,62.19,21.77,0
T04S06025,4,S06,C0002,ecommerce,control,Premium,65.5,27.51,0
T04S06026,4,S06,C0009,store,control,Value,85.34,35.84,1
T04S06027,4,S06,C0016,store,control,Core,90.16,37.87,1
T04S06028,4,S06,C0023,store,control,Premium,80.76,28.26,1
T04S06029,4,S06,C0030,store,control,Value,66.19,27.8,0
T04S06030,4,S06,C0037,ecommerce,control,Core,67.35,28.29,0
T04S06031,4,S06,C0044,store,control,Premium,105.55,44.33,1
T04S06032,4,S06,C0051,store,control,Value,70.42,24.65,0
T04S06033,4,S06,C0058,store,control,Core,124.46,52.27,1
T04S06034,4,S06,C0065,store,control,Premium,81.38,34.18,1
T04S06035,4,S06,C0072,ecommerce,control,Value,69.18,29.06,0
T04S06036,4,S06,C0079,store,control,Core,88.26,30.89,1
T04S06037,4,S06,C0086,store,control,Premium,97.74,41.05,1
T04S06038,4,S06,C0093,store,control,Value,90.42,37.98,1
T04S06039,4,S06,C0100,store,control,Core,83.44,35.05,1
T04S06040,4,S06,C0107,ecommerce,control,Premium,121.71,42.6,1
T04S06041,4,S06,C0114,store,control,Value,79.13,33.23,1
T04S06042,4,S06,C0121,store,control,Core,47.36,19.89,0
T04S06043,4,S06,C0128,store,control,Premium,67.87,28.51,0
T04S06044,4,S06,C0135,store,control,Value,88.2,30.87,1
T04S06045,4,S06,C0142,ecommerce,control,Core,74.73,31.39,0
T04S06046,4,S06,C0149,store,control,Premium,66.72,28.02,0
T04S06047,4,S06,C0156,store,control,Value,109.83,46.13,1
T04S06048,4,S06,C0163,store,control,Core,84.65,29.63,1
T04S06049,4,S06,C0170,store,control,Premium,91.36,38.37,1
T04S06050,4,S06,C0177,ecommerce,control,Value,73.03,30.67,0
T04S06051,4,S06,C0184,store,control,Core,100.66,42.28,1
T04S06052,4,S06,C0191,store,control,Premium,90.67,31.73,1
T04S06053,4,S06,C0198,store,control,Value,78.61,33.01,1
T04S06054,4,S06,C0005,store,control,Premium,99.55,41.81,1
T04S06055,4,S06,C0012,ecommerce,control,Value,77.43,32.52,1
T04S06056,4,S06,C0019,store,control,Core,77.13,26.99,1
T04S06057,4,S06,C0026,store,control,Premium,85.35,35.85,1
T04S06058,4,S06,C0033,store,control,Value,75.54,31.73,0
T04S06059,4,S06,C0040,store,control,Core,73.4,30.83,0
T04S06060,4,S06,C0047,ecommerce,control,Premium,107.72,37.7,1
T04S06061,4,S06,C0054,store,control,Value,65.43,27.48,0
T04S06062,4,S06,C0061,store,control,Core,102.34,42.98,1
T04S06063,4,S06,C0068,store,control,Premium,108.89,45.73,1
T04S06064,4,S06,C0075,store,control,Value,75.88,26.56,0
T04S06065,4,S06,C0082,ecommerce,control,Core,53.82,22.61,0
T04S06066,4,S06,C0089,store,control,Premium,68.1,28.6,0
T04S06067,4,S06,C0096,store,control,Value,93.19,39.14,1
T04S06068,4,S06,C0103,store,control,Core,118.11,41.34,1
T04S06069,4,S06,C0110,store,control,Premium,106.03,44.53,1
T04S06070,4,S06,C0117,ecommerce,control,Value,92.45,38.83,1
T04S06071,4,S06,C0124,store,control,Core,79.4,33.35,1
T04S06072,4,S06,C0131,store,control,Premium,102.75,35.96,1
T04S06073,4,S06,C0138,store,control,Value,108.27,45.47,1
T04S06074,4,S06,C0145,store,control,Core,75.32,31.64,0
T04S06075,4,S06,C0152,ecommerce,control,Premium,97.72,41.04,1
T04S06076,4,S06,C0159,store,control,Value,89.56,31.35,1
T04S06077,4,S06,C0166,store,control,Core,52.23,21.94,0
T04S06078,4,S06,C0173,store,control,Premium,96.55,40.55,1
T04S06079,4,S06,C0180,store,control,Value,76.15,31.98,1
T04S06080,4,S06,C0187,ecommerce,control,Core,81.0,28.35,1
T04S06081,4,S06,C0194,store,control,Premium,79.99,33.59,1
T04S06082,4,S06,C0001,store,control,Core,96.08,40.35,1
T04S06083,4,S06,C0008,store,control,Premium,72.91,30.62,0
T04S06084,4,S06,C0015,store,control,Value,65.73,23.0,0
T04S06085,4,S06,C0022,ecommerce,control,Core,105.64,44.37,1
T04S06086,4,S06,C0029,store,control,Premium,52.26,21.95,0
T04S06087,4,S06,C0036,store,control,Value,89.82,37.72,1
T04S06088,4,S06,C0043,store,control,Core,73.13,25.59,0
T04S06089,4,S06,C0050,store,control,Premium,129.31,54.31,1
T04S06090,4,S06,C0057,ecommerce,control,Value,64.61,27.14,0
T04S06091,4,S06,C0064,store,control,Core,88.14,37.02,1
T04S06092,4,S06,C0071,store,control,Premium,80.63,28.22,1
T04S06093,4,S06,C0078,store,control,Value,66.41,27.89,0
T04S06094,4,S06,C0085,store,control,Core,88.81,37.3,1
T04S06095,4,S06,C0092,ecommerce,control,Premium,93.19,39.14,1
T04S06096,4,S06,C0099,store,control,Value,91.05,31.87,1
T04S06097,4,S06,C0106,store,control,Core,73.59,30.91,0
T04S06098,4,S06,C0113,store,control,Premium,87.19,36.62,1
T04S06099,4,S06,C0120,store,control,Value,91.93,38.61,1
T04S06100,4,S06,C0127,ecommerce,control,Core,95.72,33.5,1
T04S06101,4,S06,C0134,store,control,Premium,90.57,38.04,1
T04S06102,4,S06,C0141,store,control,Value,53.2,22.35,0
T04S06103,4,S06,C0148,store,control,Core,75.0,31.5,0
T04S06104,4,S06,C0155,store,control,Premium,116.64,40.82,1
T04S06105,4,S06,C0162,ecommerce,control,Value,75.96,31.9,0
T04S06106,4,S06,C0169,store,control,Core,103.86,43.62,1
T04S06107,4,S06,C0176,store,control,Premium,87.63,36.8,1
T04S06108,4,S06,C0183,store,control,Value,62.24,21.78,0
T04S06109,4,S06,C0190,store,control,Core,93.38,39.22,1
T04S06110,4,S06,C0197,ecommerce,control,Premium,99.72,41.88,1
T04S06111,4,S06,C0004,store,control,Core,67.28,28.26,0
T04S06112,4,S06,C0011,store,control,Premium,121.29,42.45,1
T04S06113,4,S06,C0018,store,control,Value,75.63,31.76,0
T04S06114,4,S06,C0025,store,control,Core,49.15,20.64,0
T04S06115,4,S06,C0032,ecommerce,control,Premium,102.34,42.98,1
T04S06116,4,S06,C0039,store,control,Value,80.49,28.17,1
T04S06117,4,S06,C0046,store,control,Core,80.6,33.85,1
T04S06118,4,S06,C0053,store,control,Premium,68.11,28.61,0
T04S06119,4,S06,C0060,store,control,Value,53.2,22.34,0
T04S06120,4,S06,C0067,ecommerce,control,Core,55.44,19.4,0
T04S06121,4,S06,C0074,store,control,Premium,91.03,38.23,1
T04S06122,4,S06,C0081,store,control,Value,44.3,18.61,0
T04S06123,4,S06,C0088,store,control,Core,79.02,33.19,1
T04S06124,4,S06,C0095,store,control,Premium,66.63,23.32,0
T04S06125,4,S06,C0102,ecommerce,control,Value,74.83,31.43,0
T04S06126,4,S06,C0109,store,control,Core,61.96,26.03,0
T04S06127,4,S06,C0116,store,control,Premium,65.27,27.41,0
T04S06128,4,S06,C0123,store,control,Value,52.61,18.41,0
T04S06129,4,S06,C0130,store,control,Core,77.54,32.57,1
T04S06130,4,S06,C0137,ecommerce,control,Premium,120.14,50.46,1
T04S06131,4,S06,C0144,store,control,Value,57.59,24.19,0
T04S06132,4,S06,C0151,store,control,Core,75.26,26.34,0
T04S06133,4,S06,C0158,store,control,Premium,108.87,45.73,1
T04S06134,4,S06,C0165,store,control,Value,84.01,35.29,1
T04S06135,4,S06,C0172,ecommerce,control,Core,47.16,19.81,0
T04S06136,4,S06,C0179,store,control,Premium,70.2,24.57,0
T04S06137,4,S06,C0186,store,control,Value,87.63,36.8,1
T04S06138,4,S06,C0193,store,control,Core,93.36,39.21,1
T04S06139,4,S06,C0200,store,control,Premium,72.39,30.4,0
T04S06140,4,S06,C0007,ecommerce,control,Core,59.07,20.67,0
T04S06141,4,S06,C0014,store,control,Premium,108.16,45.43,1
T04S06142,4,S06,C0021,store,control,Value,55.58,23.34,0
T04S06143,4,S06,C0028,store,control,Core,56.07,23.55,0
T04S06144,4,S06,C0035,store,control,Premium,81.13,28.4,1
T04S06145,4,S06,C0042,ecommerce,control,Value,76.84,32.27,1
T04S06146,4,S06,C0049,store,control,Core,63.22,26.55,0
T04S06147,4,S06,C0056,store,control,Premium,95.07,39.93,1
T04S06148,4,S06,C0063,store,control,Value,55.42,19.4,0
T04S06149,4,S06,C0070,store,control,Core,64.64,27.15,0
T04S06150,4,S06,C0077,ecommerce,control,Premium,91.08,38.25,1
T04S06151,4,S06,C0084,store,control,Value,50.9,21.38,0
T04S06152,4,S06,C0091,store,control,Core,63.76,22.32,0
T04S06153,4,S06,C0098,store,control,Premium,76.3,32.05,1
T04S06154,4,S06,C0105,store,control,Value,75.74,31.81,0
T04S06155,4,S06,C0112,ecommerce,control,Core,76.39,32.08,1
T04S06156,4,S06,C0119,store,control,Premium,93.33,32.66,1
T04S06157,4,S06,C0126,store,control,Value,95.72,40.2,1
T04S06158,4,S06,C0133,store,control,Core,43.03,18.07,0
T04S06159,4,S06,C0140,store,control,Premium,113.39,47.62,1
T04S07000,4,S07,C0040,ecommerce,treatment,Core,82.33,28.82,1
T04S07001,4,S07,C0047,store,treatment,Premium,115.23,48.4,1
T04S07002,4,S07,C0054,store,treatment,Value,93.8,39.39,1
T04S07003,4,S07,C0061,store,treatment,Core,124.16,52.15,1
T04S07004,4,S07,C0068,store,treatment,Premium,117.7,41.2,1
T04S07005,4,S07,C0075,ecommerce,treatment,Value,98.98,41.57,1
T04S07006,4,S07,C0082,store,treatment,Core,97.03,40.75,1
T04S07007,4,S07,C0089,store,treatment,Premium,82.69,34.73,1
T04S07008,4,S07,C0096,store,treatment,Value,92.1,32.23,1
T04S07009,4,S07,C0103,store,treatment,Core,87.6,36.79,1
T04S07010,4,S07,C0110,ecommerce,treatment,Premium,98.53,41.38,1
T04S07011,4,S07,C0117,store,treatment,Value,73.04,30.68,0
T04S07012,4,S07,C0124,store,treatment,Core,100.74,35.26,1
T04S07013,4,S07,C0131,store,treatment,Premium,131.43,55.2,1
T04S07014,4,S07,C0138,store,treatment,Value,112.46,47.23,1
T04S07015,4,S07,C0145,ecommerce,treatment,Core,66.58,27.96,0
T04S07016,4,S07,C0152,store,treatment,Premium,114.68,40.14,1
T04S07017,4,S07,C0159,store,treatment,Value,108.72,45.66,1
T04S07018,4,S07,C0166,store,treatment,Core,95.19,39.98,1
T04S07019,4,S07,C0173,store,treatment,Premium,97.11,40.78,1
T04S07020,4,S07,C0180,ecommerce,treatment,Value,107.01,37.45,1
T04S07021,4,S07,C0187,store,treatment,Core,80.65,33.87,1
T04S07022,4,S07,C0194,store,treatment,Premium,124.41,52.25,1
T04S07023,4,S07,C0001,store,treatment,Core,85.65,35.97,1
T04S07024,4,S07,C0008,store,treatment,Premium,77.66,27.18,1
T04S07025,4,S07,C0015,ecommerce,treatment,Value,59.51,24.99,0
T04S07026,4,S07,C0022,store,treatment,Core,114.0,47.88,1
T04S07027,4,S07,C0029,store,treatment,Premium,104.4,43.85,1
T04S07028,4,S07,C0036,store,treatment,Value,77.5,27.13,1
T04S07029,4,S07,C0043,store,treatment,Core,106.19,44.6,1
T04S07030,4,S07,C0050,ecommerce,treatment,Premium,58.67,24.64,0
T04S07031,4,S07,C0057,store,treatment,Value,94.26,39.59,1
T04S07032,4,S07,C0064,store,treatment,Core,74.86,26.2,0
T04S07033,4,S07,C0071,store,treatment,Premium,95.8,40.24,1
T04S07034,4,S07,C0078,store,treatment,Value,92.54,38.87,1
T04S07035,4,S07,C0085,ecommerce,treatment,Core,109.12,45.83,1
T04S07036,4,S07,C0092,store,treatment,Premium,108.49,37.97,1
T04S07037,4,S07,C0099,store,treatment,Value,107.96,45.34,1
T04S07038,4,S07,C0106,store,treatment,Core,69.9,29.36,0
T04S07039,4,S07,C0113,store,treatment,Premium,125.84,52.85,1
T04S07040,4,S07,C0120,ecommerce,treatment,Value,69.58,24.35,0
T04S07041,4,S07,C0127,store,treatment,Core,89.35,37.53,1
T04S07042,4,S07,C0134,store,treatment,Premium,92.0,38.64,1
T04S07043,4,S07,C0141,store,treatment,Value,81.0,34.02,1
T04S07044,4,S07,C0148,store,treatment,Core,75.64,26.47,0
T04S07045,4,S07,C0155,ecommerce,treatment,Premium,119.6,50.23,1
T04S07046,4,S07,C0162,store,treatment,Value,87.44,36.73,1
T04S07047,4,S07,C0169,store,treatment,Core,96.73,40.63,1
T04S07048,4,S07,C0176,store,treatment,Premium,111.25,38.94,1
T04S07049,4,S07,C0183,store,treatment,Value,90.05,37.82,1
T04S07050,4,S07,C0190,ecommerce,treatment,Core,90.68,38.09,1
T04S07051,4,S07,C0197,store,treatment,Premium,128.67,54.04,1
T04S07052,4,S07,C0004,store,treatment,Core,126.47,44.27,1
T04S07053,4,S07,C0011,store,treatment,Premium,125.17,52.57,1
T04S07054,4,S07,C0018,store,treatment,Value,73.06,30.69,0
T04S07055,4,S07,C0025,ecommerce,treatment,Core,132.55,55.67,1
T04S07056,4,S07,C0032,store,treatment,Premium,100.85,35.3,1
T04S07057,4,S07,C0039,store,treatment,Value,118.92,49.95,1
T04S07058,4,S07,C0046,store,treatment,Core,104.11,43.73,1
T04S07059,4,S07,C0053,store,treatment,Premium,125.48,52.7,1
T04S07060,4,S07,C0060,ecommerce,treatment,Value,101.25,35.44,1
T04S07061,4,S07,C0067,store,treatment,Core,97.04,40.76,1
T04S07062,4,S07,C0074,store,treatment,Premium,118.66,49.84,1
T04S07063,4,S07,C0081,store,treatment,Value,109.26,45.89,1
T04S07064,4,S07,C0088,store,treatment,Core,89.77,31.42,1
T04S07065,4,S07,C0095,ecommerce,treatment,Premium,127.19,53.42,1
T04S07066,4,S07,C0102,store,treatment,Value,91.35,38.37,1
T04S07067,4,S07,C0109,store,treatment,Core,86.04,36.14,1
T04S07068,4,S07,C0116,store,treatment,Premium,107.12,37.49,1
T04S07069,4,S07,C0123,store,treatment,Value,81.15,34.08,1
T04S07070,4,S07,C0130,ecommerce,treatment,Core,118.82,49.9,1
T04S07071,4,S07,C0137,store,treatment,Premium,104.33,43.82,1
T04S07072,4,S07,C0144,store,treatment,Value,106.08,37.13,1
T04S07073,4,S07,C0151,store,treatment,Core,125.25,52.61,1
T04S07074,4,S07,C0158,store,treatment,Premium,147.55,61.97,1
T04S07075,4,S07,C0165,ecommerce,treatment,Value,63.24,26.56,0
T04S07076,4,S07,C0172,store,treatment,Core,103.07,36.08,1
T04S07077,4,S07,C0179,store,treatment,Premium,72.08,30.27,0
T04S07078,4,S07,C0186,store,treatment,Value,69.01,28.98,0
T04S07079,4,S07,C0193,store,treatment,Core,93.69,39.35,1
T04S07080,4,S07,C0200,ecommerce,treatment,Premium,90.38,31.63,1
T04S07081,4,S07,C0007,store,treatment,Core,67.25,28.24,0
T04S07082,4,S07,C0014,store,treatment,Premium,108.55,45.59,1
T04S07083,4,S07,C0021,store,treatment,Value,75.21,31.59,0
T04S07084,4,S07,C0028,store,treatment,Core,122.77,42.97,1
T04S07085,4,S07,C0035,ecommerce,treatment,Premium,136.08,57.16,1
T04S07086,4,S07,C0042,store,treatment,Value,85.14,35.76,1
T04S07087,4,S07,C0049,store,treatment,Core,108.12,45.41,1
T04S07088,4,S07,C0056,store,treatment,Premium,94.06,32.92,1
T04S07089,4,S07,C0063,store,treatment,Value,105.32,44.23,1
T04S07090,4,S07,C0070,ecommerce,treatment,Core,101.35,42.57,1
T04S07091,4,S07,C0077,store,treatment,Premium,81.87,34.39,1
T04S07092,4,S07,C0084,store,treatment,Value,71.55,25.04,0
T04S07093,4,S07,C0091,store,treatment,Core,75.79,31.83,0
T04S07094,4,S07,C0098,store,treatment,Premium,112.34,47.18,1
T04S07095,4,S07,C0105,ecommerce,treatment,Value,127.18,53.42,1
T04S07096,4,S07,C0112,store,treatment,Core,129.83,45.44,1
T04S07097,4,S07,C0119,store,treatment,Premium,120.18,50.48,1
T04S07098,4,S07,C0126,store,treatment,Value,80.1,33.64,1
T04S07099,4,S07,C0133,store,treatment,Core,81.78,34.35,1
T04S07100,4,S07,C0140,ecommerce,treatment,Premium,89.5,31.33,1
T04S07101,4,S07,C0147,store,treatment,Value,88.7,37.26,1
T04S07102,4,S07,C0154,store,treatment,Core,71.07,29.85,0
T04S07103,4,S07,C0161,store,treatment,Premium,92.95,39.04,1
T04S07104,4,S07,C0168,store,treatment,Value,96.92,33.92,1
T04S07105,4,S07,C0175,ecommerce,treatment,Core,77.94,32.73,1
T04S07106,4,S07,C0182,store,treatment,Premium,137.92,57.93,1
T04S07107,4,S07,C0189,store,treatment,Value,125.98,52.91,1
T04S07108,4,S07,C0196,store,treatment,Core,133.85,46.85,1
T04S07109,4,S07,C0003,store,treatment,Value,98.23,41.26,1
T04S07110,4,S07,C0010,ecommerce,treatment,Core,97.38,40.9,1
T04S07111,4,S07,C0017,store,treatment,Premium,111.38,46.78,1
T04S07112,4,S07,C0024,store,treatment,Value,92.47,32.37,1
T04S07113,4,S07,C0031,store,treatment,Core,128.38,53.92,1
T04S07114,4,S07,C0038,store,treatment,Premium,93.13,39.11,1
T04S07115,4,S07,C0045,ecommerce,treatment,Value,90.95,38.2,1
T04S07116,4,S07,C0052,store,treatment,Core,58.3,20.4,0
T04S07117,4,S07,C0059,store,treatment,Premium,103.3,43.39,1
T04S07118,4,S07,C0066,store,treatment,Value,83.97,35.27,1
T04S07119,4,S07,C0073,store,treatment,Core,88.56,37.2,1
T04S07120,4,S07,C0080,ecommerce,treatment,Premium,110.4,38.64,1
T04S07121,4,S07,C0087,store,treatment,Value,103.91,43.64,1
T04S07122,4,S07,C0094,store,treatment,Core,114.7,48.17,1
T04S07123,4,S07,C0101,store,treatment,Premium,110.46,46.39,1
T04S07124,4,S07,C0108,store,treatment,Value,86.66,30.33,1
T04S07125,4,S07,C0115,ecommerce,treatment,Core,91.21,38.31,1
T04S07126,4,S07,C0122,store,treatment,Premium,121.99,51.24,1
T04S07127,4,S07,C0129,store,treatment,Value,80.42,33.78,1
T04S07128,4,S07,C0136,store,treatment,Core,122.84,42.99,1
T04S07129,4,S07,C0143,store,treatment,Premium,109.19,45.86,1
T04S07130,4,S07,C0150,ecommerce,treatment,Value,68.82,28.9,0
T04S07131,4,S07,C0157,store,treatment,Core,61.73,25.92,0
T04S07132,4,S07,C0164,store,treatment,Premium,109.04,38.17,1
T04S07133,4,S07,C0171,store,treatment,Value,71.25,29.92,0
T04S07134,4,S07,C0178,store,treatment,Core,145.46,61.09,1
T04S07135,4,S07,C0185,ecommerce,treatment,Premium,102.16,42.91,1
T04S07136,4,S07,C0192,store,treatment,Value,81.59,28.56,1
T04S07137,4,S07,C0199,store,treatment,Core,113.9,47.84,1
T04S07138,4,S07,C0006,store,treatment,Value,84.76,35.6,1
T04S07139,4,S07,C0013,store,treatment,Core,73.4,30.83,0
T04S07140,4,S07,C0020,ecommerce,treatment,Premium,137.25,48.04,1
T04S07141,4,S07,C0027,store,treatment,Value,80.55,33.83,1
T04S07142,4,S07,C0034,store,treatment,Core,79.55,33.41,1
T04S07143,4,S07,C0041,store,treatment,Premium,91.21,38.31,1
T04S07144,4,S07,C0048,store,treatment,Value,83.77,29.32,1
T04S07145,4,S07,C0055,ecommerce,treatment,Core,106.28,44.64,1
T04S07146,4,S07,C0062,store,treatment,Premium,99.05,41.6,1
T04S07147,4,S07,C0069,store,treatment,Value,101.92,42.8,1
T04S07148,4,S07,C0076,store,treatment,Core,117.89,41.26,1
T04S07149,4,S07,C0083,store,treatment,Premium,138.37,58.12,1
T04S07150,4,S07,C0090,ecommerce,treatment,Value,76.99,32.33,1
T04S07151,4,S07,C0097,store,treatment,Core,98.47,41.36,1
T04S07152,4,S07,C0104,store,treatment,Premium,105.13,36.8,1
T04S07153,4,S07,C0111,store,treatment,Value,118.54,49.79,1
T04S07154,4,S07,C0118,store,treatment,Core,98.51,41.38,1
T04S07155,4,S07,C0125,ecommerce,treatment,Premium,121.94,51.21,1
T04S07156,4,S07,C0132,store,treatment,Value,90.06,31.52,1
T04S07157,4,S07,C0139,store,treatment,Core,122.33,51.38,1
T04S07158,4,S07,C0146,store,treatment,Premium,85.79,36.03,1
T04S07159,4,S07,C0153,store,treatment,Value,77.78,32.67,1
T04S08000,4,S08,C0053,ecommerce,control,Premium,90.96,31.84,1
T04S08001,4,S08,C0060,store,control,Value,86.0,36.12,1
T04S08002,4,S08,C0067,store,control,Core,79.37,33.33,1
T04S08003,4,S08,C0074,store,control,Premium,87.49,36.75,1
T04S08004,4,S08,C0081,store,control,Value,72.99,25.55,0
T04S08005,4,S08,C0088,ecommerce,control,Core,100.43,42.18,1
T04S08006,4,S08,C0095,store,control,Premium,87.44,36.72,1
T04S08007,4,S08,C0102,store,control,Value,75.02,31.51,0
T04S08008,4,S08,C0109,store,control,Core,57.16,20.01,0
T04S08009,4,S08,C0116,store,control,Premium,59.94,25.18,0
T04S08010,4,S08,C0123,ecommerce,control,Value,91.07,38.25,1
T04S08011,4,S08,C0130,store,control,Core,92.65,38.91,1
T04S08012,4,S08,C0137,store,control,Premium,99.53,34.83,1
T04S08013,4,S08,C0144,store,control,Value,82.51,34.66,1
T04S08014,4,S08,C0151,store,control,Core,79.57,33.42,1
T04S08015,4,S08,C0158,ecommerce,control,Premium,93.31,39.19,1
T04S08016,4,S08,C0165,store,control,Value,76.04,26.61,1
T04S08017,4,S08,C0172,store,control,Core,71.39,29.98,0
T04S08018,4,S08,C0179,store,control,Premium,63.27,26.57,0
T04S08019,4,S08,C0186,store,control,Value,58.05,24.38,0
T04S08020,4,S08,C0193,ecommerce,control,Core,47.41,16.59,0
T04S08021,4,S08,C0200,store,control,Premium,71.46,30.01,0
T04S08022,4,S08,C0007,store,control,Core,63.76,26.78,0
T04S08023,4,S08,C0014,store,control,Premium,86.21,36.21,1
T04S08024,4,S08,C0021,store,control,Value,74.03,25.91,0
T04S08025,4,S08,C0028,ecommerce,control,Core,76.28,32.04,1
T04S08026,4,S08,C0035,store,control,Premium,102.56,43.08,1
T04S08027,4,S08,C0042,store,control,Value,75.45,31.69,0
T04S08028,4,S08,C0049,store,control,Core,39.17,13.71,0
T04S08029,4,S08,C0056,store,control,Premium,98.25,41.27,1
T04S08030,4,S08,C0063,ecommerce,control,Value,52.57,22.08,0
T04S08031,4,S08,C0070,store,control,Core,53.45,22.45,0
T04S08032,4,S08,C0077,store,control,Premium,80.6,28.21,1
T04S08033,4,S08,C0084,store,control,Value,74.43,31.26,0
T04S08034,4,S08,C0091,store,control,Core,109.49,45.99,1
T04S08035,4,S08,C0098,ecommerce,control,Premium,124.8,52.42,1
T04S08036,4,S08,C0105,store,control,Value,118.61,41.51,1
T04S08037,4,S08,C0112,store,control,Core,68.99,28.98,0
T04S08038,4,S08,C0119,store,control,Premium,101.77,42.74,1
T04S08039,4,S08,C0126,store,control,Value,77.27,32.45,1
T04S08040,4,S08,C0133,ecommerce,control,Core,107.49,37.62,1
T04S08041,4,S08,C0140,store,control,Premium,75.9,31.88,0
T04S08042,4,S08,C0147,store,control,Value,86.8,36.46,1
T04S08043,4,S08,C0154,store,control,Core,50.96,21.41,0
T04S08044,4,S08,C0161,store,control,Premium,36.88,12.91,0
T04S08045,4,S08,C0168,ecommerce,control,Value,74.46,31.27,0
T04S08046,4,S08,C0175,store,control,Core,81.09,34.06,1
T04S08047,4,S08,C0182,store,control,Premium,94.31,39.61,1
T04S08048,4,S08,C0189,store,control,Value,43.93,15.38,0
T04S08049,4,S08,C0196,store,control,Core,65.38,27.46,0
T04S08050,4,S08,C0003,ecommerce,control,Value,121.56,51.06,1
T04S08051,4,S08,C0010,store,control,Core,75.63,31.76,0
T04S08052,4,S08,C0017,store,control,Premium,66.85,23.4,0
T04S08053,4,S08,C0024,store,control,Value,98.42,41.33,1
T04S08054,4,S08,C0031,store,control,Core,102.6,43.09,1
T04S08055,4,S08,C0038,ecommerce,control,Premium,98.91,41.54,1
T04S08056,4,S08,C0045,store,control,Value,54.27,18.99,0
T04S08057,4,S08,C0052,store,control,Core,81.07,34.05,1
T04S08058,4,S08,C0059,store,control,Premium,91.03,38.23,1
T04S08059,4,S08,C0066,store,control,Value,88.07,36.99,1
T04S08060,4,S08,C0073,ecommerce,control,Core,72.3,25.3,0
T04S08061,4,S08,C0080,store,control,Premium,85.75,36.01,1
T04S08062,4,S08,C0087,store,control,Value,75.53,31.72,0
T04S08063,4,S08,C0094,store,control,Core,84.09,35.32,1
T04S08064,4,S08,C0101,store,control,Premium,116.33,40.71,1
T04S08065,4,S08,C0108,ecommerce,control,Value,77.86,32.7,1
T04S08066,4,S08,C0115,store,control,Core,75.99,31.92,0
T04S08067,4,S08,C0122,store,control,Premium,77.08,32.37,1
T04S08068,4,S08,C0129,store,control,Value,53.4,18.69,0
T04S08069,4,S08,C0136,store,control,Core,52.38,22.0,0
T04S08070,4,S08,C0143,ecommerce,control,Premium,82.17,34.51,1
T04S08071,4,S08,C0150,store,control,Value,70.03,29.41,0
T04S08072,4,S08,C0157,store,control,Core,90.45,31.66,1
T04S08073,4,S08,C0164,store,control,Premium,100.41,42.17,1
T04S08074,4,S08,C0171,store,control,Value,74.94,31.47,0
T04S08075,4,S08,C0178,ecommerce,control,Core,82.67,34.72,1
T04S08076,4,S08,C0185,store,control,Premium,95.16,33.31,1
T04S08077,4,S08,C0192,store,control,Value,91.85,38.58,1
T04S08078,4,S08,C0199,store,control,Core,75.17,31.57,0
T04S08079,4,S08,C0006,store,control,Value,76.62,32.18,1
T04S08080,4,S08,C0013,ecommerce,control,Core,83.82,29.34,1
T04S08081,4,S08,C0020,store,control,Premium,99.37,41.74,1
T04S08082,4,S08,C0027,store,control,Value,67.35,28.29,0
T04S08083,4,S08,C0034,store,control,Core,80.35,33.75,1
T04S08084,4,S08,C0041,store,control,Premium,87.17,30.51,1
T04S08085,4,S08,C0048,ecommerce,control,Value,48.94,20.56,0
T04S08086,4,S08,C0055,store,control,Core,73.7,30.95,0
T04S08087,4,S08,C0062,store,control,Premium,72.03,30.25,0
T04S08088,4,S08,C0069,store,control,Value,55.39,19.39,0
T04S08089,4,S08,C0076,store,control,Core,114.91,48.26,1
T04S08090,4,S08,C0083,ecommerce,control,Premium,64.85,27.23,0
T04S08091,4,S08,C0090,store,control,Value,101.36,42.57,1
T04S08092,4,S08,C0097,store,control,Core,61.33,21.46,0
T04S08093,4,S08,C0104,store,control,Premium,107.03,44.95,1
T04S08094,4,S08,C0111,store,control,Value,42.13,17.69,0
T04S08095,4,S08,C0118,ecommerce,control,Core,87.53,36.76,1
T04S08096,4,S08,C0125,store,control,Premium,84.18,29.46,1
T04S08097,4,S08,C0132,store,control,Value,61.19,25.7,0
T04S08098,4,S08,C0139,store,control,Core,98.05,41.18,1
T04S08099,4,S08,C0146,store,control,Premium,100.82,42.34,1
T04S08100,4,S08,C0153,ecommerce,control,Value,99.95,34.98,1
T04S08101,4,S08,C0160,store,control,Core,58.67,24.64,0
T04S08102,4,S08,C0167,store,control,Premium,96.08,40.35,1
T04S08103,4,S08,C0174,store,control,Value,86.05,36.14,1
T04S08104,4,S08,C0181,store,control,Core,90.46,31.66,1
T04S08105,4,S08,C0188,ecommerce,control,Premium,93.69,39.35,1
T04S08106,4,S08,C0195,store,control,Value,89.92,37.77,1
T04S08107,4,S08,C0002,store,control,Premium,75.76,31.82,0
T04S08108,4,S08,C0009,store,control,Value,77.96,27.29,1
T04S08109,4,S08,C0016,store,control,Core,83.07,34.89,1
T04S08110,4,S08,C0023,ecommerce,control,Premium,77.46,32.53,1
T04S08111,4,S08,C0030,store,control,Value,91.33,38.36,1
T04S08112,4,S08,C0037,store,control,Core,86.72,30.35,1
T04S08113,4,S08,C0044,store,control,Premium,67.89,28.52,0
T04S08114,4,S08,C0051,store,control,Value,60.0,25.2,0
T04S08115,4,S08,C0058,ecommerce,control,Core,75.3,31.63,0
T04S08116,4,S08,C0065,store,control,Premium,101.1,35.39,1
T04S08117,4,S08,C0072,store,control,Value,98.56,41.4,1
T04S08118,4,S08,C0079,store,control,Core,48.06,20.19,0
T04S08119,4,S08,C0086,store,control,Premium,82.71,34.74,1
T04S08120,4,S08,C0093,ecommerce,control,Value,59.32,20.76,0
T04S08121,4,S08,C0100,store,control,Core,92.64,38.91,1
T04S08122,4,S08,C0107,store,control,Premium,111.28,46.74,1
T04S08123,4,S08,C0114,store,control,Value,86.39,36.29,1
T04S08124,4,S08,C0121,store,control,Core,97.53,34.14,1
T04S08125,4,S08,C0128,ecommerce,control,Premium,93.32,39.19,1
T04S08126,4,S08,C0135,store,control,Value,82.62,34.7,1
T04S08127,4,S08,C0142,store,control,Core,98.6,41.41,1
T04S08128,4,S08,C0149,store,control,Premium,107.3,37.56,1
T04S08129,4,S08,C0156,store,control,Value,95.06,39.92,1
T04S08130,4,S08,C0163,ecommerce,control,Core,94.68,39.77,1
T04S08131,4,S08,C0170,store,control,Premium,89.84,37.73,1
T04S08132,4,S08,C0177,store,control,Value,58.92,20.62,0
T04S08133,4,S08,C0184,store,control,Core,49.41,20.75,0
T04S08134,4,S08,C0191,store,control,Premium,108.74,45.67,1
T04S08135,4,S08,C0198,ecommerce,control,Value,104.11,43.72,1
T04S08136,4,S08,C0005,store,control,Premium,59.37,20.78,0
T04S08137,4,S08,C0012,store,control,Value,106.96,44.92,1
T04S08138,4,S08,C0019,store,control,Core,106.05,44.54,1
T04S08139,4,S08,C0026,store,control,Premium,102.57,43.08,1
T04S08140,4,S08,C0033,ecommerce,control,Value,76.3,26.71,1
T04S08141,4,S08,C0040,store,control,Core,97.11,40.79,1
T04S08142,4,S08,C0047,store,control,Premium,70.73,29.71,0
T04S08143,4,S08,C0054,store,control,Value,63.4,26.63,0
T04S08144,4,S08,C0061,store,control,Core,78.99,27.65,1
T04S08145,4,S08,C0068,ecommerce,control,Premium,108.67,45.64,1
T04S08146,4,S08,C0075,store,control,Value,104.24,43.78,1
T04S08147,4,S08,C0082,store,control,Core,66.98,28.13,0
T04S08148,4,S08,C0089,store,control,Premium,83.3,29.15,1
T04S08149,4,S08,C0096,store,control,Value,54.21,22.77,0
T04S08150,4,S08,C0103,ecommerce,control,Core,77.58,32.58,1
T04S08151,4,S08,C0110,store,control,Premium,60.63,25.47,0
T04S08152,4,S08,C0117,store,control,Value,66.53,23.28,0
T04S08153,4,S08,C0124,store,control,Core,65.61,27.56,0
T04S08154,4,S08,C0131,store,control,Premium,86.16,36.19,1
T04S08155,4,S08,C0138,ecommerce,control,Value,104.31,43.81,1
T04S08156,4,S08,C0145,store,control,Core,47.6,16.66,0
T04S08157,4,S08,C0152,store,control,Premium,88.52,37.18,1
T04S08158,4,S08,C0159,store,control,Value,60.96,25.6,0
T04S08159,4,S08,C0166,store,control,Core,72.42,30.42,0
T05S01000,5,S01,C0199,ecommerce,treatment,Core,82.17,28.76,1
T05S01001,5,S01,C0006,store,treatment,Value,77.69,32.63,1
T05S01002,5,S01,C0013,store,treatment,Core,63.55,26.69,0
T05S01003,5,S01,C0020,store,treatment,Premium,104.11,43.73,1
T05S01004,5,S01,C0027,store,treatment,Value,88.03,30.81,1
T05S01005,5,S01,C0034,ecommerce,treatment,Core,89.58,37.62,1
T05S01006,5,S01,C0041,store,treatment,Premium,112.19,47.12,1
T05S01007,5,S01,C0048,store,treatment,Value,81.2,34.1,1
T05S01008,5,S01,C0055,store,treatment,Core,80.28,28.1,1
T05S01009,5,S01,C0062,store,treatment,Premium,112.32,47.17,1
T05S01010,5,S01,C0069,ecommerce,treatment,Value,86.83,36.47,1
T05S01011,5,S01,C0076,store,treatment,Core,80.83,33.95,1
T05S01012,5,S01,C0083,store,treatment,Premium,111.74,39.11,1
T05S01013,5,S01,C0090,store,treatment,Value,97.51,40.95,1
T05S01014,5,S01,C0097,store,treatment,Core,80.48,33.8,1
T05S01015,5,S01,C0104,ecommerce,treatment,Premium,99.84,41.93,1
T05S01016,5,S01,C0111,store,treatment,Value,105.56,36.95,1
T05S01017,5,S01,C0118,store,treatment,Core,74.19,31.16,0
T05S01018,5,S01,C0125,store,treatment,Premium,97.33,40.88,1
T05S01019,5,S01,C0132,store,treatment,Value,95.96,40.3,1
T05S01020,5,S01,C0139,ecommerce,treatment,Core,111.52,39.03,1
T05S01021,5,S01,C0146,store,treatment,Premium,87.23,36.64,1
T05S01022,5,S01,C0153,store,treatment,Value,61.13,25.68,0
T05S01023,5,S01,C0160,store,treatment,Core,121.93,51.21,1
T05S01024,5,S01,C0167,store,treatment,Premium,105.56,36.95,1
T05S01025,5,S01,C0174,ecommerce,treatment,Value,82.21,34.53,1
T05S01026,5,S01,C0181,store,treatment,Core,79.85,33.54,1
T05S01027,5,S01,C0188,store,treatment,Premium,109.13,45.83,1
T05S01028,5,S01,C0195,store,treatment,Value,88.95,31.13,1
T05S01029,5,S01,C0002,store,treatment,Premium,110.34,46.34,1
T05S01030,5,S01,C0009,ecommerce,treatment,Value,67.79,28.47,0
T05S01031,5,S01,C0016,store,treatment,Core,74.84,31.43,0
T05S01032,5,S01,C0023,store,treatment,Premium,107.65,37.68,1
T05S01033,5,S01,C0030,store,treatment,Value,110.05,46.22,1
T05S01034,5,S01,C0037,store,treatment,Core,106.0,44.52,1
T05S01035,5,S01,C0044,ecommerce,treatment,Premium,140.71,59.1,1
T05S01036,5,S01,C0051,store,treatment,Value,69.35,24.27,0
T05S01037,5,S01,C0058,store,treatment,Core,79.03,33.19,1
T05S01038,5,S01,C0065,store,treatment,Premium,125.76,52.82,1
T05S01039,5,S01,C0072,store,treatment,Value,57.49,24.14,0
T05S01040,5,S01,C0079,ecommerce,treatment,Core,87.48,30.62,1
T05S01041,5,S01,C0086,store,treatment,Premium,111.68,46.9,1
T05S01042,5,S01,C0093,store,treatment,Value,87.4,36.71,1
T05S01043,5,S01,C0100,store,treatment,Core,96.64,40.59,1
T05S01044,5,S01,C0107,store,treatment,Premium,113.74,39.81,1
T05S01045,5,S01,C0114,ecommerce,treatment,Value,97.28,40.86,1
T05S01046,5,S01,C0121,store,treatment,Core,102.68,43.13,1
T05S01047,5,S01,C0128,store,treatment,Premium,102.48,43.04,1
T05S01048,5,S01,C0135,store,treatment,Value,100.84,35.29,1
T05S01049,5,S01,C0142,store,treatment,Core,89.19,37.46,1
T05S01050,5,S01,C0149,ecommerce,treatment,Premium,133.57,56.1,1
T05S01051,5,S01,C0156,store,treatment,Value,90.91,38.18,1
T05S01052,5,S01,C0163,store,treatment,Core,83.91,29.37,1
T05S01053,5,S01,C0170,store,treatment,Premium,89.98,37.79,1
T05S01054,5,S01,C0177,store,treatment,Value,108.22,45.45,1
T05S01055,5,S01,C0184,ecommerce,treatment,Core,98.02,41.17,1
T05S01056,5,S01,C0191,store,treatment,Premium,119.95,41.98,1
T05S01057,5,S01,C0198,store,treatment,Value,101.23,42.52,1
T05S01058,5,S01,C0005,store,treatment,Premium,143.27,60.17,1
T05S01059,5,S01,C0012,store,treatment,Value,102.11,42.89,1
T05S01060,5,S01,C0019,ecommerce,treatment,Core,118.26,41.39,1
T05S01061,5,S01,C0026,store,treatment,Premium,125.43,52.68,1
T05S01062,5,S01,C0033,store,treatment,Value,103.64,43.53,1
T05S01063,5,S01,C0040,store,treatment,Core,75.38,31.66,0
T05S01064,5,S01,C0047,store,treatment,Premium,109.47,38.31,1
T05S01065,5,S01,C0054,ecommerce,treatment,Value,97.85,41.1,1
T05S01066,5,S01,C0061,store,treatment,Core,93.62,39.32,1
T05S01067,5,S01,C0068,store,treatment,Premium,91.3,38.35,1
T05S01068,5,S01,C0075,store,treatment,Value,75.51,26.43,0
T05S01069,5,S01,C0082,store,treatment,Core,80.63,33.86,1
T05S01070,5,S01,C0089,ecommerce,treatment,Premium,100.68,42.29,1
T05S01071,5,S01,C0096,store,treatment,Value,72.05,30.26,0
T05S01072,5,S01,C0103,store,treatment,Core,118.55,41.49,1
T05S01073,5,S01,C0110,store,treatment,Premium,107.78,45.27,1
T05S01074,5,S01,C0117,store,treatment,Value,38.52,16.18,0
T05S01075,5,S01,C0124,ecommerce,treatment,Core,96.14,40.38,1
T05S01076,5,S01,C0131,store,treatment,Premium,108.29,37.9,1
T05S01077,5,S01,C0138,store,treatment,Value,76.67,32.2,1
T05S01078,5,S01,C0145,store,treatment,Core,60.09,25.24,0
T05S01079,5,S01,C0152,store,treatment,Premium,87.77,36.86,1
T05S01080,5,S01,C0159,ecommerce,treatment,Value,91.68,32.09,1
T05S01081,5,S01,C0166,store,treatment,Core,61.36,25.77,0
T05S01082,5,S01,C0173,store,treatment,Premium,120.52,50.62,1
T05S01083,5,S01,C0180,store,treatment,Value,73.0,30.66,0
T05S01084,5,S01,C0187,store,treatment,Core,92.14,32.25,1
T05S01085,5,S01,C0194,ecommerce,treatment,Premium,110.3,46.33,1
T05S01086,5,S01,C0001,store,treatment,Core,106.31,44.65,1
T05S01087,5,S01,C0008,store,treatment,Premium,109.21,45.87,1
T05S01088,5,S01,C0015,store,treatment,Value,78.65,27.53,1
T05S01089,5,S01,C0022,store,treatment,Core,78.51,32.97,1
T05S01090,5,S01,C0029,ecommerce,treatment,Premium,93.56,39.3,1
T05S01091,5,S01,C0036,store,treatment,Value,79.68,33.46,1
T05S01092,5,S01,C0043,store,treatment,Core,74.34,26.02,0
T05S01093,5,S01,C0050,store,treatment,Premium,132.47,55.64,1
T05S01094,5,S01,C0057,store,treatment,Value,86.95,36.52,1
T05S01095,5,S01,C0064,ecommerce,treatment,Core,107.94,45.34,1
T05S01096,5,S01,C0071,store,treatment,Premium,116.64,40.83,1
T05S01097,5,S01,C0078,store,treatment,Value,79.05,33.2,1
T05S01098,5,S01,C0085,store,treatment,Core,72.25,30.34,0
T05S01099,5,S01,C0092,store,treatment,Premium,101.54,42.65,1
T05S01100,5,S01,C0099,ecommerce,treatment,Value,114.72,40.15,1
T05S01101,5,S01,C0106,store,treatment,Core,79.55,33.41,1
T05S01102,5,S01,C0113,store,treatment,Premium,109.89,46.15,1
T05S01103,5,S01,C0120,store,treatment,Value,64.99,27.3,0
T05S01104,5,S01,C0127,store,treatment,Core,96.37,33.73,1
T05S01105,5,S01,C0134,ecommerce,treatment,Premium,121.16,50.89,1
T05S01106,5,S01,C0141,store,treatment,Value,126.6,53.17,1
T05S01107,5,S01,C0148,store,treatment,Core,106.47,44.72,1
T05S01108,5,S01,C0155,store,treatment,Premium,69.75,24.41,0
T05S01109,5,S01,C0162,store,treatment,Value,110.2,46.28,1
T05S01110,5,S01,C0169,ecommerce,treatment,Core,101.99,42.84,1
T05S01111,5,S01,C0176,store,treatment,Premium,89.84,37.73,1
T05S01112,5,S01,C0183,store,treatment,Value,90.86,31.8,1
T05S01113,5,S01,C0190,store,treatment,Core,64.62,27.14,0
T05S01114,5,S01,C0197,store,treatment,Premium,112.72,47.34,1
T05S01115,5,S01,C0004,ecommerce,treatment,Core,69.5,29.19,0
T05S01116,5,S01,C0011,store,treatment,Premium,93.83,32.84,1
T05S01117,5,S01,C0018,store,treatment,Value,84.03,35.29,1
T05S01118,5,S01,C0025,store,treatment,Core,91.61,38.48,1
T05S01119,5,S01,C0032,store,treatment,Premium,102.35,42.99,1
T05S01120,5,S01,C0039,ecommerce,treatment,Value,95.69,33.49,1
T05S01121,5,S01,C0046,store,treatment,Core,91.0,38.22,1
T05S01122,5,S01,C0053,store,treatment,Premium,108.91,45.74,1
T05S01123,5,S01,C0060,store,treatment,Value,82.41,34.61,1
T05S01124,5,S01,C0067,store,treatment,Core,90.29,31.6,1
T05S01125,5,S01,C0074,ecommerce,treatment,Premium,85.19,35.78,1
T05S01126,5,S01,C0081,store,treatment,Value,80.85,33.96,1
T05S01127,5,S01,C0088,store,treatment,Core,107.6,45.19,1
T05S01128,5,S01,C0095,store,treatment,Premium,124.93,43.72,1
T05S01129,5,S01,C0102,store,treatment,Value,106.08,44.55,1
T05S01130,5,S01,C0109,ecommerce,treatment,Core,98.89,41.53,1
T05S01131,5,S01,C0116,store,treatment,Premium,104.36,43.83,1
T05S01132,5,S01,C0123,store,treatment,Value,95.18,33.31,1
T05S01133,5,S01,C0130,store,treatment,Core,95.48,40.1,1
T05S01134,5,S01,C0137,store,treatment,Premium,83.78,35.19,1
T05S01135,5,S01,C0144,ecommerce,treatment,Value,102.73,43.15,1
T05S01136,5,S01,C0151,store,treatment,Core,97.45,34.11,1
T05S01137,5,S01,C0158,store,treatment,Premium,115.38,48.46,1
T05S01138,5,S01,C0165,store,treatment,Value,92.68,38.93,1
T05S01139,5,S01,C0172,store,treatment,Core,97.48,40.94,1
T05S01140,5,S01,C0179,ecommerce,treatment,Premium,128.63,45.02,1
T05S01141,5,S01,C0186,store,treatment,Value,81.59,34.27,1
T05S01142,5,S01,C0193,store,treatment,Core,117.56,49.37,1
T05S01143,5,S01,C0200,store,treatment,Premium,76.12,31.97,1
T05S01144,5,S01,C0007,store,treatment,Core,131.16,45.91,1
T05S01145,5,S01,C0014,ecommerce,treatment,Premium,98.05,41.18,1
T05S01146,5,S01,C0021,store,treatment,Value,56.18,23.59,0
T05S01147,5,S01,C0028,store,treatment,Core,85.33,35.84,1
T05S01148,5,S01,C0035,store,treatment,Premium,107.2,37.52,1
T05S01149,5,S01,C0042,store,treatment,Value,77.86,32.7,1
T05S01150,5,S01,C0049,ecommerce,treatment,Core,80.37,33.75,1
T05S01151,5,S01,C0056,store,treatment,Premium,76.09,31.96,1
T05S01152,5,S01,C0063,store,treatment,Value,66.7,23.35,0
T05S01153,5,S01,C0070,store,treatment,Core,99.59,41.83,1
T05S01154,5,S01,C0077,store,treatment,Premium,116.65,48.99,1
T05S01155,5,S01,C0084,ecommerce,treatment,Value,71.67,30.1,0
T05S01156,5,S01,C0091,store,treatment,Core,110.8,38.78,1
T05S01157,5,S01,C0098,store,treatment,Premium,75.01,31.5,0
T05S01158,5,S01,C0105,store,treatment,Value,68.67,28.84,0
T05S01159,5,S01,C0112,store,treatment,Core,52.77,22.16,0
T05S02000,5,S02,C0012,ecommerce,control,Value,66.66,23.33,0
T05S02001,5,S02,C0019,store,control,Core,57.69,24.23,0
T05S02002,5,S02,C0026,store,control,Premium,70.12,29.45,0
T05S02003,5,S02,C0033,store,control,Value,83.77,35.18,1
T05S02004,5,S02,C0040,store,control,Core,93.92,32.87,1
T05S02005,5,S02,C0047,ecommerce,control,Premium,94.2,39.56,1
T05S02006,5,S02,C0054,store,control,Value,71.17,29.89,0
T05S02007,5,S02,C0061,store,control,Core,86.83,36.47,1
T05S02008,5,S02,C0068,store,control,Premium,80.85,28.3,1
T05S02009,5,S02,C0075,store,control,Value,106.46,44.72,1
T05S02010,5,S02,C0082,ecommerce,control,Core,67.01,28.15,0
T05S02011,5,S02,C0089,store,control,Premium,80.65,33.87,1
T05S02012,5,S02,C0096,store,control,Value,67.36,23.58,0
T05S02013,5,S02,C0103,store,control,Core,79.41,33.35,1
T05S02014,5,S02,C0110,store,control,Premium,122.98,51.65,1
T05S02015,5,S02,C0117,ecommerce,control,Value,80.56,33.83,1
T05S02016,5,S02,C0124,store,control,Core,78.8,27.58,1
T05S02017,5,S02,C0131,store,control,Premium,83.34,35.0,1
T05S02018,5,S02,C0138,store,control,Value,55.02,23.11,0
T05S02019,5,S02,C0145,store,control,Core,54.86,23.04,0
T05S02020,5,S02,C0152,ecommerce,control,Premium,93.98,32.89,1
T05S02021,5,S02,C0159,store,control,Value,90.99,38.22,1
T05S02022,5,S02,C0166,store,control,Core,103.68,43.55,1
T05S02023,5,S02,C0173,store,control,Premium,104.98,44.09,1
T05S02024,5,S02,C0180,store,control,Value,36.74,12.86,0
T05S02025,5,S02,C0187,ecommerce,control,Core,99.23,41.68,1
T05S02026,5,S02,C0194,store,control,Premium,92.36,38.79,1
T05S02027,5,S02,C0001,store,control,Core,63.66,26.74,0
T05S02028,5,S02,C0008,store,control,Premium,56.79,19.88,0
T05S02029,5,S02,C0015,store,control,Value,93.74,39.37,1
T05S02030,5,S02,C0022,ecommerce,control,Core,77.99,32.76,1
T05S02031,5,S02,C0029,store,control,Premium,97.62,41.0,1
T05S02032,5,S02,C0036,store,control,Value,100.12,35.04,1
T05S02033,5,S02,C0043,store,control,Core,85.11,35.75,1
T05S02034,5,S02,C0050,store,control,Premium,108.36,45.51,1
T05S02035,5,S02,C0057,ecommerce,control,Value,60.18,25.27,0
T05S02036,5,S02,C0064,store,control,Core,84.46,29.56,1
T05S02037,5,S02,C0071,store,control,Premium,98.08,41.19,1
T05S02038,5,S02,C0078,store,control,Value,80.73,33.91,1
T05S02039,5,S02,C0085,store,control,Core,82.92,34.83,1
T05S02040,5,S02,C0092,ecommerce,control,Premium,83.65,29.28,1
T05S02041,5,S02,C0099,store,control,Value,34.9,14.66,0
T05S02042,5,S02,C0106,store,control,Core,68.05,28.58,0
T05S02043,5,S02,C0113,store,control,Premium,99.49,41.78,1
T05S02044,5,S02,C0120,store,control,Value,16.09,5.63,0
T05S02045,5,S02,C0127,ecommerce,control,Core,74.28,31.2,0
T05S02046,5,S02,C0134,store,control,Premium,107.9,45.32,1
T05S02047,5,S02,C0141,store,control,Value,73.91,31.04,0
T05S02048,5,S02,C0148,store,control,Core,67.38,23.58,0
T05S02049,5,S02,C0155,store,control,Premium,75.21,31.59,0
T05S02050,5,S02,C0162,ecommerce,control,Value,65.8,27.64,0
T05S02051,5,S02,C0169,store,control,Core,68.71,28.86,0
T05S02052,5,S02,C0176,store,control,Premium,101.51,35.53,1
T05S02053,5,S02,C0183,store,control,Value,66.71,28.02,0
T05S02054,5,S02,C0190,store,control,Core,91.7,38.51,1
T05S02055,5,S02,C0197,ecommerce,control,Premium,63.19,26.54,0
T05S02056,5,S02,C0004,store,control,Core,87.75,30.71,1
T05S02057,5,S02,C0011,store,control,Premium,64.3,27.0,0
T05S02058,5,S02,C0018,store,control,Value,74.04,31.1,0
T05S02059,5,S02,C0025,store,control,Core,96.63,40.58,1
T05S02060,5,S02,C0032,ecommerce,control,Premium,66.89,23.41,0
T05S02061,5,S02,C0039,store,control,Value,77.4,32.51,1
T05S02062,5,S02,C0046,store,control,Core,49.07,20.61,0
T05S02063,5,S02,C0053,store,control,Premium,60.61,25.46,0
T05S02064,5,S02,C0060,store,control,Value,63.76,22.32,0
T05S02065,5,S02,C0067,ecommerce,control,Core,75.91,31.88,0
T05S02066,5,S02,C0074,store,control,Premium,79.72,33.48,1
T05S02067,5,S02,C0081,store,control,Value,66.27,27.84,0
T05S02068,5,S02,C0088,store,control,Core,87.82,30.74,1
T05S02069,5,S02,C0095,store,control,Premium,101.12,42.47,1
T05S02070,5,S02,C0102,ecommerce,control,Value,88.47,37.16,1
T05S02071,5,S02,C0109,store,control,Core,84.04,35.3,1
T05S02072,5,S02,C0116,store,control,Premium,123.32,43.16,1
T05S02073,5,S02,C0123,store,control,Value,80.26,33.71,1
T05S02074,5,S02,C0130,store,control,Core,107.79,45.27,1
T05S02075,5,S02,C0137,ecommerce,control,Premium,84.38,35.44,1
T05S02076,5,S02,C0144,store,control,Value,94.17,32.96,1
T05S02077,5,S02,C0151,store,control,Core,90.98,38.21,1
T05S02078,5,S02,C0158,store,control,Premium,82.19,34.52,1
T05S02079,5,S02,C0165,store,control,Value,53.62,22.52,0
T05S02080,5,S02,C0172,ecommerce,control,Core,110.33,38.61,1
T05S02081,5,S02,C0179,store,control,Premium,104.06,43.71,1
T05S02082,5,S02,C0186,store,control,Value,65.13,27.35,0
T05S02083,5,S02,C0193,store,control,Core,39.09,16.42,0
T05S02084,5,S02,C0200,store,control,Premium,86.05,30.12,1
T05S02085,5,S02,C0007,ecommerce,control,Core,78.77,33.08,1
T05S02086,5,S02,C0014,store,control,Premium,100.3,42.13,1
T05S02087,5,S02,C0021,store,control,Value,85.2,35.78,1
T05S02088,5,S02,C0028,store,control,Core,83.28,29.15,1
T05S02089,5,S02,C0035,store,control,Premium,87.17,36.61,1
T05S02090,5,S02,C0042,ecommerce,control,Value,60.06,25.23,0
T05S02091,5,S02,C0049,store,control,Core,73.2,30.75,0
T05S02092,5,S02,C0056,store,control,Premium,90.49,31.67,1
T05S02093,5,S02,C0063,store,control,Value,75.39,31.67,0
T05S02094,5,S02,C0070,store,control,Core,70.87,29.77,0
T05S02095,5,S02,C0077,ecommerce,control,Premium,91.32,38.36,1
T05S02096,5,S02,C0084,store,control,Value,91.38,31.98,1
T05S02097,5,S02,C0091,store,control,Core,100.53,42.22,1
T05S02098,5,S02,C0098,store,control,Premium,82.6,34.69,1
T05S02099,5,S02,C0105,store,control,Value,69.54,29.21,0
T05S02100,5,S02,C0112,ecommerce,control,Core,76.57,26.8,1
T05S02101,5,S02,C0119,store,control,Premium,81.34,34.16,1
T05S02102,5,S02,C0126,store,control,Value,82.8,34.78,1
T05S02103,5,S02,C0133,store,control,Core,44.93,18.87,0
T05S02104,5,S02,C0140,store,control,Premium,107.44,37.6,1
T05S02105,5,S02,C0147,ecommerce,control,Value,103.06,43.29,1
T05S02106,5,S02,C0154,store,control,Core,99.31,41.71,1
T05S02107,5,S02,C0161,store,control,Premium,98.75,41.48,1
T05S02108,5,S02,C0168,store,control,Value,44.34,15.52,0
T05S02109,5,S02,C0175,store,control,Core,89.33,37.52,1
T05S02110,5,S02,C0182,ecommerce,control,Premium,123.77,51.98,1
T05S02111,5,S02,C0189,store,control,Value,71.13,29.87,0
T05S02112,5,S02,C0196,store,control,Core,40.46,14.16,0
T05S02113,5,S02,C0003,store,control,Value,86.81,36.46,1
T05S02114,5,S02,C0010,store,control,Core,89.94,37.77,1
T05S02115,5,S02,C0017,ecommerce,control,Premium,103.26,43.37,1
T05S02116,5,S02,C0024,store,control,Value,84.17,29.46,1
T05S02117,5,S02,C0031,store,control,Core,104.2,43.77,1
T05S02118,5,S02,C0038,store,control,Premium,71.13,29.87,0
T05S02119,5,S02,C0045,store,control,Value,94.86,39.84,1
T05S02120,5,S02,C0052,ecommerce,control,Core,54.56,19.09,0
T05S02121,5,S02,C0059,store,control,Premium,120.72,50.7,1
T05S02122,5,S02,C0066,store,control,Value,90.16,37.87,1
T05S02123,5,S02,C0073,store,control,Core,57.75,24.26,0
T05S02124,5,S02,C0080,store,control,Premium,49.26,17.24,0
T05S02125,5,S02,C0087,ecommerce,control,Value,60.72,25.5,0
T05S02126,5,S02,C0094,store,control,Core,62.23,26.14,0
T05S02127,5,S02,C0101,store,control,Premium,73.23,30.76,0
T05S02128,5,S02,C0108,store,control,Value,106.1,37.13,1
T05S02129,5,S02,C0115,store,control,Core,77.23,32.44,1
T05S02130,5,S02,C0122,ecommerce,control,Premium,70.18,29.48,0
T05S02131,5,S02,C0129,store,control,Value,86.09,36.16,1
T05S02132,5,S02,C0136,store,control,Core,65.85,23.05,0
T05S02133,5,S02,C0143,store,control,Premium,72.23,30.34,0
T05S02134,5,S02,C0150,store,control,Value,85.4,35.87,1
T05S02135,5,S02,C0157,ecommerce,control,Core,81.54,34.25,1
T05S02136,5,S02,C0164,store,control,Premium,134.99,47.25,1
T05S02137,5,S02,C0171,store,control,Value,72.65,30.51,0
T05S02138,5,S02,C0178,store,control,Core,69.23,29.08,0
T05S02139,5,S02,C0185,store,control,Premium,94.04,39.5,1
T05S02140,5,S02,C0192,ecommerce,control,Value,90.37,31.63,1
T05S02141,5,S02,C0199,store,control,Core,88.79,37.29,1
T05S02142,5,S02,C0006,store,control,Value,97.33,40.88,1
T05S02143,5,S02,C0013,store,control,Core,80.56,33.84,1
T05S02144,5,S02,C0020,store,control,Premium,121.65,42.58,1
T05S02145,5,S02,C0027,ecommerce,control,Value,92.54,38.87,1
T05S02146,5,S02,C0034,store,control,Core,52.32,21.98,0
T05S02147,5,S02,C0041,store,control,Premium,106.64,44.79,1
T05S02148,5,S02,C0048,store,control,Value,65.99,23.1,0
T05S02149,5,S02,C0055,store,control,Core,97.53,40.96,1
T05S02150,5,S02,C0062,ecommerce,control,Premium,112.59,47.29,1
T05S02151,5,S02,C0069,store,control,Value,64.19,26.96,0
T05S02152,5,S02,C0076,store,control,Core,83.82,29.34,1
T05S02153,5,S02,C0083,store,control,Premium,78.58,33.0,1
T05S02154,5,S02,C0090,store,control,Value,86.68,36.41,1
T05S02155,5,S02,C0097,ecommerce,control,Core,68.21,28.65,0
T05S02156,5,S02,C0104,store,control,Premium,96.56,33.8,1
T05S02157,5,S02,C0111,store,control,Value,89.01,37.38,1
T05S02158,5,S02,C0118,store,control,Core,58.4,24.53,0
T05S02159,5,S02,C0125,store,control,Premium,84.01,35.28,1
T05S03000,5,S03,C0025,ecommerce,treatment,Core,94.97,33.24,1
T05S03001,5,S03,C0032,store,treatment,Premium,127.21,53.43,1
T05S03002,5,S03,C0039,store,treatment,Value,91.93,38.61,1
T05S03003,5,S03,C0046,store,treatment,Core,111.34,46.76,1
T05S03004,5,S03,C0053,store,treatment,Premium,123.95,43.38,1
T05S03005,5,S03,C0060,ecommerce,treatment,Value,74.06,31.11,0
T05S03006,5,S03,C0067,store,treatment,Core,106.11,44.57,1
T05S03007,5,S03,C0074,store,treatment,Premium,102.82,43.18,1
T05S03008,5,S03,C0081,store,treatment,Value,95.96,33.59,1
T05S03009,5,S03,C0088,store,treatment,Core,89.92,37.77,1
T05S03010,5,S03,C0095,ecommerce,treatment,Premium,95.05,39.92,1
T05S03011,5,S03,C0102,store,treatment,Value,100.94,42.39,1
T05S03012,5,S03,C0109,store,treatment,Core,56.01,19.6,0
T05S03013,5,S03,C0116,store,treatment,Premium,118.38,49.72,1
T05S03014,5,S03,C0123,store,treatment,Value,112.51,47.25,1
T05S03015,5,S03,C0130,ecommerce,treatment,Core,107.44,45.12,1
T05S03016,5,S03,C0137,store,treatment,Premium,117.98,41.29,1
T05S03017,5,S03,C0144,store,treatment,Value,81.46,34.21,1
T05S03018,5,S03,C0151,store,treatment,Core,126.69,53.21,1
T05S03019,5,S03,C0158,store,treatment,Premium,101.9,42.8,1
T05S03020,5,S03,C0165,ecommerce,treatment,Value,101.13,35.4,1
T05S03021,5,S03,C0172,store,treatment,Core,70.2,29.49,0
T05S03022,5,S03,C0179,store,treatment,Premium,109.5,45.99,1
T05S03023,5,S03,C0186,store,treatment,Value,69.31,29.11,0
T05S03024,5,S03,C0193,store,treatment,Core,103.03,36.06,1
T05S03025,5,S03,C0200,ecommerce,treatment,Premium,142.61,59.9,1
T05S03026,5,S03,C0007,store,treatment,Core,100.97,42.41,1
T05S03027,5,S03,C0014,store,treatment,Premium,71.27,29.93,0
T05S03028,5,S03,C0021,store,treatment,Value,111.12,38.89,1
T05S03029,5,S03,C0028,store,treatment,Core,125.51,52.71,1
T05S03030,5,S03,C0035,ecommerce,treatment,Premium,121.2,50.9,1
T05S03031,5,S03,C0042,store,treatment,Value,66.22,27.81,0
T05S03032,5,S03,C0049,store,treatment,Core,85.97,30.09,1
T05S03033,5,S03,C0056,store,treatment,Premium,105.67,44.38,1
T05S03034,5,S03,C0063,store,treatment,Value,80.86,33.96,1
T05S03035,5,S03,C0070,ecommerce,treatment,Core,100.83,42.35,1
T05S03036,5,S03,C0077,store,treatment,Premium,110.58,38.7,1
T05S03037,5,S03,C0084,store,treatment,Value,83.4,35.03,1
T05S03038,5,S03,C0091,store,treatment,Core,110.06,46.22,1
T05S03039,5,S03,C0098,store,treatment,Premium,129.73,54.49,1
T05S03040,5,S03,C0105,ecommerce,treatment,Value,51.1,17.88,0
T05S03041,5,S03,C0112,store,treatment,Core,106.48,44.72,1
T05S03042,5,S03,C0119,store,treatment,Premium,104.0,43.68,1
T05S03043,5,S03,C0126,store,treatment,Value,101.04,42.44,1
T05S03044,5,S03,C0133,store,treatment,Core,99.02,34.66,1
T05S03045,5,S03,C0140,ecommerce,treatment,Premium,126.87,53.29,1
T05S03046,5,S03,C0147,store,treatment,Value,76.46,32.11,1
T05S03047,5,S03,C0154,store,treatment,Core,101.37,42.57,1
T05S03048,5,S03,C0161,store,treatment,Premium,101.94,35.68,1
T05S03049,5,S03,C0168,store,treatment,Value,97.16,40.81,1
T05S03050,5,S03,C0175,ecommerce,treatment,Core,70.87,29.77,0
T05S03051,5,S03,C0182,store,treatment,Premium,80.55,33.83,1
T05S03052,5,S03,C0189,store,treatment,Value,89.33,31.27,1
T05S03053,5,S03,C0196,store,treatment,Core,92.04,38.66,1
T05S03054,5,S03,C0003,store,treatment,Value,100.08,42.03,1
T05S03055,5,S03,C0010,ecommerce,treatment,Core,74.59,31.33,0
T05S03056,5,S03,C0017,store,treatment,Premium,103.7,36.3,1
T05S03057,5,S03,C0024,store,treatment,Value,66.77,28.04,0
T05S03058,5,S03,C0031,store,treatment,Core,89.71,37.68,1
T05S03059,5,S03,C0038,store,treatment,Premium,91.59,38.47,1
T05S03060,5,S03,C0045,ecommerce,treatment,Value,57.01,19.95,0
T05S03061,5,S03,C0052,store,treatment,Core,102.44,43.03,1
T05S03062,5,S03,C0059,store,treatment,Premium,121.5,51.03,1
T05S03063,5,S03,C0066,store,treatment,Value,85.72,36.0,1
T05S03064,5,S03,C0073,store,treatment,Core,119.52,41.83,1
T05S03065,5,S03,C0080,ecommerce,treatment,Premium,109.73,46.09,1
T05S03066,5,S03,C0087,store,treatment,Value,85.59,35.95,1
T05S03067,5,S03,C0094,store,treatment,Core,92.03,38.65,1
T05S03068,5,S03,C0101,store,treatment,Premium,111.05,38.87,1
T05S03069,5,S03,C0108,store,treatment,Value,65.23,27.4,0
T05S03070,5,S03,C0115,ecommerce,treatment,Core,54.18,22.75,0
T05S03071,5,S03,C0122,store,treatment,Premium,115.53,48.52,1
T05S03072,5,S03,C0129,store,treatment,Value,112.02,39.21,1
T05S03073,5,S03,C0136,store,treatment,Core,72.8,30.58,0
T05S03074,5,S03,C0143,store,treatment,Premium,113.99,47.88,1
T05S03075,5,S03,C0150,ecommerce,treatment,Value,97.76,41.06,1
T05S03076,5,S03,C0157,store,treatment,Core,92.35,32.32,1
T05S03077,5,S03,C0164,store,treatment,Premium,83.34,35.0,1
T05S03078,5,S03,C0171,store,treatment,Value,63.89,26.83,0
T05S03079,5,S03,C0178,store,treatment,Core,80.28,33.72,1
T05S03080,5,S03,C0185,ecommerce,treatment,Premium,94.5,33.07,1
T05S03081,5,S03,C0192,store,treatment,Value,86.4,36.29,1
T05S03082,5,S03,C0199,store,treatment,Core,74.63,31.34,0
T05S03083,5,S03,C0006,store,treatment,Value,114.01,47.88,1
T05S03084,5,S03,C0013,store,treatment,Core,111.09,38.88,1
T05S03085,5,S03,C0020,ecommerce,treatment,Premium,136.67,57.4,1
T05S03086,5,S03,C0027,store,treatment,Value,93.61,39.32,1
T05S03087,5,S03,C0034,store,treatment,Core,85.85,36.05,1
T05S03088,5,S03,C0041,store,treatment,Premium,115.13,40.3,1
T05S03089,5,S03,C0048,store,treatment,Value,79.15,33.24,1
T05S03090,5,S03,C0055,ecommerce,treatment,Core,87.57,36.78,1
T05S03091,5,S03,C0062,store,treatment,Premium,136.29,57.24,1
T05S03092,5,S03,C0069,store,treatment,Value,85.46,29.91,1
T05S03093,5,S03,C0076,store,treatment,Core,100.75,42.32,1
T05S03094,5,S03,C0083,store,treatment,Premium,96.55,40.55,1
T05S03095,5,S03,C0090,ecommerce,treatment,Value,75.06,31.53,0
T05S03096,5,S03,C0097,store,treatment,Core,75.28,26.35,0
T05S03097,5,S03,C0104,store,treatment,Premium,127.39,53.51,1
T05S03098,5,S03,C0111,store,treatment,Value,98.85,41.52,1
T05S03099,5,S03,C0118,store,treatment,Core,85.56,35.94,1
T05S03100,5,S03,C0125,ecommerce,treatment,Premium,112.51,39.38,1
T05S03101,5,S03,C0132,store,treatment,Value,96.4,40.49,1
T05S03102,5,S03,C0139,store,treatment,Core,129.74,54.49,1
T05S03103,5,S03,C0146,store,treatment,Premium,100.77,42.32,1
T05S03104,5,S03,C0153,store,treatment,Value,78.61,27.51,1
T05S03105,5,S03,C0160,ecommerce,treatment,Core,76.84,32.27,1
T05S03106,5,S03,C0167,store,treatment,Premium,90.28,37.92,1
T05S03107,5,S03,C0174,store,treatment,Value,95.21,39.99,1
T05S03108,5,S03,C0181,store,treatment,Core,111.61,39.06,1
T05S03109,5,S03,C0188,store,treatment,Premium,91.06,38.25,1
T05S03110,5,S03,C0195,ecommerce,treatment,Value,105.12,44.15,1
T05S03111,5,S03,C0002,store,treatment,Premium,100.5,42.21,1
T05S03112,5,S03,C0009,store,treatment,Value,116.3,40.7,1
T05S03113,5,S03,C0016,store,treatment,Core,104.65,43.95,1
T05S03114,5,S03,C0023,store,treatment,Premium,97.7,41.03,1
T05S03115,5,S03,C0030,ecommerce,treatment,Value,76.51,32.13,1
T05S03116,5,S03,C0037,store,treatment,Core,89.79,31.43,1
T05S03117,5,S03,C0044,store,treatment,Premium,86.21,36.21,1
T05S03118,5,S03,C0051,store,treatment,Value,104.62,43.94,1
T05S03119,5,S03,C0058,store,treatment,Core,118.63,49.82,1
T05S03120,5,S03,C0065,ecommerce,treatment,Premium,109.66,38.38,1
T05S03121,5,S03,C0072,store,treatment,Value,107.3,45.07,1
T05S03122,5,S03,C0079,store,treatment,Core,102.97,43.25,1
T05S03123,5,S03,C0086,store,treatment,Premium,97.87,41.11,1
T05S03124,5,S03,C0093,store,treatment,Value,101.38,35.48,1
T05S03125,5,S03,C0100,ecommerce,treatment,Core,79.64,33.45,1
T05S03126,5,S03,C0107,store,treatment,Premium,129.71,54.48,1
T05S03127,5,S03,C0114,store,treatment,Value,69.56,29.21,0
T05S03128,5,S03,C0121,store,treatment,Core,138.2,48.37,1
T05S03129,5,S03,C0128,store,treatment,Premium,101.08,42.45,1
T05S03130,5,S03,C0135,ecommerce,treatment,Value,63.34,26.6,0
T05S03131,5,S03,C0142,store,treatment,Core,105.55,44.33,1
T05S03132,5,S03,C0149,store,treatment,Premium,94.24,32.99,1
T05S03133,5,S03,C0156,store,treatment,Value,71.84,30.17,0
T05S03134,5,S03,C0163,store,treatment,Core,113.45,47.65,1
T05S03135,5,S03,C0170,ecommerce,treatment,Premium,80.52,33.82,1
T05S03136,5,S03,C0177,store,treatment,Value,82.15,28.75,1
T05S03137,5,S03,C0184,store,treatment,Core,99.95,41.98,1
T05S03138,5,S03,C0191,store,treatment,Premium,112.18,47.12,1
T05S03139,5,S03,C0198,store,treatment,Value,72.4,30.41,0
T05S03140,5,S03,C0005,ecommerce,treatment,Premium,128.57,45.0,1
T05S03141,5,S03,C0012,store,treatment,Value,54.46,22.87,0
T05S03142,5,S03,C0019,store,treatment,Core,122.38,51.4,1
T05S03143,5,S03,C0026,store,treatment,Premium,85.01,35.7,1
T05S03144,5,S03,C0033,store,treatment,Value,131.15,45.9,1
T05S03145,5,S03,C0040,ecommerce,treatment,Core,87.24,36.64,1
T05S03146,5,S03,C0047,store,treatment,Premium,108.59,45.61,1
T05S03147,5,S03,C0054,store,treatment,Value,105.31,44.23,1
T05S03148,5,S03,C0061,store,treatment,Core,98.33,34.41,1
T05S03149,5,S03,C0068,store,treatment,Premium,125.47,52.7,1
T05S03150,5,S03,C0075,ecommerce,treatment,Value,109.59,46.03,1
T05S03151,5,S03,C0082,store,treatment,Core,118.28,49.68,1
T05S03152,5,S03,C0089,store,treatment,Premium,87.61,30.66,1
T05S03153,5,S03,C0096,store,treatment,Value,135.17,56.77,1
T05S03154,5,S03,C0103,store,treatment,Core,97.7,41.03,1
T05S03155,5,S03,C0110,ecommerce,treatment,Premium,92.25,38.75,1
T05S03156,5,S03,C0117,store,treatment,Value,125.36,43.87,1
T05S03157,5,S03,C0124,store,treatment,Core,106.32,44.66,1
T05S03158,5,S03,C0131,store,treatment,Premium,110.16,46.27,1
T05S03159,5,S03,C0138,store,treatment,Value,85.68,35.98,1
T05S04000,5,S04,C0038,ecommerce,control,Premium,78.05,27.32,1
T05S04001,5,S04,C0045,store,control,Value,97.87,41.11,1
T05S04002,5,S04,C0052,store,control,Core,64.98,27.29,0
T05S04003,5,S04,C0059,store,control,Premium,126.3,53.05,1
T05S04004,5,S04,C0066,store,control,Value,67.32,23.56,0
T05S04005,5,S04,C0073,ecommerce,control,Core,79.56,33.42,1
T05S04006,5,S04,C0080,store,control,Premium,107.12,44.99,1
T05S04007,5,S04,C0087,store,control,Value,92.44,38.83,1
T05S04008,5,S04,C0094,store,control,Core,89.17,31.21,1
T05S04009,5,S04,C0101,store,control,Premium,101.7,42.71,1
T05S04010,5,S04,C0108,ecommerce,control,Value,46.7,19.61,0
T05S04011,5,S04,C0115,store,control,Core,62.74,26.35,0
T05S04012,5,S04,C0122,store,control,Premium,70.64,24.72,0
T05S04013,5,S04,C0129,store,control,Value,62.59,26.29,0
T05S04014,5,S04,C0136,store,control,Core,100.08,42.03,1
T05S04015,5,S04,C0143,ecommerce,control,Premium,99.58,41.83,1
T05S04016,5,S04,C0150,store,control,Value,90.85,31.8,1
T05S04017,5,S04,C0157,store,control,Core,104.79,44.01,1
T05S04018,5,S04,C0164,store,control,Premium,99.99,42.0,1
T05S04019,5,S04,C0171,store,control,Value,81.24,34.12,1
T05S04020,5,S04,C0178,ecommerce,control,Core,58.86,20.6,0
T05S04021,5,S04,C0185,store,control,Premium,93.74,39.37,1
T05S04022,5,S04,C0192,store,control,Value,71.92,30.21,0
T05S04023,5,S04,C0199,store,control,Core,91.49,38.42,1
T05S04024,5,S04,C0006,store,control,Value,63.59,22.26,0
T05S04025,5,S04,C0013,ecommerce,control,Core,84.24,35.38,1
T05S04026,5,S04,C0020,store,control,Premium,38.62,16.22,0
T05S04027,5,S04,C0027,store,control,Value,86.33,36.26,1
T05S04028,5,S04,C0034,store,control,Core,56.2,19.67,0
T05S04029,5,S04,C0041,store,control,Premium,101.02,42.43,1
T05S04030,5,S04,C0048,ecommerce,control,Value,79.19,33.26,1
T05S04031,5,S04,C0055,store,control,Core,38.78,16.29,0
T05S04032,5,S04,C0062,store,control,Premium,98.64,34.52,1
T05S04033,5,S04,C0069,store,control,Value,85.58,35.94,1
T05S04034,5,S04,C0076,store,control,Core,93.23,39.16,1
T05S04035,5,S04,C0083,ecommerce,control,Premium,116.75,49.04,1
T05S04036,5,S04,C0090,store,control,Value,56.06,19.62,0
T05S04037,5,S04,C0097,store,control,Core,68.39,28.72,0
T05S04038,5,S04,C0104,store,control,Premium,120.75,50.71,1
T05S04039,5,S04,C0111,store,control,Value,95.35,40.05,1
T05S04040,5,S04,C0118,ecommerce,control,Core,71.06,24.87,0
T05S04041,5,S04,C0125,store,control,Premium,89.15,37.44,1
T05S04042,5,S04,C0132,store,control,Value,58.81,24.7,0
T05S04043,5,S04,C0139,store,control,Core,63.31,26.59,0
T05S04044,5,S04,C0146,store,control,Premium,87.91,30.77,1
T05S04045,5,S04,C0153,ecommerce,control,Value,62.46,26.23,0
T05S04046,5,S04,C0160,store,control,Core,89.09,37.42,1
T05S04047,5,S04,C0167,store,control,Premium,121.63,51.09,1
T05S04048,5,S04,C0174,store,control,Value,70.97,24.84,0
T05S04049,5,S04,C0181,store,control,Core,85.12,35.75,1
T05S04050,5,S04,C0188,ecommerce,control,Premium,129.91,54.56,1
T05S04051,5,S04,C0195,store,control,Value,100.75,42.32,1
T05S04052,5,S04,C0002,store,control,Premium,74.2,25.97,0
T05S04053,5,S04,C0009,store,control,Value,76.61,32.18,1
T05S04054,5,S04,C0016,store,control,Core,74.36,31.23,0
T05S04055,5,S04,C0023,ecommerce,control,Premium,111.6,46.87,1
T05S04056,5,S04,C0030,store,control,Value,86.77,30.37,1
T05S04057,5,S04,C0037,store,control,Core,83.8,35.2,1
T05S04058,5,S04,C0044,store,control,Premium,108.64,45.63,1
T05S04059,5,S04,C0051,store,control,Value,97.33,40.88,1
T05S04060,5,S04,C0058,ecommerce,control,Core,31.43,11.0,0
T05S04061,5,S04,C0065,store,control,Premium,81.61,34.28,1
T05S04062,5,S04,C0072,store,control,Value,56.84,23.87,0
T05S04063,5,S04,C0079,store,control,Core,83.49,35.07,1
T05S04064,5,S04,C0086,store,control,Premium,82.68,28.94,1
T05S04065,5,S04,C0093,ecommerce,control,Value,48.23,20.26,0
T05S04066,5,S04,C0100,store,control,Core,61.08,25.65,0
T05S04067,5,S04,C0107,store,control,Premium,93.66,39.34,1
T05S04068,5,S04,C0114,store,control,Value,99.01,34.65,1
T05S04069,5,S04,C0121,store,control,Core,71.69,30.11,0
T05S04070,5,S04,C0128,ecommerce,control,Premium,80.29,33.72,1
T05S04071,5,S04,C0135,store,control,Value,81.64,34.29,1
T05S04072,5,S04,C0142,store,control,Core,46.41,16.25,0
T05S04073,5,S04,C0149,store,control,Premium,70.66,29.68,0
T05S04074,5,S04,C0156,store,control,Value,60.65,25.47,0
T05S04075,5,S04,C0163,ecommerce,control,Core,83.48,35.06,1
T05S04076,5,S04,C0170,store,control,Premium,90.07,31.53,1
T05S04077,5,S04,C0177,store,control,Value,79.88,33.55,1
T05S04078,5,S04,C0184,store,control,Core,79.82,33.52,1
T05S04079,5,S04,C0191,store,control,Premium,121.77,51.15,1
T05S04080,5,S04,C0198,ecommerce,control,Value,84.09,29.43,1
T05S04081,5,S04,C0005,store,control,Premium,92.71,38.94,1
T05S04082,5,S04,C0012,store,control,Value,100.91,42.38,1
T05S04083,5,S04,C0019,store,control,Core,92.55,38.87,1
T05S04084,5,S04,C0026,store,control,Premium,67.27,23.54,0
T05S04085,5,S04,C0033,ecommerce,control,Value,49.84,20.93,0
T05S04086,5,S04,C0040,store,control,Core,59.17,24.85,0
T05S04087,5,S04,C0047,store,control,Premium,81.12,34.07,1
T05S04088,5,S04,C0054,store,control,Value,104.05,36.42,1
T05S04089,5,S04,C0061,store,control,Core,56.21,23.61,0
T05S04090,5,S04,C0068,ecommerce,control,Premium,75.65,31.77,0
T05S04091,5,S04,C0075,store,control,Value,93.81,39.4,1
T05S04092,5,S04,C0082,store,control,Core,96.3,33.71,1
T05S04093,5,S04,C0089,store,control,Premium,96.6,40.57,1
T05S04094,5,S04,C0096,store,control,Value,84.92,35.67,1
T05S04095,5,S04,C0103,ecommerce,control,Core,72.6,30.49,0
T05S04096,5,S04,C0110,store,control,Premium,99.75,34.91,1
T05S04097,5,S04,C0117,store,control,Value,41.72,17.52,0
T05S04098,5,S04,C0124,store,control,Core,54.89,23.05,0
T05S04099,5,S04,C0131,store,control,Premium,88.93,37.35,1
T05S04100,5,S04,C0138,ecommerce,control,Value,70.22,24.58,0
T05S04101,5,S04,C0145,store,control,Core,62.58,26.28,0
T05S04102,5,S04,C0152,store,control,Premium,79.95,33.58,1
T05S04103,5,S04,C0159,store,control,Value,54.51,22.89,0
T05S04104,5,S04,C0166,store,control,Core,34.43,12.05,0
T05S04105,5,S04,C0173,ecommerce,control,Premium,91.31,38.35,1
T05S04106,5,S04,C0180,store,control,Value,63.72,26.76,0
T05S04107,5,S04,C0187,store,control,Core,71.84,30.17,0
T05S04108,5,S04,C0194,store,control,Premium,90.86,31.8,1
T05S04109,5,S04,C0001,store,control,Core,79.88,33.55,1
T05S04110,5,S04,C0008,ecommerce,control,Premium,82.73,34.75,1
T05S04111,5,S04,C0015,store,control,Value,70.57,29.64,0
T05S04112,5,S04,C0022,store,control,Core,93.38,32.68,1
T05S04113,5,S04,C0029,store,control,Premium,97.18,40.81,1
T05S04114,5,S04,C0036,store,control,Value,84.48,35.48,1
T05S04115,5,S04,C0043,ecommerce,control,Core,113.16,47.53,1
T05S04116,5,S04,C0050,store,control,Premium,98.02,34.31,1
T05S04117,5,S04,C0057,store,control,Value,73.23,30.76,0
T05S04118,5,S04,C0064,store,control,Core,73.3,30.79,0
T05S04119,5,S04,C0071,store,control,Premium,88.03,36.97,1
T05S04120,5,S04,C0078,ecommerce,control,Value,90.48,31.67,1
T05S04121,5,S04,C0085,store,control,Core,63.76,26.78,0
T05S04122,5,S04,C0092,store,control,Premium,64.87,27.25,0
T05S04123,5,S04,C0099,store,control,Value,52.19,21.92,0
T05S04124,5,S04,C0106,store,control,Core,79.19,27.72,1
T05S04125,5,S04,C0113,ecommerce,control,Premium,61.1,25.66,0
T05S04126,5,S04,C0120,store,control,Value,75.6,31.75,0
T05S04127,5,S04,C0127,store,control,Core,67.97,28.55,0
T05S04128,5,S04,C0134,store,control,Premium,98.98,34.64,1
T05S04129,5,S04,C0141,store,control,Value,63.03,26.47,0
T05S04130,5,S04,C0148,ecommerce,control,Core,89.57,37.62,1
T05S04131,5,S04,C0155,store,control,Premium,115.8,48.64,1
T05S04132,5,S04,C0162,store,control,Value,78.3,27.41,1
T05S04133,5,S04,C0169,store,control,Core,100.06,42.03,1
T05S04134,5,S04,C0176,store,control,Premium,96.49,40.53,1
T05S04135,5,S04,C0183,ecommerce,control,Value,81.53,34.24,1
T05S04136,5,S04,C0190,store,control,Core,63.3,22.15,0
T05S04137,5,S04,C0197,store,control,Premium,68.94,28.95,0
T05S04138,5,S04,C0004,store,control,Core,34.86,14.64,0
T05S04139,5,S04,C0011,store,control,Premium,89.82,37.73,1
T05S04140,5,S04,C0018,ecommerce,control,Value,86.24,30.18,1
T05S04141,5,S04,C0025,store,control,Core,89.32,37.51,1
T05S04142,5,S04,C0032,store,control,Premium,94.78,39.81,1
T05S04143,5,S04,C0039,store,control,Value,51.46,21.61,0
T05S04144,5,S04,C0046,store,control,Core,80.6,28.21,1
T05S04145,5,S04,C0053,ecommerce,control,Premium,96.09,40.36,1
T05S04146,5,S04,C0060,store,control,Value,98.52,41.38,1
T05S04147,5,S04,C0067,store,control,Core,67.61,28.39,0
T05S04148,5,S04,C0074,store,control,Premium,103.5,36.23,1
T05S04149,5,S04,C0081,store,control,Value,80.63,33.86,1
T05S04150,5,S04,C0088,ecommerce,control,Core,66.58,27.96,0
T05S04151,5,S04,C0095,store,control,Premium,70.09,29.44,0
T05S04152,5,S04,C0102,store,control,Value,84.84,29.69,1
T05S04153,5,S04,C0109,store,control,Core,61.82,25.97,0
T05S04154,5,S04,C0116,store,control,Premium,96.45,40.51,1
T05S04155,5,S04,C0123,ecommerce,control,Value,85.26,35.81,1
T05S04156,5,S04,C0130,store,control,Core,85.48,29.92,1
T05S04157,5,S04,C0137,store,control,Premium,107.56,45.17,1
T05S04158,5,S04,C0144,store,control,Value,91.51,38.43,1
T05S04159,5,S04,C0151,store,control,Core,72.97,30.65,0
T05S05000,5,S05,C0051,ecommerce,treatment,Value,67.03,23.46,0
T05S05001,5,S05,C0058,store,treatment,Core,84.69,35.57,1
T05S05002,5,S05,C0065,store,treatment,Premium,75.58,31.74,0
T05S05003,5,S05,C0072,store,treatment,Value,49.18,20.66,0
T05S05004,5,S05,C0079,store,treatment,Core,106.62,37.32,1
T05S05005,5,S05,C0086,ecommerce,treatment,Premium,48.36,20.31,0
T05S05006,5,S05,C0093,store,treatment,Value,60.33,25.34,0
T05S05007,5,S05,C0100,store,treatment,Core,79.28,33.3,1
T05S05008,5,S05,C0107,store,treatment,Premium,106.0,37.1,1
T05S05009,5,S05,C0114,store,treatment,Value,110.97,46.61,1
T05S05010,5,S05,C0121,ecommerce,treatment,Core,112.27,47.15,1
T05S05011,5,S05,C0128,store,treatment,Premium,78.92,33.14,1
T05S05012,5,S05,C0135,store,treatment,Value,80.75,28.26,1
T05S05013,5,S05,C0142,store,treatment,Core,90.76,38.12,1
T05S05014,5,S05,C0149,store,treatment,Premium,101.14,42.48,1
T05S05015,5,S05,C0156,ecommerce,treatment,Value,89.29,37.5,1
T05S05016,5,S05,C0163,store,treatment,Core,124.53,43.59,1
T05S05017,5,S05,C0170,store,treatment,Premium,58.83,24.71,0
T05S05018,5,S05,C0177,store,treatment,Value,110.11,46.25,1
T05S05019,5,S05,C0184,store,treatment,Core,118.13,49.61,1
T05S05020,5,S05,C0191,ecommerce,treatment,Premium,152.92,53.52,1
T05S05021,5,S05,C0198,store,treatment,Value,100.51,42.21,1
T05S05022,5,S05,C0005,store,treatment,Premium,79.73,33.49,1
T05S05023,5,S05,C0012,store,treatment,Value,103.07,43.29,1
T05S05024,5,S05,C0019,store,treatment,Core,109.65,38.38,1
T05S05025,5,S05,C0026,ecommerce,treatment,Premium,123.8,52.0,1
T05S05026,5,S05,C0033,store,treatment,Value,90.19,37.88,1
T05S05027,5,S05,C0040,store,treatment,Core,62.09,26.08,0
T05S05028,5,S05,C0047,store,treatment,Premium,85.69,29.99,1
T05S05029,5,S05,C0054,store,treatment,Value,90.42,37.98,1
T05S05030,5,S05,C0061,ecommerce,treatment,Core,109.45,45.97,1
T05S05031,5,S05,C0068,store,treatment,Premium,133.36,56.01,1
T05S05032,5,S05,C0075,store,treatment,Value,74.17,25.96,0
T05S05033,5,S05,C0082,store,treatment,Core,94.79,39.81,1
T05S05034,5,S05,C0089,store,treatment,Premium,113.82,47.8,1
T05S05035,5,S05,C0096,ecommerce,treatment,Value,109.67,46.06,1
T05S05036,5,S05,C0103,store,treatment,Core,85.54,29.94,1
T05S05037,5,S05,C0110,store,treatment,Premium,121.59,51.07,1
T05S05038,5,S05,C0117,store,treatment,Value,110.18,46.28,1
T05S05039,5,S05,C0124,store,treatment,Core,72.95,30.64,0
T05S05040,5,S05,C0131,ecommerce,treatment,Premium,85.38,29.88,1
T05S05041,5,S05,C0138,store,treatment,Value,79.75,33.5,1
T05S05042,5,S05,C0145,store,treatment,Core,112.54,47.27,1
T05S05043,5,S05,C0152,store,treatment,Premium,103.26,43.37,1
T05S05044,5,S05,C0159,store,treatment,Value,86.2,30.17,1
T05S05045,5,S05,C0166,ecommerce,treatment,Core,111.72,46.92,1
T05S05046,5,S05,C0173,store,treatment,Premium,104.59,43.93,1
T05S05047,5,S05,C0180,store,treatment,Value,106.04,44.54,1
T05S05048,5,S05,C0187,store,treatment,Core,109.85,38.45,1
T05S05049,5,S05,C0194,store,treatment,Premium,95.83,40.25,1
T05S05050,5,S05,C0001,ecommerce,treatment,Core,97.37,40.9,1
T05S05051,5,S05,C0008,store,treatment,Premium,118.34,49.7,1
T05S05052,5,S05,C0015,store,treatment,Value,66.27,23.2,0
T05S05053,5,S05,C0022,store,treatment,Core,113.36,47.61,1
T05S05054,5,S05,C0029,store,treatment,Premium,112.92,47.43,1
T05S05055,5,S05,C0036,ecommerce,treatment,Value,53.56,22.49,0
T05S05056,5,S05,C0043,store,treatment,Core,66.37,23.23,0
T05S05057,5,S05,C0050,store,treatment,Premium,107.03,44.95,1
T05S05058,5,S05,C0057,store,treatment,Value,60.93,25.59,0
T05S05059,5,S05,C0064,store,treatment,Core,122.84,51.59,1
T05S05060,5,S05,C0071,ecommerce,treatment,Premium,114.38,40.03,1
T05S05061,5,S05,C0078,store,treatment,Value,84.2,35.36,1
T05S05062,5,S05,C0085,store,treatment,Core,66.09,27.76,0
T05S05063,5,S05,C0092,store,treatment,Premium,123.39,51.83,1
T05S05064,5,S05,C0099,store,treatment,Value,64.11,22.44,0
T05S05065,5,S05,C0106,ecommerce,treatment,Core,59.26,24.89,0
T05S05066,5,S05,C0113,store,treatment,Premium,104.56,43.91,1
T05S05067,5,S05,C0120,store,treatment,Value,69.99,29.4,0
T05S05068,5,S05,C0127,store,treatment,Core,64.54,22.59,0
T05S05069,5,S05,C0134,store,treatment,Premium,120.57,50.64,1
T05S05070,5,S05,C0141,ecommerce,treatment,Value,88.97,37.37,1
T05S05071,5,S05,C0148,store,treatment,Core,67.07,28.17,0
T05S05072,5,S05,C0155,store,treatment,Premium,86.84,30.4,1
T05S05073,5,S05,C0162,store,treatment,Value,96.26,40.43,1
T05S05074,5,S05,C0169,store,treatment,Core,75.3,31.63,0
T05S05075,5,S05,C0176,ecommerce,treatment,Premium,111.34,46.76,1
T05S05076,5,S05,C0183,store,treatment,Value,94.97,33.24,1
T05S05077,5,S05,C0190,store,treatment,Core,44.21,18.57,0
T05S05078,5,S05,C0197,store,treatment,Premium,94.67,39.76,1
T05S05079,5,S05,C0004,store,treatment,Core,102.92,43.23,1
T05S05080,5,S05,C0011,ecommerce,treatment,Premium,121.5,42.53,1
T05S05081,5,S05,C0018,store,treatment,Value,77.87,32.7,1
T05S05082,5,S05,C0025,store,treatment,Core,74.76,31.4,0
T05S05083,5,S05,C0032,store,treatment,Premium,82.02,34.45,1
T05S05084,5,S05,C0039,store,treatment,Value,74.69,26.14,0
T05S05085,5,S05,C0046,ecommerce,treatment,Core,89.38,37.54,1
T05S05086,5,S05,C0053,store,treatment,Premium,82.75,34.75,1
T05S05087,5,S05,C0060,store,treatment,Value,51.5,21.63,0
T05S05088,5,S05,C0067,store,treatment,Core,75.98,26.59,0
T05S05089,5,S05,C0074,store,treatment,Premium,88.21,37.05,1
T05S05090,5,S05,C0081,ecommerce,treatment,Value,91.45,38.41,1
T05S05091,5,S05,C0088,store,treatment,Core,72.67,30.52,0
T05S05092,5,S05,C0095,store,treatment,Premium,80.9,28.31,1
T05S05093,5,S05,C0102,store,treatment,Value,84.45,35.47,1
T05S05094,5,S05,C0109,store,treatment,Core,101.14,42.48,1
T05S05095,5,S05,C0116,ecommerce,treatment,Premium,140.69,59.09,1
T05S05096,5,S05,C0123,store,treatment,Value,93.78,32.82,1
T05S05097,5,S05,C0130,store,treatment,Core,87.77,36.86,1
T05S05098,5,S05,C0137,store,treatment,Premium,84.84,35.63,1
T05S05099,5,S05,C0144,store,treatment,Value,80.62,33.86,1
T05S05100,5,S05,C0151,ecommerce,treatment,Core,116.94,40.93,1
T05S05101,5,S05,C0158,store,treatment,Premium,121.51,51.03,1
T05S05102,5,S05,C0165,store,treatment,Value,88.3,37.08,1
T05S05103,5,S05,C0172,store,treatment,Core,50.32,21.14,0
T05S05104,5,S05,C0179,store,treatment,Premium,87.43,30.6,1
T05S05105,5,S05,C0186,ecommerce,treatment,Value,90.5,38.01,1
T05S05106,5,S05,C0193,store,treatment,Core,99.49,41.78,1
T05S05107,5,S05,C0200,store,treatment,Premium,98.16,41.23,1
T05S05108,5,S05,C0007,store,treatment,Core,109.11,38.19,1
T05S05109,5,S05,C0014,store,treatment,Premium,103.23,43.36,1
T05S05110,5,S05,C0021,ecommerce,treatment,Value,68.02,28.57,0
T05S05111,5,S05,C0028,store,treatment,Core,77.09,32.38,1
T05S05112,5,S05,C0035,store,treatment,Premium,63.65,22.28,0
T05S05113,5,S05,C0042,store,treatment,Value,74.9,31.46,0
T05S05114,5,S05,C0049,store,treatment,Core,93.06,39.08,1
T05S05115,5,S05,C0056,ecommerce,treatment,Premium,111.13,46.67,1
T05S05116,5,S05,C0063,store,treatment,Value,87.39,30.59,1
T05S05117,5,S05,C0070,store,treatment,Core,64.67,27.16,0
T05S05118,5,S05,C0077,store,treatment,Premium,126.14,52.98,1
T05S05119,5,S05,C0084,store,treatment,Value,84.16,35.35,1
T05S05120,5,S05,C0091,ecommerce,treatment,Core,63.8,22.33,0
T05S05121,5,S05,C0098,store,treatment,Premium,79.61,33.44,1
T05S05122,5,S05,C0105,store,treatment,Value,61.25,25.73,0
T05S05123,5,S05,C0112,store,treatment,Core,104.41,43.85,1
T05S05124,5,S05,C0119,store,treatment,Premium,80.46,28.16,1
T05S05125,5,S05,C0126,ecommerce,treatment,Value,101.97,42.83,1
T05S05126,5,S05,C0133,store,treatment,Core,107.81,45.28,1
T05S05127,5,S05,C0140,store,treatment,Premium,124.82,52.42,1
T05S05128,5,S05,C0147,store,treatment,Value,90.51,31.68,1
T05S05129,5,S05,C0154,store,treatment,Core,100.39,42.17,1
T05S05130,5,S05,C0161,ecommerce,treatment,Premium,80.39,33.76,1
T05S05131,5,S05,C0168,store,treatment,Value,89.64,37.65,1
T05S05132,5,S05,C0175,store,treatment,Core,98.97,34.64,1
T05S05133,5,S05,C0182,store,treatment,Premium,107.18,45.02,1
T05S05134,5,S05,C0189,store,treatment,Value,89.07,37.41,1
T05S05135,5,S05,C0196,ecommerce,treatment,Core,110.65,46.47,1
T05S05136,5,S05,C0003,store,treatment,Value,79.87,27.95,1
T05S05137,5,S05,C0010,store,treatment,Core,75.57,31.74,0
T05S05138,5,S05,C0017,store,treatment,Premium,97.81,41.08,1
T05S05139,5,S05,C0024,store,treatment,Value,47.83,20.09,0
T05S05140,5,S05,C0031,ecommerce,treatment,Core,91.88,32.16,1
T05S05141,5,S05,C0038,store,treatment,Premium,94.18,39.56,1
T05S05142,5,S05,C0045,store,treatment,Value,76.88,32.29,1
T05S05143,5,S05,C0052,store,treatment,Core,104.98,44.09,1
T05S05144,5,S05,C0059,store,treatment,Premium,121.1,42.39,1
T05S05145,5,S05,C0066,ecommerce,treatment,Value,83.66,35.14,1
T05S05146,5,S05,C0073,store,treatment,Core,81.17,34.09,1
T05S05147,5,S05,C0080,store,treatment,Premium,90.38,37.96,1
T05S05148,5,S05,C0087,store,treatment,Value,102.66,35.93,1
T05S05149,5,S05,C0094,store,treatment,Core,99.63,41.85,1
T05S05150,5,S05,C0101,ecommerce,treatment,Premium,93.72,39.36,1
T05S05151,5,S05,C0108,store,treatment,Value,87.69,36.83,1
T05S05152,5,S05,C0115,store,treatment,Core,77.71,27.2,1
T05S05153,5,S05,C0122,store,treatment,Premium,97.91,41.12,1
T05S05154,5,S05,C0129,store,treatment,Value,56.55,23.75,0
T05S05155,5,S05,C0136,ecommerce,treatment,Core,67.2,28.23,0
T05S05156,5,S05,C0143,store,treatment,Premium,92.31,32.31,1
T05S05157,5,S05,C0150,store,treatment,Value,77.77,32.66,1
T05S05158,5,S05,C0157,store,treatment,Core,86.85,36.48,1
T05S05159,5,S05,C0164,store,treatment,Premium,100.81,42.34,1
T05S06000,5,S06,C0064,ecommerce,control,Core,85.32,29.86,1
T05S06001,5,S06,C0071,store,control,Premium,91.69,38.51,1
T05S06002,5,S06,C0078,store,control,Value,86.6,36.37,1
T05S06003,5,S06,C0085,store,control,Core,34.0,14.28,0
T05S06004,5,S06,C0092,store,control,Premium,84.74,29.66,1
T05S06005,5,S06,C0099,ecommerce,control,Value,66.54,27.95,0
T05S06006,5,S06,C0106,store,control,Core,61.75,25.93,0
T05S06007,5,S06,C0113,store,control,Premium,88.63,37.22,1
T05S06008,5,S06,C0120,store,control,Value,87.66,30.68,1
T05S06009,5,S06,C0127,store,control,Core,83.94,35.26,1
T05S06010,5,S06,C0134,ecommerce,control,Premium,73.8,31.0,0
T05S06011,5,S06,C0141,store,control,Value,58.37,24.52,0
T05S06012,5,S06,C0148,store,control,Core,94.96,33.24,1
T05S06013,5,S06,C0155,store,control,Premium,113.71,47.76,1
T05S06014,5,S06,C0162,store,control,Value,48.17,20.23,0
T05S06015,5,S06,C0169,ecommerce,control,Core,80.28,33.72,1
T05S06016,5,S06,C0176,store,control,Premium,77.38,27.08,1
T05S06017,5,S06,C0183,store,control,Value,86.01,36.12,1
T05S06018,5,S06,C0190,store,control,Core,58.82,24.7,0
T05S06019,5,S06,C0197,store,control,Premium,111.68,46.91,1
T05S06020,5,S06,C0004,ecommerce,control,Core,76.86,26.9,1
T05S06021,5,S06,C0011,store,control,Premium,71.26,29.93,0
T05S06022,5,S06,C0018,store,control,Value,56.89,23.89,0
T05S06023,5,S06,C0025,store,control,Core,68.77,28.88,0
T05S06024,5,S06,C0032,store,control,Premium,95.01,33.25,1
T05S06025,5,S06,C0039,ecommerce,control,Value,86.41,36.29,1
T05S06026,5,S06,C0046,store,control,Core,73.25,30.77,0
T05S06027,5,S06,C0053,store,control,Premium,82.59,34.69,1
T05S06028,5,S06,C0060,store,control,Value,88.86,31.1,1
T05S06029,5,S06,C0067,store,control,Core,70.93,29.79,0
T05S06030,5,S06,C0074,ecommerce,control,Premium,111.1,46.66,1
T05S06031,5,S06,C0081,store,control,Value,99.11,41.63,1
T05S06032,5,S06,C0088,store,control,Core,84.06,29.42,1
T05S06033,5,S06,C0095,store,control,Premium,85.53,35.92,1
T05S06034,5,S06,C0102,store,control,Value,84.8,35.62,1
T05S06035,5,S06,C0109,ecommerce,control,Core,98.34,41.3,1
T05S06036,5,S06,C0116,store,control,Premium,101.54,35.54,1
T05S06037,5,S06,C0123,store,control,Value,81.61,34.28,1
T05S06038,5,S06,C0130,store,control,Core,70.77,29.72,0
T05S06039,5,S06,C0137,store,control,Premium,91.07,38.25,1
T05S06040,5,S06,C0144,ecommerce,control,Value,54.68,19.14,0
T05S06041,5,S06,C0151,store,control,Core,76.52,32.14,1
T05S06042,5,S06,C0158,store,control,Premium,52.18,21.92,0
T05S06043,5,S06,C0165,store,control,Value,73.26,30.77,0
T05S06044,5,S06,C0172,store,control,Core,115.04,40.26,1
T05S06045,5,S06,C0179,ecommerce,control,Premium,109.4,45.95,1
T05S06046,5,S06,C0186,store,control,Value,80.99,34.02,1
T05S06047,5,S06,C0193,store,control,Core,84.19,35.36,1
T05S06048,5,S06,C0200,store,control,Premium,109.99,38.5,1
T05S06049,5,S06,C0007,store,control,Core,69.92,29.37,0
T05S06050,5,S06,C0014,ecommerce,control,Premium,91.53,38.44,1
T05S06051,5,S06,C0021,store,control,Value,88.76,37.28,1
T05S06052,5,S06,C0028,store,control,Core,67.32,23.56,0
T05S06053,5,S06,C0035,store,control,Premium,80.55,33.83,1
T05S06054,5,S06,C0042,store,control,Value,69.37,29.14,0
T05S06055,5,S06,C0049,ecommerce,control,Core,72.72,30.54,0
T05S06056,5,S06,C0056,store,control,Premium,111.51,39.03,1
T05S06057,5,S06,C0063,store,control,Value,54.81,23.02,0
T05S06058,5,S06,C0070,store,control,Core,71.13,29.88,0
T05S06059,5,S06,C0077,store,control,Premium,81.24,34.12,1
T05S06060,5,S06,C0084,ecommerce,control,Value,65.25,22.84,0
T05S06061,5,S06,C0091,store,control,Core,65.35,27.45,0
T05S06062,5,S06,C0098,store,control,Premium,121.34,50.96,1
T05S06063,5,S06,C0105,store,control,Value,74.08,31.11,0
T05S06064,5,S06,C0112,store,control,Core,90.23,31.58,1
T05S06065,5,S06,C0119,ecommerce,control,Premium,83.12,34.91,1
T05S06066,5,S06,C0126,store,control,Value,78.2,32.84,1
T05S06067,5,S06,C0133,store,control,Core,70.28,29.52,0
T05S06068,5,S06,C0140,store,control,Premium,85.75,30.01,1
T05S06069,5,S06,C0147,store,control,Value,100.3,42.13,1
T05S06070,5,S06,C0154,ecommerce,control,Core,64.5,27.09,0
T05S06071,5,S06,C0161,store,control,Premium,100.04,42.02,1
T05S06072,5,S06,C0168,store,control,Value,115.06,40.27,1
T05S06073,5,S06,C0175,store,control,Core,57.11,23.99,0
T05S06074,5,S06,C0182,store,control,Premium,73.3,30.78,0
T05S06075,5,S06,C0189,ecommerce,control,Value,52.91,22.22,0
T05S06076,5,S06,C0196,store,control,Core,75.22,26.33,0
T05S06077,5,S06,C0003,store,control,Value,60.18,25.28,0
T05S06078,5,S06,C0010,store,control,Core,85.89,36.07,1
T05S06079,5,S06,C0017,store,control,Premium,58.08,24.39,0
T05S06080,5,S06,C0024,ecommerce,control,Value,66.57,23.3,0
T05S06081,5,S06,C0031,store,control,Core,77.23,32.44,1
T05S06082,5,S06,C0038,store,control,Premium,91.87,38.59,1
T05S06083,5,S06,C0045,store,control,Value,77.16,32.41,1
T05S06084,5,S06,C0052,store,control,Core,52.6,18.41,0
T05S06085,5,S06,C0059,ecommerce,control,Premium,60.91,25.58,0
T05S06086,5,S06,C0066,store,control,Value,64.47,27.08,0
T05S06087,5,S06,C0073,store,control,Core,76.43,32.1,1
T05S06088,5,S06,C0080,store,control,Premium,95.11,33.29,1
T05S06089,5,S06,C0087,store,control,Value,81.87,34.38,1
T05S06090,5,S06,C0094,ecommerce,control,Core,57.22,24.03,0
T05S06091,5,S06,C0101,store,control,Premium,121.04,50.84,1
T05S06092,5,S06,C0108,store,control,Value,65.26,22.84,0
T05S06093,5,S06,C0115,store,control,Core,43.01,18.06,0
T05S06094,5,S06,C0122,store,control,Premium,92.7,38.93,1
T05S06095,5,S06,C0129,ecommerce,control,Value,72.65,30.51,0
T05S06096,5,S06,C0136,store,control,Core,77.75,27.21,1
T05S06097,5,S06,C0143,store,control,Premium,96.04,40.34,1
T05S06098,5,S06,C0150,store,control,Value,74.49,31.29,0
T05S06099,5,S06,C0157,store,control,Core,77.27,32.45,1
T05S06100,5,S06,C0164,ecommerce,control,Premium,79.22,27.73,1
T05S06101,5,S06,C0171,store,control,Value,64.17,26.95,0
T05S06102,5,S06,C0178,store,control,Core,47.95,20.14,0
T05S06103,5,S06,C0185,store,control,Premium,64.02,26.89,0
T05S06104,5,S06,C0192,store,control,Value,46.33,16.22,0
T05S06105,5,S06,C0199,ecommerce,control,Core,94.22,39.57,1
T05S06106,5,S06,C0006,store,control,Value,70.31,29.53,0
T05S06107,5,S06,C0013,store,control,Core,59.89,25.15,0
T05S06108,5,S06,C0020,store,control,Premium,84.5,29.57,1
T05S06109,5,S06,C0027,store,control,Value,65.87,27.66,0
T05S06110,5,S06,C0034,ecommerce,control,Core,47.29,19.86,0
T05S06111,5,S06,C0041,store,control,Premium,103.21,43.35,1
T05S06112,5,S06,C0048,store,control,Value,83.41,29.19,1
T05S06113,5,S06,C0055,store,control,Core,76.04,31.94,1
T05S06114,5,S06,C0062,store,control,Premium,90.95,38.2,1
T05S06115,5,S06,C0069,ecommerce,control,Value,56.83,23.87,0
T05S06116,5,S06,C0076,store,control,Core,54.68,19.14,0
T05S06117,5,S06,C0083,store,control,Premium,76.32,32.05,1
T05S06118,5,S06,C0090,store,control,Value,57.63,24.2,0
T05S06119,5,S06,C0097,store,control,Core,65.51,27.51,0
T05S06120,5,S06,C0104,ecommerce,control,Premium,65.54,22.94,0
T05S06121,5,S06,C0111,store,control,Value,96.03,40.33,1
T05S06122,5,S06,C0118,store,control,Core,84.6,35.53,1
T05S06123,5,S06,C0125,store,control,Premium,95.83,40.25,1
T05S06124,5,S06,C0132,store,control,Value,55.22,19.33,0
T05S06125,5,S06,C0139,ecommerce,control,Core,72.63,30.51,0
T05S06126,5,S06,C0146,store,control,Premium,75.16,31.57,0
T05S06127,5,S06,C0153,store,control,Value,66.39,27.89,0
T05S06128,5,S06,C0160,store,control,Core,88.11,30.84,1
T05S06129,5,S06,C0167,store,control,Premium,116.94,49.12,1
T05S06130,5,S06,C0174,ecommerce,control,Value,56.41,23.69,0
T05S06131,5,S06,C0181,store,control,Core,67.32,28.28,0
T05S06132,5,S06,C0188,store,control,Premium,79.25,27.74,1
T05S06133,5,S06,C0195,store,control,Value,100.35,42.15,1
T05S06134,5,S06,C0002,store,control,Premium,103.84,43.61,1
T05S06135,5,S06,C0009,ecommerce,control,Value,55.87,23.46,0
T05S06136,5,S06,C0016,store,control,Core,75.55,26.44,0
T05S06137,5,S06,C0023,store,control,Premium,93.03,39.07,1
T05S06138,5,S06,C0030,store,control,Value,63.99,26.88,0
T05S06139,5,S06,C0037,store,control,Core,106.99,44.93,1
T05S06140,5,S06,C0044,ecommerce,control,Premium,87.1,30.48,1
T05S06141,5,S06,C0051,store,control,Value,58.53,24.58,0
T05S06142,5,S06,C0058,store,control,Core,52.61,22.1,0
T05S06143,5,S06,C0065,store,control,Premium,89.18,37.45,1
T05S06144,5,S06,C0072,store,control,Value,80.11,28.04,1
T05S06145,5,S06,C0079,ecommerce,control,Core,79.93,33.57,1
T05S06146,5,S06,C0086,store,control,Premium,113.85,47.82,1
T05S06147,5,S06,C0093,store,control,Value,65.7,27.59,0
T05S06148,5,S06,C0100,store,control,Core,70.25,24.59,0
T05S06149,5,S06,C0107,store,control,Premium,85.22,35.79,1
T05S06150,5,S06,C0114,ecommerce,control,Value,74.61,31.34,0
T05S06151,5,S06,C0121,store,control,Core,64.4,27.05,0
T05S06152,5,S06,C0128,store,control,Premium,71.68,25.09,0
T05S06153,5,S06,C0135,store,control,Value,58.25,24.46,0
T05S06154,5,S06,C0142,store,control,Core,43.41,18.23,0
T05S06155,5,S06,C0149,ecommerce,control,Premium,92.99,39.06,1
T05S06156,5,S06,C0156,store,control,Value,65.1,22.78,0
T05S06157,5,S06,C0163,store,control,Core,50.74,21.31,0
T05S06158,5,S06,C0170,store,control,Premium,64.49,27.09,0
T05S06159,5,S06,C0177,store,control,Value,75.52,31.72,0
T05S07000,5,S07,C0077,ecommerce,treatment,Premium,105.37,36.88,1
T05S07001,5,S07,C0084,store,treatment,Value,83.18,34.94,1
T05S07002,5,S07,C0091,store,treatment,Core,127.91,53.72,1
T05S07003,5,S07,C0098,store,treatment,Premium,133.82,56.2,1
T05S07004,5,S07,C0105,store,treatment,Value,113.45,39.71,1
T05S07005,5,S07,C0112,ecommerce,treatment,Core,105.26,44.21,1
T05S07006,5,S07,C0119,store,treatment,Premium,91.58,38.46,1
T05S07007,5,S07,C0126,store,treatment,Value,85.85,36.06,1
T05S07008,5,S07,C0133,store,treatment,Core,134.49,47.07,1
T05S07009,5,S07,C0140,store,treatment,Premium,107.26,45.05,1
T05S07010,5,S07,C0147,ecommerce,treatment,Value,106.7,44.81,1
T05S07011,5,S07,C0154,store,treatment,Core,90.07,37.83,1
T05S07012,5,S07,C0161,store,treatment,Premium,136.75,47.86,1
T05S07013,5,S07,C0168,store,treatment,Value,55.85,23.46,0
T05S07014,5,S07,C0175,store,treatment,Core,86.83,36.47,1
T05S07015,5,S07,C0182,ecommerce,treatment,Premium,102.01,42.85,1
T05S07016,5,S07,C0189,store,treatment,Value,110.17,38.56,1
T05S07017,5,S07,C0196,store,treatment,Core,107.27,45.05,1
T05S07018,5,S07,C0003,store,treatment,Value,136.57,57.36,1
T05S07019,5,S07,C0010,store,treatment,Core,109.9,46.16,1
T05S07020,5,S07,C0017,ecommerce,treatment,Premium,100.33,35.12,1
T05S07021,5,S07,C0024,store,treatment,Value,79.51,33.39,1
T05S07022,5,S07,C0031,store,treatment,Core,111.41,46.79,1
T05S07023,5,S07,C0038,store,treatment,Premium,112.86,47.4,1
T05S07024,5,S07,C0045,store,treatment,Value,73.78,25.82,0
T05S07025,5,S07,C0052,ecommerce,treatment,Core,99.54,41.81,1
T05S07026,5,S07,C0059,store,treatment,Premium,101.16,42.49,1
T05S07027,5,S07,C0066,store,treatment,Value,128.69,54.05,1
T05S07028,5,S07,C0073,store,treatment,Core,107.17,37.51,1
T05S07029,5,S07,C0080,store,treatment,Premium,107.88,45.31,1
T05S07030,5,S07,C0087,ecommerce,treatment,Value,84.46,35.47,1
T05S07031,5,S07,C0094,store,treatment,Core,91.04,38.24,1
T05S07032,5,S07,C0101,store,treatment,Premium,138.15,48.35,1
T05S07033,5,S07,C0108,store,treatment,Value,65.36,27.45,0
T05S07034,5,S07,C0115,store,treatment,Core,87.24,36.64,1
T05S07035,5,S07,C0122,ecommerce,treatment,Premium,117.32,49.28,1
T05S07036,5,S07,C0129,store,treatment,Value,96.34,33.72,1
T05S07037,5,S07,C0136,store,treatment,Core,87.91,36.92,1
T05S07038,5,S07,C0143,store,treatment,Premium,99.3,41.71,1
T05S07039,5,S07,C0150,store,treatment,Value,81.65,34.29,1
T05S07040,5,S07,C0157,ecommerce,treatment,Core,103.47,36.22,1
T05S07041,5,S07,C0164,store,treatment,Premium,113.45,47.65,1
T05S07042,5,S07,C0171,store,treatment,Value,78.91,33.14,1
T05S07043,5,S07,C0178,store,treatment,Core,78.82,33.1,1
T05S07044,5,S07,C0185,store,treatment,Premium,105.45,36.91,1
T05S07045,5,S07,C0192,ecommerce,treatment,Value,104.46,43.87,1
T05S07046,5,S07,C0199,store,treatment,Core,100.29,42.12,1
T05S07047,5,S07,C0006,store,treatment,Value,96.76,40.64,1
T05S07048,5,S07,C0013,store,treatment,Core,109.06,38.17,1
T05S07049,5,S07,C0020,store,treatment,Premium,128.39,53.93,1
T05S07050,5,S07,C0027,ecommerce,treatment,Value,76.95,32.32,1
T05S07051,5,S07,C0034,store,treatment,Core,119.43,50.16,1
T05S07052,5,S07,C0041,store,treatment,Premium,88.77,31.07,1
T05S07053,5,S07,C0048,store,treatment,Value,84.91,35.66,1
T05S07054,5,S07,C0055,store,treatment,Core,82.96,34.84,1
T05S07055,5,S07,C0062,ecommerce,treatment,Premium,75.45,31.69,0
T05S07056,5,S07,C0069,store,treatment,Value,103.21,36.12,1
T05S07057,5,S07,C0076,store,treatment,Core,139.05,58.4,1
T05S07058,5,S07,C0083,store,treatment,Premium,104.72,43.98,1
T05S07059,5,S07,C0090,store,treatment,Value,98.31,41.29,1
T05S07060,5,S07,C0097,ecommerce,treatment,Core,92.88,32.51,1
T05S07061,5,S07,C0104,store,treatment,Premium,119.4,50.15,1
T05S07062,5,S07,C0111,store,treatment,Value,89.03,37.39,1
T05S07063,5,S07,C0118,store,treatment,Core,50.33,21.14,0
T05S07064,5,S07,C0125,store,treatment,Premium,134.74,47.16,1
T05S07065,5,S07,C0132,ecommerce,treatment,Value,66.17,27.79,0
T05S07066,5,S07,C0139,store,treatment,Core,77.58,32.59,1
T05S07067,5,S07,C0146,store,treatment,Premium,121.86,51.18,1
T05S07068,5,S07,C0153,store,treatment,Value,82.22,28.78,1
T05S07069,5,S07,C0160,store,treatment,Core,69.55,29.21,0
T05S07070,5,S07,C0167,ecommerce,treatment,Premium,113.58,47.7,1
T05S07071,5,S07,C0174,store,treatment,Value,93.18,39.13,1
T05S07072,5,S07,C0181,store,treatment,Core,93.87,32.86,1
T05S07073,5,S07,C0188,store,treatment,Premium,91.67,38.5,1
T05S07074,5,S07,C0195,store,treatment,Value,106.22,44.61,1
T05S07075,5,S07,C0002,ecommerce,treatment,Premium,113.92,47.85,1
T05S07076,5,S07,C0009,store,treatment,Value,91.72,32.1,1
T05S07077,5,S07,C0016,store,treatment,Core,118.87,49.92,1
T05S07078,5,S07,C0023,store,treatment,Premium,151.41,63.59,1
T05S07079,5,S07,C0030,store,treatment,Value,73.68,30.94,0
T05S07080,5,S07,C0037,ecommerce,treatment,Core,54.78,19.17,0
T05S07081,5,S07,C0044,store,treatment,Premium,82.3,34.57,1
T05S07082,5,S07,C0051,store,treatment,Value,80.37,33.75,1
T05S07083,5,S07,C0058,store,treatment,Core,93.01,39.06,1
T05S07084,5,S07,C0065,store,treatment,Premium,99.83,34.94,1
T05S07085,5,S07,C0072,ecommerce,treatment,Value,100.65,42.27,1
T05S07086,5,S07,C0079,store,treatment,Core,112.52,47.26,1
T05S07087,5,S07,C0086,store,treatment,Premium,122.11,51.29,1
T05S07088,5,S07,C0093,store,treatment,Value,123.31,43.16,1
T05S07089,5,S07,C0100,store,treatment,Core,103.55,43.49,1
T05S07090,5,S07,C0107,ecommerce,treatment,Premium,81.13,34.07,1
T05S07091,5,S07,C0114,store,treatment,Value,85.13,35.76,1
T05S07092,5,S07,C0121,store,treatment,Core,90.77,31.77,1
T05S07093,5,S07,C0128,store,treatment,Premium,126.25,53.03,1
T05S07094,5,S07,C0135,store,treatment,Value,93.99,39.47,1
T05S07095,5,S07,C0142,ecommerce,treatment,Core,118.18,49.64,1
T05S07096,5,S07,C0149,store,treatment,Premium,124.84,43.69,1
T05S07097,5,S07,C0156,store,treatment,Value,116.5,48.93,1
T05S07098,5,S07,C0163,store,treatment,Core,71.5,30.03,0
T05S07099,5,S07,C0170,store,treatment,Premium,98.48,41.36,1
T05S07100,5,S07,C0177,ecommerce,treatment,Value,102.0,35.7,1
T05S07101,5,S07,C0184,store,treatment,Core,97.21,40.83,1
T05S07102,5,S07,C0191,store,treatment,Premium,129.54,54.41,1
T05S07103,5,S07,C0198,store,treatment,Value,77.19,32.42,1
T05S07104,5,S07,C0005,store,treatment,Premium,116.71,40.85,1
T05S07105,5,S07,C0012,ecommerce,treatment,Value,119.67,50.26,1
T05S07106,5,S07,C0019,store,treatment,Core,75.77,31.82,0
T05S07107,5,S07,C0026,store,treatment,Premium,133.49,56.07,1
T05S07108,5,S07,C0033,store,treatment,Value,79.54,27.84,1
T05S07109,5,S07,C0040,store,treatment,Core,68.07,28.59,0
T05S07110,5,S07,C0047,ecommerce,treatment,Premium,119.95,50.38,1
T05S07111,5,S07,C0054,store,treatment,Value,73.85,31.02,0
T05S07112,5,S07,C0061,store,treatment,Core,98.75,34.56,1
T05S07113,5,S07,C0068,store,treatment,Premium,117.62,49.4,1
T05S07114,5,S07,C0075,store,treatment,Value,90.3,37.93,1
T05S07115,5,S07,C0082,ecommerce,treatment,Core,115.53,48.52,1
T05S07116,5,S07,C0089,store,treatment,Premium,114.32,40.01,1
T05S07117,5,S07,C0096,store,treatment,Value,86.53,36.34,1
T05S07118,5,S07,C0103,store,treatment,Core,95.39,40.06,1
T05S07119,5,S07,C0110,store,treatment,Premium,81.47,34.22,1
T05S07120,5,S07,C0117,ecommerce,treatment,Value,81.04,28.37,1
T05S07121,5,S07,C0124,store,treatment,Core,75.85,31.86,0
T05S07122,5,S07,C0131,store,treatment,Premium,117.14,49.2,1
T05S07123,5,S07,C0138,store,treatment,Value,104.26,43.79,1
T05S07124,5,S07,C0145,store,treatment,Core,106.21,37.17,1
T05S07125,5,S07,C0152,ecommerce,treatment,Premium,85.13,35.76,1
T05S07126,5,S07,C0159,store,treatment,Value,85.95,36.1,1
T05S07127,5,S07,C0166,store,treatment,Core,60.78,25.53,0
T05S07128,5,S07,C0173,store,treatment,Premium,138.0,48.3,1
T05S07129,5,S07,C0180,store,treatment,Value,83.12,34.91,1
T05S07130,5,S07,C0187,ecommerce,treatment,Core,80.75,33.91,1
T05S07131,5,S07,C0194,store,treatment,Premium,98.03,41.17,1
T05S07132,5,S07,C0001,store,treatment,Core,82.99,29.05,1
T05S07133,5,S07,C0008,store,treatment,Premium,85.87,36.07,1
T05S07134,5,S07,C0015,store,treatment,Value,94.42,39.66,1
T05S07135,5,S07,C0022,ecommerce,treatment,Core,123.12,51.71,1
T05S07136,5,S07,C0029,store,treatment,Premium,103.1,36.09,1
T05S07137,5,S07,C0036,store,treatment,Value,106.26,44.63,1
T05S07138,5,S07,C0043,store,treatment,Core,76.8,32.26,1
T05S07139,5,S07,C0050,store,treatment,Premium,125.78,52.83,1
T05S07140,5,S07,C0057,ecommerce,treatment,Value,91.61,32.06,1
T05S07141,5,S07,C0064,store,treatment,Core,94.87,39.85,1
T05S07142,5,S07,C0071,store,treatment,Premium,116.01,48.72,1
T05S07143,5,S07,C0078,store,treatment,Value,63.04,26.48,0
T05S07144,5,S07,C0085,store,treatment,Core,73.88,25.86,0
T05S07145,5,S07,C0092,ecommerce,treatment,Premium,96.56,40.56,1
T05S07146,5,S07,C0099,store,treatment,Value,76.36,32.07,1
T05S07147,5,S07,C0106,store,treatment,Core,120.95,50.8,1
T05S07148,5,S07,C0113,store,treatment,Premium,101.9,35.67,1
T05S07149,5,S07,C0120,store,treatment,Value,105.69,44.39,1
T05S07150,5,S07,C0127,ecommerce,treatment,Core,80.03,33.61,1
T05S07151,5,S07,C0134,store,treatment,Premium,79.88,33.55,1
T05S07152,5,S07,C0141,store,treatment,Value,65.54,22.94,0
T05S07153,5,S07,C0148,store,treatment,Core,130.96,55.0,1
T05S07154,5,S07,C0155,store,treatment,Premium,87.4,36.71,1
T05S07155,5,S07,C0162,ecommerce,treatment,Value,112.42,47.22,1
T05S07156,5,S07,C0169,store,treatment,Core,104.21,36.47,1
T05S07157,5,S07,C0176,store,treatment,Premium,107.46,45.13,1
T05S07158,5,S07,C0183,store,treatment,Value,102.98,43.25,1
T05S07159,5,S07,C0190,store,treatment,Core,108.06,45.39,1
T05S08000,5,S08,C0090,ecommerce,control,Value,60.42,21.15,0
T05S08001,5,S08,C0097,store,control,Core,74.63,31.35,0
T05S08002,5,S08,C0104,store,control,Premium,75.02,31.51,0
T05S08003,5,S08,C0111,store,control,Value,56.99,23.93,0
T05S08004,5,S08,C0118,store,control,Core,43.2,15.12,0
T05S08005,5,S08,C0125,ecommerce,control,Premium,90.9,38.18,1
T05S08006,5,S08,C0132,store,control,Value,56.46,23.71,0
T05S08007,5,S08,C0139,store,control,Core,67.36,28.29,0
T05S08008,5,S08,C0146,store,control,Premium,85.02,29.76,1
T05S08009,5,S08,C0153,store,control,Value,75.76,31.82,0
T05S08010,5,S08,C0160,ecommerce,control,Core,96.62,40.58,1
T05S08011,5,S08,C0167,store,control,Premium,76.14,31.98,1
T05S08012,5,S08,C0174,store,control,Value,83.48,29.22,1
T05S08013,5,S08,C0181,store,control,Core,83.06,34.89,1
T05S08014,5,S08,C0188,store,control,Premium,77.03,32.35,1
T05S08015,5,S08,C0195,ecommerce,control,Value,83.53,35.08,1
T05S08016,5,S08,C0002,store,control,Premium,99.59,34.86,1
T05S08017,5,S08,C0009,store,control,Value,85.25,35.81,1
T05S08018,5,S08,C0016,store,control,Core,103.06,43.28,1
T05S08019,5,S08,C0023,store,control,Premium,105.39,44.26,1
T05S08020,5,S08,C0030,ecommerce,control,Value,96.44,33.75,1
T05S08021,5,S08,C0037,store,control,Core,95.4,40.07,1
T05S08022,5,S08,C0044,store,control,Premium,97.81,41.08,1
T05S08023,5,S08,C0051,store,control,Value,100.85,42.36,1
T05S08024,5,S08,C0058,store,control,Core,103.21,36.12,1
T05S08025,5,S08,C0065,ecommerce,control,Premium,65.99,27.72,0
T05S08026,5,S08,C0072,store,control,Value,53.54,22.49,0
T05S08027,5,S08,C0079,store,control,Core,72.09,30.28,0
T05S08028,5,S08,C0086,store,control,Premium,129.26,45.24,1
T05S08029,5,S08,C0093,store,control,Value,79.48,33.38,1
T05S08030,5,S08,C0100,ecommerce,control,Core,88.4,37.13,1
T05S08031,5,S08,C0107,store,control,Premium,98.52,41.38,1
T05S08032,5,S08,C0114,store,control,Value,78.19,27.37,1
T05S08033,5,S08,C0121,store,control,Core,60.71,25.5,0
T05S08034,5,S08,C0128,store,control,Premium,109.6,46.03,1
T05S08035,5,S08,C0135,ecommerce,control,Value,91.11,38.27,1
T05S08036,5,S08,C0142,store,control,Core,81.47,28.51,1
T05S08037,5,S08,C0149,store,control,Premium,80.33,33.74,1
T05S08038,5,S08,C0156,store,control,Value,76.76,32.24,1
T05S08039,5,S08,C0163,store,control,Core,74.44,31.27,0
T05S08040,5,S08,C0170,ecommerce,control,Premium,96.02,33.61,1
T05S08041,5,S08,C0177,store,control,Value,77.25,32.45,1
T05S08042,5,S08,C0184,store,control,Core,88.25,37.06,1
T05S08043,5,S08,C0191,store,control,Premium,55.11,23.15,0
T05S08044,5,S08,C0198,store,control,Value,134.08,46.93,1
T05S08045,5,S08,C0005,ecommerce,control,Premium,117.18,49.22,1
T05S08046,5,S08,C0012,store,control,Value,65.92,27.69,0
T05S08047,5,S08,C0019,store,control,Core,77.02,32.35,1
T05S08048,5,S08,C0026,store,control,Premium,97.24,34.03,1
T05S08049,5,S08,C0033,store,control,Value,85.91,36.08,1
T05S08050,5,S08,C0040,ecommerce,control,Core,125.58,52.74,1
T05S08051,5,S08,C0047,store,control,Premium,102.57,43.08,1
T05S08052,5,S08,C0054,store,control,Value,105.99,37.1,1
T05S08053,5,S08,C0061,store,control,Core,90.97,38.21,1
T05S08054,5,S08,C0068,store,control,Premium,107.19,45.02,1
T05S08055,5,S08,C0075,ecommerce,control,Value,84.11,35.33,1
T05S08056,5,S08,C0082,store,control,Core,96.79,33.88,1
T05S08057,5,S08,C0089,store,control,Premium,58.34,24.5,0
T05S08058,5,S08,C0096,store,control,Value,100.04,42.02,1
T05S08059,5,S08,C0103,store,control,Core,80.1,33.64,1
T05S08060,5,S08,C0110,ecommerce,control,Premium,83.94,29.38,1
T05S08061,5,S08,C0117,store,control,Value,72.89,30.61,0
T05S08062,5,S08,C0124,store,control,Core,72.5,30.45,0
T05S08063,5,S08,C0131,store,control,Premium,91.61,38.48,1
T05S08064,5,S08,C0138,store,control,Value,85.59,29.96,1
T05S08065,5,S08,C0145,ecommerce,control,Core,66.1,27.76,0
T05S08066,5,S08,C0152,store,control,Premium,78.32,32.89,1
T05S08067,5,S08,C0159,store,control,Value,66.77,28.04,0
T05S08068,5,S08,C0166,store,control,Core,72.25,25.29,0
T05S08069,5,S08,C0173,store,control,Premium,120.69,50.69,1
T05S08070,5,S08,C0180,ecommerce,control,Value,86.37,36.27,1
T05S08071,5,S08,C0187,store,control,Core,85.67,35.98,1
T05S08072,5,S08,C0194,store,control,Premium,95.02,33.26,1
T05S08073,5,S08,C0001,store,control,Core,100.46,42.19,1
T05S08074,5,S08,C0008,store,control,Premium,110.78,46.53,1
T05S08075,5,S08,C0015,ecommerce,control,Value,105.53,44.32,1
T05S08076,5,S08,C0022,store,control,Core,51.05,17.87,0
T05S08077,5,S08,C0029,store,control,Premium,122.51,51.46,1
T05S08078,5,S08,C0036,store,control,Value,99.34,41.72,1
T05S08079,5,S08,C0043,store,control,Core,54.74,22.99,0
T05S08080,5,S08,C0050,ecommerce,control,Premium,116.1,40.63,1
T05S08081,5,S08,C0057,store,control,Value,92.76,38.96,1
T05S08082,5,S08,C0064,store,control,Core,68.13,28.61,0
T05S08083,5,S08,C0071,store,control,Premium,77.47,32.54,1
T05S08084,5,S08,C0078,store,control,Value,75.73,26.51,0
T05S08085,5,S08,C0085,ecommerce,control,Core,104.9,44.06,1
T05S08086,5,S08,C0092,store,control,Premium,105.4,44.27,1
T05S08087,5,S08,C0099,store,control,Value,46.21,19.41,0
T05S08088,5,S08,C0106,store,control,Core,48.08,16.83,0
T05S08089,5,S08,C0113,store,control,Premium,98.72,41.46,1
T05S08090,5,S08,C0120,ecommerce,control,Value,69.13,29.03,0
T05S08091,5,S08,C0127,store,control,Core,104.09,43.72,1
T05S08092,5,S08,C0134,store,control,Premium,99.27,34.75,1
T05S08093,5,S08,C0141,store,control,Value,70.93,29.79,0
T05S08094,5,S08,C0148,store,control,Core,74.3,31.21,0
T05S08095,5,S08,C0155,ecommerce,control,Premium,117.57,49.38,1
T05S08096,5,S08,C0162,store,control,Value,55.87,19.55,0
T05S08097,5,S08,C0169,store,control,Core,80.9,33.98,1
T05S08098,5,S08,C0176,store,control,Premium,69.03,28.99,0
T05S08099,5,S08,C0183,store,control,Value,86.13,36.18,1
T05S08100,5,S08,C0190,ecommerce,control,Core,98.27,34.4,1
T05S08101,5,S08,C0197,store,control,Premium,88.45,37.15,1
T05S08102,5,S08,C0004,store,control,Core,56.33,23.66,0
T05S08103,5,S08,C0011,store,control,Premium,82.49,34.65,1
T05S08104,5,S08,C0018,store,control,Value,90.66,31.73,1
T05S08105,5,S08,C0025,ecommerce,control,Core,62.37,26.19,0
T05S08106,5,S08,C0032,store,control,Premium,64.11,26.93,0
T05S08107,5,S08,C0039,store,control,Value,75.26,31.61,0
T05S08108,5,S08,C0046,store,control,Core,110.18,38.56,1
T05S08109,5,S08,C0053,store,control,Premium,69.81,29.32,0
T05S08110,5,S08,C0060,ecommerce,control,Value,105.43,44.28,1
T05S08111,5,S08,C0067,store,control,Core,78.37,32.92,1
T05S08112,5,S08,C0074,store,control,Premium,77.91,27.27,1
T05S08113,5,S08,C0081,store,control,Value,88.13,37.01,1
T05S08114,5,S08,C0088,store,control,Core,60.47,25.4,0
T05S08115,5,S08,C0095,ecommerce,control,Premium,75.82,31.84,0
T05S08116,5,S08,C0102,store,control,Value,89.8,31.43,1
T05S08117,5,S08,C0109,store,control,Core,73.31,30.79,0
T05S08118,5,S08,C0116,store,control,Premium,48.31,20.29,0
T05S08119,5,S08,C0123,store,control,Value,67.71,28.44,0
T05S08120,5,S08,C0130,ecommerce,control,Core,86.32,30.21,1
T05S08121,5,S08,C0137,store,control,Premium,59.31,24.91,0
T05S08122,5,S08,C0144,store,control,Value,85.91,36.08,1
T05S08123,5,S08,C0151,store,control,Core,84.68,35.57,1
T05S08124,5,S08,C0158,store,control,Premium,98.23,34.38,1
T05S08125,5,S08,C0165,ecommerce,control,Value,88.08,36.99,1
T05S08126,5,S08,C0172,store,control,Core,74.72,31.38,0
T05S08127,5,S08,C0179,store,control,Premium,83.95,35.26,1
T05S08128,5,S08,C0186,store,control,Value,67.02,23.46,0
T05S08129,5,S08,C0193,store,control,Core,42.08,17.67,0
T05S08130,5,S08,C0200,ecommerce,control,Premium,126.39,53.08,1
T05S08131,5,S08,C0007,store,control,Core,78.01,32.76,1
T05S08132,5,S08,C0014,store,control,Premium,96.67,33.83,1
T05S08133,5,S08,C0021,store,control,Value,64.05,26.9,0
T05S08134,5,S08,C0028,store,control,Core,98.88,41.53,1
T05S08135,5,S08,C0035,ecommerce,control,Premium,93.99,39.47,1
T05S08136,5,S08,C0042,store,control,Value,99.55,34.84,1
T05S08137,5,S08,C0049,store,control,Core,100.56,42.23,1
T05S08138,5,S08,C0056,store,control,Premium,107.96,45.34,1
T05S08139,5,S08,C0063,store,control,Value,94.33,39.62,1
T05S08140,5,S08,C0070,ecommerce,control,Core,123.94,43.38,1
T05S08141,5,S08,C0077,store,control,Premium,103.48,43.46,1
T05S08142,5,S08,C0084,store,control,Value,119.78,50.31,1
T05S08143,5,S08,C0091,store,control,Core,78.98,33.17,1
T05S08144,5,S08,C0098,store,control,Premium,95.75,33.51,1
T05S08145,5,S08,C0105,ecommerce,control,Value,86.23,36.22,1
T05S08146,5,S08,C0112,store,control,Core,86.98,36.53,1
T05S08147,5,S08,C0119,store,control,Premium,82.44,34.63,1
T05S08148,5,S08,C0126,store,control,Value,74.44,26.06,0
T05S08149,5,S08,C0133,store,control,Core,39.42,16.56,0
T05S08150,5,S08,C0140,ecommerce,control,Premium,82.23,34.54,1
T05S08151,5,S08,C0147,store,control,Value,55.58,23.34,0
T05S08152,5,S08,C0154,store,control,Core,81.38,28.48,1
T05S08153,5,S08,C0161,store,control,Premium,75.24,31.6,0
T05S08154,5,S08,C0168,store,control,Value,85.16,35.77,1
T05S08155,5,S08,C0175,ecommerce,control,Core,95.65,40.17,1
T05S08156,5,S08,C0182,store,control,Premium,77.97,27.29,1
T05S08157,5,S08,C0189,store,control,Value,87.56,36.77,1
T05S08158,5,S08,C0196,store,control,Core,85.4,35.87,1
T05S08159,5,S08,C0003,store,control,Value,93.72,39.36,1
T06S01000,6,S01,C0036,ecommerce,treatment,Value,71.63,25.07,0
T06S01001,6,S01,C0043,store,treatment,Core,103.76,43.58,1
T06S01002,6,S01,C0050,store,treatment,Premium,104.91,44.06,1
T06S01003,6,S01,C0057,store,treatment,Value,70.39,29.56,0
T06S01004,6,S01,C0064,store,treatment,Core,95.06,33.27,1
T06S01005,6,S01,C0071,ecommerce,treatment,Premium,116.55,48.95,1
T06S01006,6,S01,C0078,store,treatment,Value,114.01,47.89,1
T06S01007,6,S01,C0085,store,treatment,Core,99.61,41.84,1
T06S01008,6,S01,C0092,store,treatment,Premium,117.43,41.1,1
T06S01009,6,S01,C0099,store,treatment,Value,54.88,23.05,0
T06S01010,6,S01,C0106,ecommerce,treatment,Core,76.72,32.22,1
T06S01011,6,S01,C0113,store,treatment,Premium,77.8,32.68,1
T06S01012,6,S01,C0120,store,treatment,Value,81.26,28.44,1
T06S01013,6,S01,C0127,store,treatment,Core,101.47,42.62,1
T06S01014,6,S01,C0134,store,treatment,Premium,91.73,38.53,1
T06S01015,6,S01,C0141,ecommerce,treatment,Value,80.74,33.91,1
T06S01016,6,S01,C0148,store,treatment,Core,81.87,28.65,1
T06S01017,6,S01,C0155,store,treatment,Premium,111.31,46.75,1
T06S01018,6,S01,C0162,store,treatment,Value,68.78,28.89,0
T06S01019,6,S01,C0169,store,treatment,Core,104.19,43.76,1
T06S01020,6,S01,C0176,ecommerce,treatment,Premium,136.5,47.78,1
T06S01021,6,S01,C0183,store,treatment,Value,103.82,43.6,1
T06S01022,6,S01,C0190,store,treatment,Core,93.07,39.09,1
T06S01023,6,S01,C0197,store,treatment,Premium,116.94,49.11,1
T06S01024,6,S01,C0004,store,treatment,Core,87.19,30.52,1
T06S01025,6,S01,C0011,ecommerce,treatment,Premium,133.62,56.12,1
T06S01026,6,S01,C0018,store,treatment,Value,64.75,27.19,0
T06S01027,6,S01,C0025,store,treatment,Core,109.38,45.94,1
T06S01028,6,S01,C0032,store,treatment,Premium,89.79,31.43,1
T06S01029,6,S01,C0039,store,treatment,Value,59.06,24.8,0
T06S01030,6,S01,C0046,ecommerce,treatment,Core,106.48,44.72,1
T06S01031,6,S01,C0053,store,treatment,Premium,118.37,49.71,1
T06S01032,6,S01,C0060,store,treatment,Value,105.33,36.86,1
T06S01033,6,S01,C0067,store,treatment,Core,98.3,41.29,1
T06S01034,6,S01,C0074,store,treatment,Premium,74.33,31.22,0
T06S01035,6,S01,C0081,ecommerce,treatment,Value,108.98,45.77,1
T06S01036,6,S01,C0088,store,treatment,Core,75.31,26.36,0
T06S01037,6,S01,C0095,store,treatment,Premium,121.81,51.16,1
T06S01038,6,S01,C0102,store,treatment,Value,72.09,30.28,0
T06S01039,6,S01,C0109,store,treatment,Core,107.25,45.05,1
T06S01040,6,S01,C0116,ecommerce,treatment,Premium,111.3,38.96,1
T06S01041,6,S01,C0123,store,treatment,Value,104.19,43.76,1
T06S01042,6,S01,C0130,store,treatment,Core,117.42,49.32,1
T06S01043,6,S01,C0137,store,treatment,Premium,120.46,50.59,1
T06S01044,6,S01,C0144,store,treatment,Value,66.52,23.28,0
T06S01045,6,S01,C0151,ecommerce,treatment,Core,97.55,40.97,1
T06S01046,6,S01,C0158,store,treatment,Premium,132.59,55.69,1
T06S01047,6,S01,C0165,store,treatment,Value,105.36,44.25,1
T06S01048,6,S01,C0172,store,treatment,Core,117.11,40.99,1
T06S01049,6,S01,C0179,store,treatment,Premium,83.19,34.94,1
T06S01050,6,S01,C0186,ecommerce,treatment,Value,99.81,41.92,1
T06S01051,6,S01,C0193,store,treatment,Core,122.06,51.27,1
T06S01052,6,S01,C0200,store,treatment,Premium,87.38,30.58,1
T06S01053,6,S01,C0007,store,treatment,Core,89.56,37.61,1
T06S01054,6,S01,C0014,store,treatment,Premium,106.46,44.71,1
T06S01055,6,S01,C0021,ecommerce,treatment,Value,105.36,44.25,1
T06S01056,6,S01,C0028,store,treatment,Core,82.92,29.02,1
T06S01057,6,S01,C0035,store,treatment,Premium,104.68,43.97,1
T06S01058,6,S01,C0042,store,treatment,Value,94.32,39.61,1
T06S01059,6,S01,C0049,store,treatment,Core,75.54,31.73,0
T06S01060,6,S01,C0056,ecommerce,treatment,Premium,141.8,49.63,1
T06S01061,6,S01,C0063,store,treatment,Value,96.59,40.57,1
T06S01062,6,S01,C0070,store,treatment,Core,81.03,34.03,1
T06S01063,6,S01,C0077,store,treatment,Premium,131.17,55.09,1
T06S01064,6,S01,C0084,store,treatment,Value,92.88,32.51,1
T06S01065,6,S01,C0091,ecommerce,treatment,Core,74.64,31.35,0
T06S01066,6,S01,C0098,store,treatment,Premium,122.97,51.65,1
T06S01067,6,S01,C0105,store,treatment,Value,118.1,49.6,1
T06S01068,6,S01,C0112,store,treatment,Core,132.3,46.3,1
T06S01069,6,S01,C0119,store,treatment,Premium,127.4,53.51,1
T06S01070,6,S01,C0126,ecommerce,treatment,Value,82.79,34.77,1
T06S01071,6,S01,C0133,store,treatment,Core,68.39,28.72,0
T06S01072,6,S01,C0140,store,treatment,Premium,122.3,42.81,1
T06S01073,6,S01,C0147,store,treatment,Value,82.89,34.81,1
T06S01074,6,S01,C0154,store,treatment,Core,99.95,41.98,1
T06S01075,6,S01,C0161,ecommerce,treatment,Premium,121.16,50.89,1
T06S01076,6,S01,C0168,store,treatment,Value,66.59,23.31,0
T06S01077,6,S01,C0175,store,treatment,Core,85.57,35.94,1
T06S01078,6,S01,C0182,store,treatment,Premium,103.67,43.54,1
T06S01079,6,S01,C0189,store,treatment,Value,107.26,45.05,1
T06S01080,6,S01,C0196,ecommerce,treatment,Core,91.99,32.2,1
T06S01081,6,S01,C0003,store,treatment,Value,109.12,45.83,1
T06S01082,6,S01,C0010,store,treatment,Core,78.6,33.01,1
T06S01083,6,S01,C0017,store,treatment,Premium,118.22,49.65,1
T06S01084,6,S01,C0024,store,treatment,Value,83.37,29.18,1
T06S01085,6,S01,C0031,ecommerce,treatment,Core,96.14,40.38,1
T06S01086,6,S01,C0038,store,treatment,Premium,113.37,47.61,1
T06S01087,6,S01,C0045,store,treatment,Value,80.05,33.62,1
T06S01088,6,S01,C0052,store,treatment,Core,82.83,28.99,1
T06S01089,6,S01,C0059,store,treatment,Premium,113.56,47.7,1
T06S01090,6,S01,C0066,ecommerce,treatment,Value,110.22,46.29,1
T06S01091,6,S01,C0073,store,treatment,Core,81.47,34.22,1
T06S01092,6,S01,C0080,store,treatment,Premium,102.73,35.96,1
T06S01093,6,S01,C0087,store,treatment,Value,97.28,40.86,1
T06S01094,6,S01,C0094,store,treatment,Core,96.99,40.74,1
T06S01095,6,S01,C0101,ecommerce,treatment,Premium,97.38,40.9,1
T06S01096,6,S01,C0108,store,treatment,Value,83.35,29.17,1
T06S01097,6,S01,C0115,store,treatment,Core,105.51,44.31,1
T06S01098,6,S01,C0122,store,treatment,Premium,102.0,42.84,1
T06S01099,6,S01,C0129,store,treatment,Value,85.86,36.06,1
T06S01100,6,S01,C0136,ecommerce,treatment,Core,76.23,26.68,1
T06S01101,6,S01,C0143,store,treatment,Premium,104.93,44.07,1
T06S01102,6,S01,C0150,store,treatment,Value,92.1,38.68,1
T06S01103,6,S01,C0157,store,treatment,Core,69.12,29.03,0
T06S01104,6,S01,C0164,store,treatment,Premium,110.49,38.67,1
T06S01105,6,S01,C0171,ecommerce,treatment,Value,118.93,49.95,1
T06S01106,6,S01,C0178,store,treatment,Core,74.61,31.34,0
T06S01107,6,S01,C0185,store,treatment,Premium,98.99,41.58,1
T06S01108,6,S01,C0192,store,treatment,Value,100.35,35.12,1
T06S01109,6,S01,C0199,store,treatment,Core,128.05,53.78,1
T06S01110,6,S01,C0006,ecommerce,treatment,Value,92.86,39.0,1
T06S01111,6,S01,C0013,store,treatment,Core,91.32,38.36,1
T06S01112,6,S01,C0020,store,treatment,Premium,139.07,48.68,1
T06S01113,6,S01,C0027,store,treatment,Value,76.14,31.98,1
T06S01114,6,S01,C0034,store,treatment,Core,56.58,23.76,0
T06S01115,6,S01,C0041,ecommerce,treatment,Premium,106.31,44.65,1
T06S01116,6,S01,C0048,store,treatment,Value,91.91,32.17,1
T06S01117,6,S01,C0055,store,treatment,Core,101.62,42.68,1
T06S01118,6,S01,C0062,store,treatment,Premium,101.16,42.49,1
T06S01119,6,S01,C0069,store,treatment,Value,75.22,31.59,0
T06S01120,6,S01,C0076,ecommerce,treatment,Core,111.5,39.02,1
T06S01121,6,S01,C0083,store,treatment,Premium,92.04,38.66,1
T06S01122,6,S01,C0090,store,treatment,Value,85.9,36.08,1
T06S01123,6,S01,C0097,store,treatment,Core,116.73,49.03,1
T06S01124,6,S01,C0104,store,treatment,Premium,105.74,37.01,1
T06S01125,6,S01,C0111,ecommerce,treatment,Value,112.56,47.28,1
T06S01126,6,S01,C0118,store,treatment,Core,109.47,45.98,1
T06S01127,6,S01,C0125,store,treatment,Premium,86.85,36.48,1
T06S01128,6,S01,C0132,store,treatment,Value,85.98,30.09,1
T06S01129,6,S01,C0139,store,treatment,Core,72.59,30.49,0
T06S01130,6,S01,C0146,ecommerce,treatment,Premium,101.54,42.65,1
T06S01131,6,S01,C0153,store,treatment,Value,95.49,40.11,1
T06S01132,6,S01,C0160,store,treatment,Core,81.27,28.44,1
T06S01133,6,S01,C0167,store,treatment,Premium,97.94,41.13,1
T06S01134,6,S01,C0174,store,treatment,Value,85.31,35.83,1
T06S01135,6,S01,C0181,ecommerce,treatment,Core,114.87,48.25,1
T06S01136,6,S01,C0188,store,treatment,Premium,142.42,49.85,1
T06S01137,6,S01,C0195,store,treatment,Value,83.82,35.2,1
T06S01138,6,S01,C0002,store,treatment,Premium,92.28,38.76,1
T06S01139,6,S01,C0009,store,treatment,Value,91.88,38.59,1
T06S01140,6,S01,C0016,ecommerce,treatment,Core,116.53,40.79,1
T06S01141,6,S01,C0023,store,treatment,Premium,99.78,41.91,1
T06S01142,6,S01,C0030,store,treatment,Value,67.39,28.3,0
T06S01143,6,S01,C0037,store,treatment,Core,85.39,35.86,1
T06S01144,6,S01,C0044,store,treatment,Premium,136.63,47.82,1
T06S01145,6,S01,C0051,ecommerce,treatment,Value,91.87,38.58,1
T06S01146,6,S01,C0058,store,treatment,Core,96.16,40.39,1
T06S01147,6,S01,C0065,store,treatment,Premium,110.12,46.25,1
T06S01148,6,S01,C0072,store,treatment,Value,75.53,26.43,0
T06S01149,6,S01,C0079,store,treatment,Core,100.18,42.07,1
T06S01150,6,S01,C0086,ecommerce,treatment,Premium,122.58,51.49,1
T06S01151,6,S01,C0093,store,treatment,Value,85.33,35.84,1
T06S01152,6,S01,C0100,store,treatment,Core,108.69,38.04,1
T06S01153,6,S01,C0107,store,treatment,Premium,104.15,43.74,1
T06S01154,6,S01,C0114,store,treatment,Value,69.33,29.12,0
T06S01155,6,S01,C0121,ecommerce,treatment,Core,84.24,35.38,1
T06S01156,6,S01,C0128,store,treatment,Premium,133.34,46.67,1
T06S01157,6,S01,C0135,store,treatment,Value,108.92,45.75,1
T06S01158,6,S01,C0142,store,treatment,Core,98.65,41.43,1
T06S01159,6,S01,C0149,store,treatment,Premium,110.43,46.38,1
T06S02000,6,S02,C0049,ecommerce,control,Core,94.27,33.0,1
T06S02001,6,S02,C0056,store,control,Premium,100.16,42.07,1
T06S02002,6,S02,C0063,store,control,Value,88.39,37.12,1
T06S02003,6,S02,C0070,store,control,Core,91.41,38.39,1
T06S02004,6,S02,C0077,store,control,Premium,71.89,25.16,0
T06S02005,6,S02,C0084,ecommerce,control,Value,69.31,29.11,0
T06S02006,6,S02,C0091,store,control,Core,84.01,35.29,1
T06S02007,6,S02,C0098,store,control,Premium,87.95,36.94,1
T06S02008,6,S02,C0105,store,control,Value,82.41,28.84,1
T06S02009,6,S02,C0112,store,control,Core,81.99,34.44,1
T06S02010,6,S02,C0119,ecommerce,control,Premium,102.48,43.04,1
T06S02011,6,S02,C0126,store,control,Value,91.1,38.26,1
T06S02012,6,S02,C0133,store,control,Core,86.89,30.41,1
T06S02013,6,S02,C0140,store,control,Premium,93.96,39.46,1
T06S02014,6,S02,C0147,store,control,Value,98.2,41.24,1
T06S02015,6,S02,C0154,ecommerce,control,Core,75.82,31.84,0
T06S02016,6,S02,C0161,store,control,Premium,104.66,36.63,1
T06S02017,6,S02,C0168,store,control,Value,90.99,38.21,1
T06S02018,6,S02,C0175,store,control,Core,50.11,21.05,0
T06S02019,6,S02,C0182,store,control,Premium,106.81,44.86,1
T06S02020,6,S02,C0189,ecommerce,control,Value,76.5,26.78,1
T06S02021,6,S02,C0196,store,control,Core,76.4,32.09,1
T06S02022,6,S02,C0003,store,control,Value,92.69,38.93,1
T06S02023,6,S02,C0010,store,control,Core,102.92,43.23,1
T06S02024,6,S02,C0017,store,control,Premium,68.59,24.01,0
T06S02025,6,S02,C0024,ecommerce,control,Value,115.12,48.35,1
T06S02026,6,S02,C0031,store,control,Core,87.7,36.83,1
T06S02027,6,S02,C0038,store,control,Premium,136.75,57.44,1
T06S02028,6,S02,C0045,store,control,Value,95.64,33.48,1
T06S02029,6,S02,C0052,store,control,Core,104.85,44.03,1
T06S02030,6,S02,C0059,ecommerce,control,Premium,80.2,33.68,1
T06S02031,6,S02,C0066,store,control,Value,69.97,29.39,0
T06S02032,6,S02,C0073,store,control,Core,62.48,21.87,0
T06S02033,6,S02,C0080,store,control,Premium,66.05,27.74,0
T06S02034,6,S02,C0087,store,control,Value,74.41,31.25,0
T06S02035,6,S02,C0094,ecommerce,control,Core,66.72,28.02,0
T06S02036,6,S02,C0101,store,control,Premium,65.48,22.92,0
T06S02037,6,S02,C0108,store,control,Value,61.72,25.92,0
T06S02038,6,S02,C0115,store,control,Core,93.04,39.08,1
T06S02039,6,S02,C0122,store,control,Premium,84.76,35.6,1
T06S02040,6,S02,C0129,ecommerce,control,Value,43.3,15.15,0
T06S02041,6,S02,C0136,store,control,Core,99.85,41.94,1
T06S02042,6,S02,C0143,store,control,Premium,79.26,33.29,1
T06S02043,6,S02,C0150,store,control,Value,47.39,19.9,0
T06S02044,6,S02,C0157,store,control,Core,98.12,34.34,1
T06S02045,6,S02,C0164,ecommerce,control,Premium,88.78,37.29,1
T06S02046,6,S02,C0171,store,control,Value,79.69,33.47,1
T06S02047,6,S02,C0178,store,control,Core,49.86,20.94,0
T06S02048,6,S02,C0185,store,control,Premium,109.12,38.19,1
T06S02049,6,S02,C0192,store,control,Value,29.41,12.35,0
T06S02050,6,S02,C0199,ecommerce,control,Core,77.43,32.52,1
T06S02051,6,S02,C0006,store,control,Value,85.01,35.71,1
T06S02052,6,S02,C0013,store,control,Core,107.3,37.56,1
T06S02053,6,S02,C0020,store,control,Premium,71.85,30.18,0
T06S02054,6,S02,C0027,store,control,Value,71.16,29.89,0
T06S02055,6,S02,C0034,ecommerce,control,Core,55.69,23.39,0
T06S02056,6,S02,C0041,store,control,Premium,113.1,39.58,1
T06S02057,6,S02,C0048,store,control,Value,90.15,37.86,1
T06S02058,6,S02,C0055,store,control,Core,85.3,35.82,1
T06S02059,6,S02,C0062,store,control,Premium,101.92,42.81,1
T06S02060,6,S02,C0069,ecommerce,control,Value,74.71,26.15,0
T06S02061,6,S02,C0076,store,control,Core,74.42,31.26,0
T06S02062,6,S02,C0083,store,control,Premium,57.08,23.97,0
T06S02063,6,S02,C0090,store,control,Value,80.08,33.63,1
T06S02064,6,S02,C0097,store,control,Core,83.74,29.31,1
T06S02065,6,S02,C0104,ecommerce,control,Premium,114.75,48.19,1
T06S02066,6,S02,C0111,store,control,Value,88.76,37.28,1
T06S02067,6,S02,C0118,store,control,Core,41.69,17.51,0
T06S02068,6,S02,C0125,store,control,Premium,92.0,32.2,1
T06S02069,6,S02,C0132,store,control,Value,23.39,9.82,0
T06S02070,6,S02,C0139,ecommerce,control,Core,93.92,39.45,1
T06S02071,6,S02,C0146,store,control,Premium,112.96,47.44,1
T06S02072,6,S02,C0153,store,control,Value,71.04,24.86,0
T06S02073,6,S02,C0160,store,control,Core,69.3,29.11,0
T06S02074,6,S02,C0167,store,control,Premium,104.29,43.8,1
T06S02075,6,S02,C0174,ecommerce,control,Value,72.67,30.52,0
T06S02076,6,S02,C0181,store,control,Core,86.85,30.4,1
T06S02077,6,S02,C0188,store,control,Premium,65.41,27.47,0
T06S02078,6,S02,C0195,store,control,Value,106.61,44.77,1
T06S02079,6,S02,C0002,store,control,Premium,80.59,33.85,1
T06S02080,6,S02,C0009,ecommerce,control,Value,75.24,26.34,0
T06S02081,6,S02,C0016,store,control,Core,123.84,52.01,1
T06S02082,6,S02,C0023,store,control,Premium,81.78,34.35,1
T06S02083,6,S02,C0030,store,control,Value,94.05,39.5,1
T06S02084,6,S02,C0037,store,control,Core,85.92,30.07,1
T06S02085,6,S02,C0044,ecommerce,control,Premium,118.32,49.69,1
T06S02086,6,S02,C0051,store,control,Value,95.23,40.0,1
T06S02087,6,S02,C0058,store,control,Core,67.0,28.14,0
T06S02088,6,S02,C0065,store,control,Premium,63.24,22.13,0
T06S02089,6,S02,C0072,store,control,Value,92.61,38.9,1
T06S02090,6,S02,C0079,ecommerce,control,Core,67.98,28.55,0
T06S02091,6,S02,C0086,store,control,Premium,106.25,44.63,1
T06S02092,6,S02,C0093,store,control,Value,62.01,21.7,0
T06S02093,6,S02,C0100,store,control,Core,44.45,18.67,0
T06S02094,6,S02,C0107,store,control,Premium,114.06,47.91,1
T06S02095,6,S02,C0114,ecommerce,control,Value,76.75,32.23,1
T06S02096,6,S02,C0121,store,control,Core,92.87,32.51,1
T06S02097,6,S02,C0128,store,control,Premium,124.46,52.27,1
T06S02098,6,S02,C0135,store,control,Value,71.61,30.08,0
T06S02099,6,S02,C0142,store,control,Core,67.54,28.37,0
T06S02100,6,S02,C0149,ecommerce,control,Premium,104.1,36.43,1
T06S02101,6,S02,C0156,store,control,Value,71.78,30.15,0
T06S02102,6,S02,C0163,store,control,Core,64.52,27.1,0
T06S02103,6,S02,C0170,store,control,Premium,101.72,42.72,1
T06S02104,6,S02,C0177,store,control,Value,95.61,33.46,1
T06S02105,6,S02,C0184,ecommerce,control,Core,118.59,49.81,1
T06S02106,6,S02,C0191,store,control,Premium,84.4,35.45,1
T06S02107,6,S02,C0198,store,control,Value,57.9,24.32,0
T06S02108,6,S02,C0005,store,control,Premium,103.86,36.35,1
T06S02109,6,S02,C0012,store,control,Value,56.0,23.52,0
T06S02110,6,S02,C0019,ecommerce,control,Core,64.99,27.3,0
T06S02111,6,S02,C0026,store,control,Premium,72.43,30.42,0
T06S02112,6,S02,C0033,store,control,Value,124.11,43.44,1
T06S02113,6,S02,C0040,store,control,Core,94.05,39.5,1
T06S02114,6,S02,C0047,store,control,Premium,65.35,27.45,0
T06S02115,6,S02,C0054,ecommerce,control,Value,89.67,37.66,1
T06S02116,6,S02,C0061,store,control,Core,87.64,30.67,1
T06S02117,6,S02,C0068,store,control,Premium,68.09,28.6,0
T06S02118,6,S02,C0075,store,control,Value,87.2,36.62,1
T06S02119,6,S02,C0082,store,control,Core,78.13,32.82,1
T06S02120,6,S02,C0089,ecommerce,control,Premium,77.39,27.09,1
T06S02121,6,S02,C0096,store,control,Value,91.06,38.24,1
T06S02122,6,S02,C0103,store,control,Core,77.84,32.69,1
T06S02123,6,S02,C0110,store,control,Premium,100.65,42.27,1
T06S02124,6,S02,C0117,store,control,Value,72.29,25.3,0
T06S02125,6,S02,C0124,ecommerce,control,Core,62.44,26.23,0
T06S02126,6,S02,C0131,store,control,Premium,93.53,39.28,1
T06S02127,6,S02,C0138,store,control,Value,76.68,32.21,1
T06S02128,6,S02,C0145,store,control,Core,98.75,34.56,1
T06S02129,6,S02,C0152,store,control,Premium,81.21,34.11,1
T06S02130,6,S02,C0159,ecommerce,control,Value,34.88,14.65,0
T06S02131,6,S02,C0166,store,control,Core,67.37,28.29,0
T06S02132,6,S02,C0173,store,control,Premium,99.41,34.8,1
T06S02133,6,S02,C0180,store,control,Value,52.66,22.12,0
T06S02134,6,S02,C0187,store,control,Core,92.25,38.74,1
T06S02135,6,S02,C0194,ecommerce,control,Premium,83.56,35.09,1
T06S02136,6,S02,C0001,store,control,Core,86.61,30.31,1
T06S02137,6,S02,C0008,store,control,Premium,68.81,28.9,0
T06S02138,6,S02,C0015,store,control,Value,103.21,43.35,1
T06S02139,6,S02,C0022,store,control,Core,65.27,27.42,0
T06S02140,6,S02,C0029,ecommerce,control,Premium,89.08,31.18,1
T06S02141,6,S02,C0036,store,control,Value,100.18,42.08,1
T06S02142,6,S02,C0043,store,control,Core,68.68,28.85,0
T06S02143,6,S02,C0050,store,control,Premium,51.14,21.48,0
T06S02144,6,S02,C0057,store,control,Value,74.89,26.21,0
T06S02145,6,S02,C0064,ecommerce,control,Core,84.93,35.67,1
T06S02146,6,S02,C0071,store,control,Premium,101.35,42.57,1
T06S02147,6,S02,C0078,store,control,Value,66.48,27.92,0
T06S02148,6,S02,C0085,store,control,Core,118.77,41.57,1
T06S02149,6,S02,C0092,store,control,Premium,77.32,32.47,1
T06S02150,6,S02,C0099,ecommerce,control,Value,87.85,36.9,1
T06S02151,6,S02,C0106,store,control,Core,52.62,22.1,0
T06S02152,6,S02,C0113,store,control,Premium,79.69,27.89,1
T06S02153,6,S02,C0120,store,control,Value,75.49,31.7,0
T06S02154,6,S02,C0127,store,control,Core,91.01,38.22,1
T06S02155,6,S02,C0134,ecommerce,control,Premium,94.73,39.79,1
T06S02156,6,S02,C0141,store,control,Value,61.73,21.61,0
T06S02157,6,S02,C0148,store,control,Core,67.1,28.18,0
T06S02158,6,S02,C0155,store,control,Premium,62.95,26.44,0
T06S02159,6,S02,C0162,store,control,Value,43.2,18.14,0
T06S03000,6,S03,C0062,ecommerce,treatment,Premium,106.95,37.43,1
T06S03001,6,S03,C0069,store,treatment,Value,44.22,18.57,0
T06S03002,6,S03,C0076,store,treatment,Core,108.25,45.47,1
T06S03003,6,S03,C0083,store,treatment,Premium,116.52,48.94,1
T06S03004,6,S03,C0090,store,treatment,Value,51.28,17.95,0
T06S03005,6,S03,C0097,ecommerce,treatment,Core,107.99,45.36,1
T06S03006,6,S03,C0104,store,treatment,Premium,124.4,52.25,1
T06S03007,6,S03,C0111,store,treatment,Value,93.0,39.06,1
T06S03008,6,S03,C0118,store,treatment,Core,60.69,21.24,0
T06S03009,6,S03,C0125,store,treatment,Premium,109.06,45.8,1
T06S03010,6,S03,C0132,ecommerce,treatment,Value,88.11,37.01,1
T06S03011,6,S03,C0139,store,treatment,Core,92.51,38.85,1
T06S03012,6,S03,C0146,store,treatment,Premium,120.89,42.31,1
T06S03013,6,S03,C0153,store,treatment,Value,104.78,44.01,1
T06S03014,6,S03,C0160,store,treatment,Core,107.83,45.29,1
T06S03015,6,S03,C0167,ecommerce,treatment,Premium,126.1,52.96,1
T06S03016,6,S03,C0174,store,treatment,Value,86.99,30.45,1
T06S03017,6,S03,C0181,store,treatment,Core,98.51,41.37,1
T06S03018,6,S03,C0188,store,treatment,Premium,107.73,45.25,1
T06S03019,6,S03,C0195,store,treatment,Value,66.99,28.14,0
T06S03020,6,S03,C0002,ecommerce,treatment,Premium,110.96,38.84,1
T06S03021,6,S03,C0009,store,treatment,Value,74.04,31.1,0
T06S03022,6,S03,C0016,store,treatment,Core,113.95,47.86,1
T06S03023,6,S03,C0023,store,treatment,Premium,112.52,47.26,1
T06S03024,6,S03,C0030,store,treatment,Value,85.61,29.96,1
T06S03025,6,S03,C0037,ecommerce,treatment,Core,116.0,48.72,1
T06S03026,6,S03,C0044,store,treatment,Premium,87.57,36.78,1
T06S03027,6,S03,C0051,store,treatment,Value,92.98,39.05,1
T06S03028,6,S03,C0058,store,treatment,Core,122.12,42.74,1
T06S03029,6,S03,C0065,store,treatment,Premium,111.95,47.02,1
T06S03030,6,S03,C0072,ecommerce,treatment,Value,122.18,51.32,1
T06S03031,6,S03,C0079,store,treatment,Core,88.16,37.03,1
T06S03032,6,S03,C0086,store,treatment,Premium,121.23,42.43,1
T06S03033,6,S03,C0093,store,treatment,Value,84.16,35.35,1
T06S03034,6,S03,C0100,store,treatment,Core,125.94,52.9,1
T06S03035,6,S03,C0107,ecommerce,treatment,Premium,97.49,40.95,1
T06S03036,6,S03,C0114,store,treatment,Value,103.68,36.29,1
T06S03037,6,S03,C0121,store,treatment,Core,107.12,44.99,1
T06S03038,6,S03,C0128,store,treatment,Premium,94.19,39.56,1
T06S03039,6,S03,C0135,store,treatment,Value,44.14,18.54,0
T06S03040,6,S03,C0142,ecommerce,treatment,Core,113.94,39.88,1
T06S03041,6,S03,C0149,store,treatment,Premium,83.21,34.95,1
T06S03042,6,S03,C0156,store,treatment,Value,81.68,34.3,1
T06S03043,6,S03,C0163,store,treatment,Core,84.68,35.57,1
T06S03044,6,S03,C0170,store,treatment,Premium,87.69,30.69,1
T06S03045,6,S03,C0177,ecommerce,treatment,Value,94.2,39.56,1
T06S03046,6,S03,C0184,store,treatment,Core,126.45,53.11,1
T06S03047,6,S03,C0191,store,treatment,Premium,113.64,47.73,1
T06S03048,6,S03,C0198,store,treatment,Value,80.86,28.3,1
T06S03049,6,S03,C0005,store,treatment,Premium,93.07,39.09,1
T06S03050,6,S03,C0012,ecommerce,treatment,Value,131.03,55.03,1
T06S03051,6,S03,C0019,store,treatment,Core,108.34,45.5,1
T06S03052,6,S03,C0026,store,treatment,Premium,104.54,36.59,1
T06S03053,6,S03,C0033,store,treatment,Value,120.46,50.59,1
T06S03054,6,S03,C0040,store,treatment,Core,101.7,42.71,1
T06S03055,6,S03,C0047,ecommerce,treatment,Premium,129.5,54.39,1
T06S03056,6,S03,C0054,store,treatment,Value,59.91,20.97,0
T06S03057,6,S03,C0061,store,treatment,Core,114.23,47.98,1
T06S03058,6,S03,C0068,store,treatment,Premium,147.27,61.85,1
T06S03059,6,S03,C0075,store,treatment,Value,102.15,42.9,1
T06S03060,6,S03,C0082,ecommerce,treatment,Core,75.47,26.41,0
T06S03061,6,S03,C0089,store,treatment,Premium,130.76,54.92,1
T06S03062,6,S03,C0096,store,treatment,Value,100.05,42.02,1
T06S03063,6,S03,C0103,store,treatment,Core,101.63,42.68,1
T06S03064,6,S03,C0110,store,treatment,Premium,146.97,51.44,1
T06S03065,6,S03,C0117,ecommerce,treatment,Value,80.43,33.78,1
T06S03066,6,S03,C0124,store,treatment,Core,89.63,37.65,1
T06S03067,6,S03,C0131,store,treatment,Premium,89.13,37.43,1
T06S03068,6,S03,C0138,store,treatment,Value,79.33,27.77,1
T06S03069,6,S03,C0145,store,treatment,Core,127.32,53.48,1
T06S03070,6,S03,C0152,ecommerce,treatment,Premium,112.25,47.14,1
T06S03071,6,S03,C0159,store,treatment,Value,90.53,38.02,1
T06S03072,6,S03,C0166,store,treatment,Core,54.03,18.91,0
T06S03073,6,S03,C0173,store,treatment,Premium,111.53,46.84,1
T06S03074,6,S03,C0180,store,treatment,Value,93.53,39.28,1
T06S03075,6,S03,C0187,ecommerce,treatment,Core,95.84,40.25,1
T06S03076,6,S03,C0194,store,treatment,Premium,89.42,31.3,1
T06S03077,6,S03,C0001,store,treatment,Core,116.68,49.01,1
T06S03078,6,S03,C0008,store,treatment,Premium,138.16,58.03,1
T06S03079,6,S03,C0015,store,treatment,Value,71.96,30.22,0
T06S03080,6,S03,C0022,ecommerce,treatment,Core,109.39,38.29,1
T06S03081,6,S03,C0029,store,treatment,Premium,112.82,47.38,1
T06S03082,6,S03,C0036,store,treatment,Value,76.62,32.18,1
T06S03083,6,S03,C0043,store,treatment,Core,101.36,42.57,1
T06S03084,6,S03,C0050,store,treatment,Premium,112.6,39.41,1
T06S03085,6,S03,C0057,ecommerce,treatment,Value,93.79,39.39,1
T06S03086,6,S03,C0064,store,treatment,Core,79.84,33.53,1
T06S03087,6,S03,C0071,store,treatment,Premium,119.97,50.39,1
T06S03088,6,S03,C0078,store,treatment,Value,112.33,39.32,1
T06S03089,6,S03,C0085,store,treatment,Core,129.85,54.54,1
T06S03090,6,S03,C0092,ecommerce,treatment,Premium,109.6,46.03,1
T06S03091,6,S03,C0099,store,treatment,Value,60.63,25.46,0
T06S03092,6,S03,C0106,store,treatment,Core,100.79,35.28,1
T06S03093,6,S03,C0113,store,treatment,Premium,92.51,38.85,1
T06S03094,6,S03,C0120,store,treatment,Value,86.18,36.19,1
T06S03095,6,S03,C0127,ecommerce,treatment,Core,90.65,38.07,1
T06S03096,6,S03,C0134,store,treatment,Premium,81.03,28.36,1
T06S03097,6,S03,C0141,store,treatment,Value,70.44,29.59,0
T06S03098,6,S03,C0148,store,treatment,Core,104.59,43.93,1
T06S03099,6,S03,C0155,store,treatment,Premium,79.63,33.45,1
T06S03100,6,S03,C0162,ecommerce,treatment,Value,61.94,21.68,0
T06S03101,6,S03,C0169,store,treatment,Core,111.06,46.65,1
T06S03102,6,S03,C0176,store,treatment,Premium,118.36,49.71,1
T06S03103,6,S03,C0183,store,treatment,Value,103.98,43.67,1
T06S03104,6,S03,C0190,store,treatment,Core,99.99,35.0,1
T06S03105,6,S03,C0197,ecommerce,treatment,Premium,119.39,50.14,1
T06S03106,6,S03,C0004,store,treatment,Core,92.47,38.84,1
T06S03107,6,S03,C0011,store,treatment,Premium,122.58,51.48,1
T06S03108,6,S03,C0018,store,treatment,Value,62.51,21.88,0
T06S03109,6,S03,C0025,store,treatment,Core,119.66,50.26,1
T06S03110,6,S03,C0032,ecommerce,treatment,Premium,117.27,49.26,1
T06S03111,6,S03,C0039,store,treatment,Value,99.36,41.73,1
T06S03112,6,S03,C0046,store,treatment,Core,96.18,33.66,1
T06S03113,6,S03,C0053,store,treatment,Premium,104.45,43.87,1
T06S03114,6,S03,C0060,store,treatment,Value,84.04,35.3,1
T06S03115,6,S03,C0067,ecommerce,treatment,Core,106.41,44.69,1
T06S03116,6,S03,C0074,store,treatment,Premium,127.16,44.51,1
T06S03117,6,S03,C0081,store,treatment,Value,103.48,43.46,1
T06S03118,6,S03,C0088,store,treatment,Core,98.71,41.46,1
T06S03119,6,S03,C0095,store,treatment,Premium,82.4,34.61,1
T06S03120,6,S03,C0102,ecommerce,treatment,Value,92.51,32.38,1
T06S03121,6,S03,C0109,store,treatment,Core,59.04,24.8,0
T06S03122,6,S03,C0116,store,treatment,Premium,98.93,41.55,1
T06S03123,6,S03,C0123,store,treatment,Value,83.51,35.07,1
T06S03124,6,S03,C0130,store,treatment,Core,92.5,32.37,1
T06S03125,6,S03,C0137,ecommerce,treatment,Premium,62.86,26.4,0
T06S03126,6,S03,C0144,store,treatment,Value,99.9,41.96,1
T06S03127,6,S03,C0151,store,treatment,Core,81.6,34.27,1
T06S03128,6,S03,C0158,store,treatment,Premium,111.95,39.18,1
T06S03129,6,S03,C0165,store,treatment,Value,94.27,39.59,1
T06S03130,6,S03,C0172,ecommerce,treatment,Core,83.01,34.86,1
T06S03131,6,S03,C0179,store,treatment,Premium,93.28,39.18,1
T06S03132,6,S03,C0186,store,treatment,Value,71.49,25.02,0
T06S03133,6,S03,C0193,store,treatment,Core,83.8,35.2,1
T06S03134,6,S03,C0200,store,treatment,Premium,105.82,44.45,1
T06S03135,6,S03,C0007,ecommerce,treatment,Core,105.9,44.48,1
T06S03136,6,S03,C0014,store,treatment,Premium,131.37,45.98,1
T06S03137,6,S03,C0021,store,treatment,Value,109.33,45.92,1
T06S03138,6,S03,C0028,store,treatment,Core,110.56,46.44,1
T06S03139,6,S03,C0035,store,treatment,Premium,108.95,45.76,1
T06S03140,6,S03,C0042,ecommerce,treatment,Value,96.94,33.93,1
T06S03141,6,S03,C0049,store,treatment,Core,127.17,53.41,1
T06S03142,6,S03,C0056,store,treatment,Premium,108.49,45.57,1
T06S03143,6,S03,C0063,store,treatment,Value,76.34,32.06,1
T06S03144,6,S03,C0070,store,treatment,Core,116.08,40.63,1
T06S03145,6,S03,C0077,ecommerce,treatment,Premium,71.75,30.14,0
T06S03146,6,S03,C0084,store,treatment,Value,102.45,43.03,1
T06S03147,6,S03,C0091,store,treatment,Core,87.16,36.61,1
T06S03148,6,S03,C0098,store,treatment,Premium,133.05,46.57,1
T06S03149,6,S03,C0105,store,treatment,Value,96.44,40.5,1
T06S03150,6,S03,C0112,ecommerce,treatment,Core,109.84,46.13,1
T06S03151,6,S03,C0119,store,treatment,Premium,107.33,45.08,1
T06S03152,6,S03,C0126,store,treatment,Value,67.17,23.51,0
T06S03153,6,S03,C0133,store,treatment,Core,106.04,44.54,1
T06S03154,6,S03,C0140,store,treatment,Premium,120.39,50.57,1
T06S03155,6,S03,C0147,ecommerce,treatment,Value,84.42,35.46,1
T06S03156,6,S03,C0154,store,treatment,Core,89.57,31.35,1
T06S03157,6,S03,C0161,store,treatment,Premium,127.22,53.43,1
T06S03158,6,S03,C0168,store,treatment,Value,87.16,36.61,1
T06S03159,6,S03,C0175,store,treatment,Core,99.05,41.6,1
T06S04000,6,S04,C0075,ecommerce,control,Value,129.66,45.38,1
T06S04001,6,S04,C0082,store,control,Core,63.54,26.69,0
T06S04002,6,S04,C0089,store,control,Premium,75.25,31.6,0
T06S04003,6,S04,C0096,store,control,Value,73.57,30.9,0
T06S04004,6,S04,C0103,store,control,Core,55.22,19.33,0
T06S04005,6,S04,C0110,ecommerce,control,Premium,92.33,38.78,1
T06S04006,6,S04,C0117,store,control,Value,77.74,32.65,1
T06S04007,6,S04,C0124,store,control,Core,54.4,22.85,0
T06S04008,6,S04,C0131,store,control,Premium,88.24,30.88,1
T06S04009,6,S04,C0138,store,control,Value,100.08,42.04,1
T06S04010,6,S04,C0145,ecommerce,control,Core,66.1,27.76,0
T06S04011,6,S04,C0152,store,control,Premium,144.27,60.59,1
T06S04012,6,S04,C0159,store,control,Value,109.8,38.43,1
T06S04013,6,S04,C0166,store,control,Core,92.83,38.99,1
T06S04014,6,S04,C0173,store,control,Premium,91.93,38.61,1
T06S04015,6,S04,C0180,ecommerce,control,Value,70.17,29.47,0
T06S04016,6,S04,C0187,store,control,Core,105.09,36.78,1
T06S04017,6,S04,C0194,store,control,Premium,79.74,33.49,1
T06S04018,6,S04,C0001,store,control,Core,73.06,30.69,0
T06S04019,6,S04,C0008,store,control,Premium,88.17,37.03,1
T06S04020,6,S04,C0015,ecommerce,control,Value,82.23,28.78,1
T06S04021,6,S04,C0022,store,control,Core,54.51,22.89,0
T06S04022,6,S04,C0029,store,control,Premium,100.15,42.06,1
T06S04023,6,S04,C0036,store,control,Value,66.96,28.12,0
T06S04024,6,S04,C0043,store,control,Core,77.93,27.27,1
T06S04025,6,S04,C0050,ecommerce,control,Premium,106.62,44.78,1
T06S04026,6,S04,C0057,store,control,Value,62.9,26.42,0
T06S04027,6,S04,C0064,store,control,Core,79.04,33.19,1
T06S04028,6,S04,C0071,store,control,Premium,63.78,22.32,0
T06S04029,6,S04,C0078,store,control,Value,71.85,30.18,0
T06S04030,6,S04,C0085,ecommerce,control,Core,78.95,33.16,1
T06S04031,6,S04,C0092,store,control,Premium,95.56,40.14,1
T06S04032,6,S04,C0099,store,control,Value,75.11,26.29,0
T06S04033,6,S04,C0106,store,control,Core,80.28,33.72,1
T06S04034,6,S04,C0113,store,control,Premium,91.41,38.39,1
T06S04035,6,S04,C0120,ecommerce,control,Value,71.09,29.86,0
T06S04036,6,S04,C0127,store,control,Core,71.51,25.03,0
T06S04037,6,S04,C0134,store,control,Premium,72.59,30.49,0
T06S04038,6,S04,C0141,store,control,Value,85.65,35.97,1
T06S04039,6,S04,C0148,store,control,Core,77.92,32.73,1
T06S04040,6,S04,C0155,ecommerce,control,Premium,81.93,28.68,1
T06S04041,6,S04,C0162,store,control,Value,42.18,17.72,0
T06S04042,6,S04,C0169,store,control,Core,87.66,36.82,1
T06S04043,6,S04,C0176,store,control,Premium,87.34,36.68,1
T06S04044,6,S04,C0183,store,control,Value,81.4,28.49,1
T06S04045,6,S04,C0190,ecommerce,control,Core,105.48,44.3,1
T06S04046,6,S04,C0197,store,control,Premium,87.29,36.66,1
T06S04047,6,S04,C0004,store,control,Core,72.32,30.38,0
T06S04048,6,S04,C0011,store,control,Premium,89.46,31.31,1
T06S04049,6,S04,C0018,store,control,Value,101.39,42.59,1
T06S04050,6,S04,C0025,ecommerce,control,Core,83.01,34.86,1
T06S04051,6,S04,C0032,store,control,Premium,82.09,34.48,1
T06S04052,6,S04,C0039,store,control,Value,64.48,22.57,0
T06S04053,6,S04,C0046,store,control,Core,94.54,39.71,1
T06S04054,6,S04,C0053,store,control,Premium,82.04,34.46,1
T06S04055,6,S04,C0060,ecommerce,control,Value,66.18,27.8,0
T06S04056,6,S04,C0067,store,control,Core,79.75,27.91,1
T06S04057,6,S04,C0074,store,control,Premium,113.77,47.78,1
T06S04058,6,S04,C0081,store,control,Value,77.49,32.55,1
T06S04059,6,S04,C0088,store,control,Core,66.23,27.82,0
T06S04060,6,S04,C0095,ecommerce,control,Premium,95.96,33.58,1
T06S04061,6,S04,C0102,store,control,Value,59.28,24.9,0
T06S04062,6,S04,C0109,store,control,Core,77.72,32.64,1
T06S04063,6,S04,C0116,store,control,Premium,81.61,34.28,1
T06S04064,6,S04,C0123,store,control,Value,85.38,29.88,1
T06S04065,6,S04,C0130,ecommerce,control,Core,70.18,29.48,0
T06S04066,6,S04,C0137,store,control,Premium,72.67,30.52,0
T06S04067,6,S04,C0144,store,control,Value,43.37,18.22,0
T06S04068,6,S04,C0151,store,control,Core,73.98,25.89,0
T06S04069,6,S04,C0158,store,control,Premium,89.21,37.47,1
T06S04070,6,S04,C0165,ecommerce,control,Value,95.46,40.1,1
T06S04071,6,S04,C0172,store,control,Core,88.3,37.09,1
T06S04072,6,S04,C0179,store,control,Premium,97.73,34.2,1
T06S04073,6,S04,C0186,store,control,Value,70.73,29.71,0
T06S04074,6,S04,C0193,store,control,Core,81.71,34.32,1
T06S04075,6,S04,C0200,ecommerce,control,Premium,86.16,36.19,1
T06S04076,6,S04,C0007,store,control,Core,77.96,27.29,1
T06S04077,6,S04,C0014,store,control,Premium,71.26,29.93,0
T06S04078,6,S04,C0021,store,control,Value,72.85,30.6,0
T06S04079,6,S04,C0028,store,control,Core,76.55,32.15,1
T06S04080,6,S04,C0035,ecommerce,control,Premium,71.74,25.11,0
T06S04081,6,S04,C0042,store,control,Value,105.82,44.44,1
T06S04082,6,S04,C0049,store,control,Core,73.35,30.81,0
T06S04083,6,S04,C0056,store,control,Premium,97.75,41.05,1
T06S04084,6,S04,C0063,store,control,Value,97.44,34.1,1
T06S04085,6,S04,C0070,ecommerce,control,Core,68.31,28.69,0
T06S04086,6,S04,C0077,store,control,Premium,88.59,37.21,1
T06S04087,6,S04,C0084,store,control,Value,89.65,37.65,1
T06S04088,6,S04,C0091,store,control,Core,57.77,20.22,0
T06S04089,6,S04,C0098,store,control,Premium,79.71,33.48,1
T06S04090,6,S04,C0105,ecommerce,control,Value,78.39,32.93,1
T06S04091,6,S04,C0112,store,control,Core,50.61,21.26,0
T06S04092,6,S04,C0119,store,control,Premium,72.99,25.55,0
T06S04093,6,S04,C0126,store,control,Value,45.3,19.03,0
T06S04094,6,S04,C0133,store,control,Core,53.92,22.64,0
T06S04095,6,S04,C0140,ecommerce,control,Premium,123.48,51.86,1
T06S04096,6,S04,C0147,store,control,Value,100.91,35.32,1
T06S04097,6,S04,C0154,store,control,Core,47.65,20.01,0
T06S04098,6,S04,C0161,store,control,Premium,77.25,32.44,1
T06S04099,6,S04,C0168,store,control,Value,79.66,33.46,1
T06S04100,6,S04,C0175,ecommerce,control,Core,111.29,38.95,1
T06S04101,6,S04,C0182,store,control,Premium,91.67,38.5,1
T06S04102,6,S04,C0189,store,control,Value,25.39,10.66,0
T06S04103,6,S04,C0196,store,control,Core,100.4,42.17,1
T06S04104,6,S04,C0003,store,control,Value,66.94,23.43,0
T06S04105,6,S04,C0010,ecommerce,control,Core,69.95,29.38,0
T06S04106,6,S04,C0017,store,control,Premium,88.49,37.17,1
T06S04107,6,S04,C0024,store,control,Value,38.64,16.23,0
T06S04108,6,S04,C0031,store,control,Core,106.31,37.21,1
T06S04109,6,S04,C0038,store,control,Premium,92.04,38.66,1
T06S04110,6,S04,C0045,ecommerce,control,Value,73.31,30.79,0
T06S04111,6,S04,C0052,store,control,Core,87.15,36.6,1
T06S04112,6,S04,C0059,store,control,Premium,104.08,36.43,1
T06S04113,6,S04,C0066,store,control,Value,119.74,50.29,1
T06S04114,6,S04,C0073,store,control,Core,81.96,34.42,1
T06S04115,6,S04,C0080,ecommerce,control,Premium,86.97,36.53,1
T06S04116,6,S04,C0087,store,control,Value,100.57,35.2,1
T06S04117,6,S04,C0094,store,control,Core,58.67,24.64,0
T06S04118,6,S04,C0101,store,control,Premium,102.94,43.24,1
T06S04119,6,S04,C0108,store,control,Value,80.14,33.66,1
T06S04120,6,S04,C0115,ecommerce,control,Core,42.73,14.95,0
T06S04121,6,S04,C0122,store,control,Premium,119.09,50.02,1
T06S04122,6,S04,C0129,store,control,Value,92.16,38.71,1
T06S04123,6,S04,C0136,store,control,Core,65.41,27.47,0
T06S04124,6,S04,C0143,store,control,Premium,53.96,18.89,0
T06S04125,6,S04,C0150,ecommerce,control,Value,40.14,16.86,0
T06S04126,6,S04,C0157,store,control,Core,44.8,18.82,0
T06S04127,6,S04,C0164,store,control,Premium,97.37,40.9,1
T06S04128,6,S04,C0171,store,control,Value,65.23,22.83,0
T06S04129,6,S04,C0178,store,control,Core,85.14,35.76,1
T06S04130,6,S04,C0185,ecommerce,control,Premium,120.13,50.45,1
T06S04131,6,S04,C0192,store,control,Value,91.87,38.58,1
T06S04132,6,S04,C0199,store,control,Core,89.29,31.25,1
T06S04133,6,S04,C0006,store,control,Value,87.29,36.66,1
T06S04134,6,S04,C0013,store,control,Core,102.86,43.2,1
T06S04135,6,S04,C0020,ecommerce,control,Premium,104.8,44.02,1
T06S04136,6,S04,C0027,store,control,Value,72.15,25.25,0
T06S04137,6,S04,C0034,store,control,Core,90.8,38.14,1
T06S04138,6,S04,C0041,store,control,Premium,90.57,38.04,1
T06S04139,6,S04,C0048,store,control,Value,52.07,21.87,0
T06S04140,6,S04,C0055,ecommerce,control,Core,81.5,28.52,1
T06S04141,6,S04,C0062,store,control,Premium,100.8,42.34,1
T06S04142,6,S04,C0069,store,control,Value,80.25,33.7,1
T06S04143,6,S04,C0076,store,control,Core,91.65,38.49,1
T06S04144,6,S04,C0083,store,control,Premium,75.89,26.56,0
T06S04145,6,S04,C0090,ecommerce,control,Value,96.92,40.71,1
T06S04146,6,S04,C0097,store,control,Core,64.81,27.22,0
T06S04147,6,S04,C0104,store,control,Premium,51.75,21.74,0
T06S04148,6,S04,C0111,store,control,Value,86.32,30.21,1
T06S04149,6,S04,C0118,store,control,Core,87.76,36.86,1
T06S04150,6,S04,C0125,ecommerce,control,Premium,77.75,32.65,1
T06S04151,6,S04,C0132,store,control,Value,105.52,44.32,1
T06S04152,6,S04,C0139,store,control,Core,124.62,43.62,1
T06S04153,6,S04,C0146,store,control,Premium,104.41,43.85,1
T06S04154,6,S04,C0153,store,control,Value,73.3,30.79,0
T06S04155,6,S04,C0160,ecommerce,control,Core,56.73,23.83,0
T06S04156,6,S04,C0167,store,control,Premium,95.85,33.55,1
T06S04157,6,S04,C0174,store,control,Value,89.71,37.68,1
T06S04158,6,S04,C0181,store,control,Core,77.49,32.54,1
T06S04159,6,S04,C0188,store,control,Premium,125.79,52.83,1
T06S05000,6,S05,C0088,ecommerce,treatment,Core,118.79,41.58,1
T06S05001,6,S05,C0095,store,treatment,Premium,99.82,41.92,1
T06S05002,6,S05,C0102,store,treatment,Value,80.43,33.78,1
T06S05003,6,S05,C0109,store,treatment,Core,70.42,29.58,0
T06S05004,6,S05,C0116,store,treatment,Premium,112.32,39.31,1
T06S05005,6,S05,C0123,ecommerce,treatment,Value,77.59,32.59,1
T06S05006,6,S05,C0130,store,treatment,Core,83.16,34.93,1
T06S05007,6,S05,C0137,store,treatment,Premium,70.37,29.56,0
T06S05008,6,S05,C0144,store,treatment,Value,76.57,26.8,1
T06S05009,6,S05,C0151,store,treatment,Core,64.49,27.09,0
T06S05010,6,S05,C0158,ecommerce,treatment,Premium,104.12,43.73,1
T06S05011,6,S05,C0165,store,treatment,Value,93.64,39.33,1
T06S05012,6,S05,C0172,store,treatment,Core,85.9,30.07,1
T06S05013,6,S05,C0179,store,treatment,Premium,78.29,32.88,1
T06S05014,6,S05,C0186,store,treatment,Value,60.07,25.23,0
T06S05015,6,S05,C0193,ecommerce,treatment,Core,97.51,40.96,1
T06S05016,6,S05,C0200,store,treatment,Premium,84.47,29.57,1
T06S05017,6,S05,C0007,store,treatment,Core,62.89,26.41,0
T06S05018,6,S05,C0014,store,treatment,Premium,119.16,50.05,1
T06S05019,6,S05,C0021,store,treatment,Value,88.55,37.19,1
T06S05020,6,S05,C0028,ecommerce,treatment,Core,117.29,41.05,1
T06S05021,6,S05,C0035,store,treatment,Premium,79.95,33.58,1
T06S05022,6,S05,C0042,store,treatment,Value,103.91,43.64,1
T06S05023,6,S05,C0049,store,treatment,Core,96.11,40.37,1
T06S05024,6,S05,C0056,store,treatment,Premium,92.76,32.47,1
T06S05025,6,S05,C0063,ecommerce,treatment,Value,85.13,35.76,1
T06S05026,6,S05,C0070,store,treatment,Core,93.13,39.12,1
T06S05027,6,S05,C0077,store,treatment,Premium,89.56,37.61,1
T06S05028,6,S05,C0084,store,treatment,Value,95.36,33.38,1
T06S05029,6,S05,C0091,store,treatment,Core,111.58,46.86,1
T06S05030,6,S05,C0098,ecommerce,treatment,Premium,104.7,43.97,1
T06S05031,6,S05,C0105,store,treatment,Value,102.69,43.13,1
T06S05032,6,S05,C0112,store,treatment,Core,105.8,37.03,1
T06S05033,6,S05,C0119,store,treatment,Premium,99.23,41.68,1
T06S05034,6,S05,C0126,store,treatment,Value,111.07,46.65,1
T06S05035,6,S05,C0133,ecommerce,treatment,Core,67.11,28.18,0
T06S05036,6,S05,C0140,store,treatment,Premium,97.09,33.98,1
T06S05037,6,S05,C0147,store,treatment,Value,83.4,35.03,1
T06S05038,6,S05,C0154,store,treatment,Core,69.84,29.33,0
T06S05039,6,S05,C0161,store,treatment,Premium,71.12,29.87,0
T06S05040,6,S05,C0168,ecommerce,treatment,Value,112.38,39.33,1
T06S05041,6,S05,C0175,store,treatment,Core,76.07,31.95,1
T06S05042,6,S05,C0182,store,treatment,Premium,125.25,52.61,1
T06S05043,6,S05,C0189,store,treatment,Value,83.96,35.26,1
T06S05044,6,S05,C0196,store,treatment,Core,97.38,34.08,1
T06S05045,6,S05,C0003,ecommerce,treatment,Value,83.14,34.92,1
T06S05046,6,S05,C0010,store,treatment,Core,117.99,49.55,1
T06S05047,6,S05,C0017,store,treatment,Premium,73.06,30.69,0
T06S05048,6,S05,C0024,store,treatment,Value,99.82,34.94,1
T06S05049,6,S05,C0031,store,treatment,Core,111.58,46.86,1
T06S05050,6,S05,C0038,ecommerce,treatment,Premium,83.07,34.89,1
T06S05051,6,S05,C0045,store,treatment,Value,84.64,35.55,1
T06S05052,6,S05,C0052,store,treatment,Core,83.37,29.18,1
T06S05053,6,S05,C0059,store,treatment,Premium,105.28,44.22,1
T06S05054,6,S05,C0066,store,treatment,Value,69.19,29.06,0
T06S05055,6,S05,C0073,ecommerce,treatment,Core,93.51,39.27,1
T06S05056,6,S05,C0080,store,treatment,Premium,131.85,46.15,1
T06S05057,6,S05,C0087,store,treatment,Value,61.45,25.81,0
T06S05058,6,S05,C0094,store,treatment,Core,88.14,37.02,1
T06S05059,6,S05,C0101,store,treatment,Premium,101.68,42.7,1
T06S05060,6,S05,C0108,ecommerce,treatment,Value,87.82,30.74,1
T06S05061,6,S05,C0115,store,treatment,Core,73.0,30.66,0
T06S05062,6,S05,C0122,store,treatment,Premium,94.13,39.53,1
T06S05063,6,S05,C0129,store,treatment,Value,89.19,37.46,1
T06S05064,6,S05,C0136,store,treatment,Core,91.32,31.96,1
T06S05065,6,S05,C0143,ecommerce,treatment,Premium,123.24,51.76,1
T06S05066,6,S05,C0150,store,treatment,Value,71.93,30.21,0
T06S05067,6,S05,C0157,store,treatment,Core,71.17,29.89,0
T06S05068,6,S05,C0164,store,treatment,Premium,86.5,30.27,1
T06S05069,6,S05,C0171,store,treatment,Value,43.19,18.14,0
T06S05070,6,S05,C0178,ecommerce,treatment,Core,60.76,25.52,0
T06S05071,6,S05,C0185,store,treatment,Premium,85.78,36.03,1
T06S05072,6,S05,C0192,store,treatment,Value,88.88,31.11,1
T06S05073,6,S05,C0199,store,treatment,Core,57.92,24.33,0
T06S05074,6,S05,C0006,store,treatment,Value,60.08,25.23,0
T06S05075,6,S05,C0013,ecommerce,treatment,Core,71.47,30.02,0
T06S05076,6,S05,C0020,store,treatment,Premium,81.71,28.6,1
T06S05077,6,S05,C0027,store,treatment,Value,53.78,22.59,0
T06S05078,6,S05,C0034,store,treatment,Core,127.48,53.54,1
T06S05079,6,S05,C0041,store,treatment,Premium,100.3,42.13,1
T06S05080,6,S05,C0048,ecommerce,treatment,Value,91.94,32.18,1
T06S05081,6,S05,C0055,store,treatment,Core,67.1,28.18,0
T06S05082,6,S05,C0062,store,treatment,Premium,119.18,50.06,1
T06S05083,6,S05,C0069,store,treatment,Value,67.03,28.15,0
T06S05084,6,S05,C0076,store,treatment,Core,89.52,31.33,1
T06S05085,6,S05,C0083,ecommerce,treatment,Premium,98.14,41.22,1
T06S05086,6,S05,C0090,store,treatment,Value,62.83,26.39,0
T06S05087,6,S05,C0097,store,treatment,Core,109.79,46.11,1
T06S05088,6,S05,C0104,store,treatment,Premium,97.59,34.15,1
T06S05089,6,S05,C0111,store,treatment,Value,87.42,36.72,1
T06S05090,6,S05,C0118,ecommerce,treatment,Core,84.93,35.67,1
T06S05091,6,S05,C0125,store,treatment,Premium,79.33,33.32,1
T06S05092,6,S05,C0132,store,treatment,Value,75.07,26.27,0
T06S05093,6,S05,C0139,store,treatment,Core,83.66,35.14,1
T06S05094,6,S05,C0146,store,treatment,Premium,126.79,53.25,1
T06S05095,6,S05,C0153,ecommerce,treatment,Value,74.82,31.42,0
T06S05096,6,S05,C0160,store,treatment,Core,108.16,37.86,1
T06S05097,6,S05,C0167,store,treatment,Premium,105.95,44.5,1
T06S05098,6,S05,C0174,store,treatment,Value,77.17,32.41,1
T06S05099,6,S05,C0181,store,treatment,Core,54.68,22.97,0
T06S05100,6,S05,C0188,ecommerce,treatment,Premium,75.52,26.43,0
T06S05101,6,S05,C0195,store,treatment,Value,103.03,43.27,1
T06S05102,6,S05,C0002,store,treatment,Premium,153.25,64.36,1
T06S05103,6,S05,C0009,store,treatment,Value,111.6,46.87,1
T06S05104,6,S05,C0016,store,treatment,Core,89.18,31.21,1
T06S05105,6,S05,C0023,ecommerce,treatment,Premium,71.1,29.86,0
T06S05106,6,S05,C0030,store,treatment,Value,145.44,61.08,1
T06S05107,6,S05,C0037,store,treatment,Core,107.97,45.35,1
T06S05108,6,S05,C0044,store,treatment,Premium,83.56,29.25,1
T06S05109,6,S05,C0051,store,treatment,Value,86.32,36.25,1
T06S05110,6,S05,C0058,ecommerce,treatment,Core,115.21,48.39,1
T06S05111,6,S05,C0065,store,treatment,Premium,93.37,39.22,1
T06S05112,6,S05,C0072,store,treatment,Value,69.24,24.23,0
T06S05113,6,S05,C0079,store,treatment,Core,80.49,33.81,1
T06S05114,6,S05,C0086,store,treatment,Premium,108.04,45.38,1
T06S05115,6,S05,C0093,ecommerce,treatment,Value,93.09,39.1,1
T06S05116,6,S05,C0100,store,treatment,Core,97.83,34.24,1
T06S05117,6,S05,C0107,store,treatment,Premium,107.25,45.04,1
T06S05118,6,S05,C0114,store,treatment,Value,91.47,38.42,1
T06S05119,6,S05,C0121,store,treatment,Core,110.13,46.25,1
T06S05120,6,S05,C0128,ecommerce,treatment,Premium,84.44,29.56,1
T06S05121,6,S05,C0135,store,treatment,Value,60.51,25.41,0
T06S05122,6,S05,C0142,store,treatment,Core,95.15,39.96,1
T06S05123,6,S05,C0149,store,treatment,Premium,117.52,49.36,1
T06S05124,6,S05,C0156,store,treatment,Value,111.67,39.08,1
T06S05125,6,S05,C0163,ecommerce,treatment,Core,100.87,42.36,1
T06S05126,6,S05,C0170,store,treatment,Premium,112.87,47.4,1
T06S05127,6,S05,C0177,store,treatment,Value,77.41,32.51,1
T06S05128,6,S05,C0184,store,treatment,Core,89.18,31.21,1
T06S05129,6,S05,C0191,store,treatment,Premium,118.5,49.77,1
T06S05130,6,S05,C0198,ecommerce,treatment,Value,115.02,48.31,1
T06S05131,6,S05,C0005,store,treatment,Premium,159.32,66.91,1
T06S05132,6,S05,C0012,store,treatment,Value,72.28,25.3,0
T06S05133,6,S05,C0019,store,treatment,Core,91.55,38.45,1
T06S05134,6,S05,C0026,store,treatment,Premium,77.35,32.49,1
T06S05135,6,S05,C0033,ecommerce,treatment,Value,36.78,15.45,0
T06S05136,6,S05,C0040,store,treatment,Core,58.26,20.39,0
T06S05137,6,S05,C0047,store,treatment,Premium,100.66,42.28,1
T06S05138,6,S05,C0054,store,treatment,Value,105.24,44.2,1
T06S05139,6,S05,C0061,store,treatment,Core,83.93,35.25,1
T06S05140,6,S05,C0068,ecommerce,treatment,Premium,80.6,28.21,1
T06S05141,6,S05,C0075,store,treatment,Value,64.73,27.19,0
T06S05142,6,S05,C0082,store,treatment,Core,93.59,39.31,1
T06S05143,6,S05,C0089,store,treatment,Premium,103.03,43.27,1
T06S05144,6,S05,C0096,store,treatment,Value,81.87,28.65,1
T06S05145,6,S05,C0103,ecommerce,treatment,Core,103.76,43.58,1
T06S05146,6,S05,C0110,store,treatment,Premium,129.93,54.57,1
T06S05147,6,S05,C0117,store,treatment,Value,106.75,44.84,1
T06S05148,6,S05,C0124,store,treatment,Core,87.74,30.71,1
T06S05149,6,S05,C0131,store,treatment,Premium,75.29,31.62,0
T06S05150,6,S05,C0138,ecommerce,treatment,Value,72.42,30.42,0
T06S05151,6,S05,C0145,store,treatment,Core,38.41,16.13,0
T06S05152,6,S05,C0152,store,treatment,Premium,68.01,23.8,0
T06S05153,6,S05,C0159,store,treatment,Value,78.73,33.07,1
T06S05154,6,S05,C0166,store,treatment,Core,85.28,35.82,1
T06S05155,6,S05,C0173,ecommerce,treatment,Premium,131.56,55.26,1
T06S05156,6,S05,C0180,store,treatment,Value,98.93,34.63,1
T06S05157,6,S05,C0187,store,treatment,Core,116.98,49.13,1
T06S05158,6,S05,C0194,store,treatment,Premium,97.04,40.76,1
T06S05159,6,S05,C0001,store,treatment,Core,100.59,42.25,1
T06S06000,6,S06,C0101,ecommerce,control,Premium,116.93,40.93,1
T06S06001,6,S06,C0108,store,control,Value,93.79,39.39,1
T06S06002,6,S06,C0115,store,control,Core,84.78,35.61,1
T06S06003,6,S06,C0122,store,control,Premium,125.37,52.66,1
T06S06004,6,S06,C0129,store,control,Value,74.77,26.17,0
T06S06005,6,S06,C0136,ecommerce,control,Core,87.8,36.88,1
T06S06006,6,S06,C0143,store,control,Premium,98.06,41.19,1
T06S06007,6,S06,C0150,store,control,Value,60.61,25.46,0
T06S06008,6,S06,C0157,store,control,Core,91.78,32.12,1
T06S06009,6,S06,C0164,store,control,Premium,97.94,41.13,1
T06S06010,6,S06,C0171,ecommerce,control,Value,75.4,31.67,0
T06S06011,6,S06,C0178,store,control,Core,78.37,32.91,1
T06S06012,6,S06,C0185,store,control,Premium,88.84,31.09,1
T06S06013,6,S06,C0192,store,control,Value,37.95,15.94,0
T06S06014,6,S06,C0199,store,control,Core,64.77,27.2,0
T06S06015,6,S06,C0006,ecommerce,control,Value,87.55,36.77,1
T06S06016,6,S06,C0013,store,control,Core,79.39,27.79,1
T06S06017,6,S06,C0020,store,control,Premium,132.57,55.68,1
T06S06018,6,S06,C0027,store,control,Value,62.68,26.32,0
T06S06019,6,S06,C0034,store,control,Core,96.47,40.52,1
T06S06020,6,S06,C0041,ecommerce,control,Premium,101.73,35.61,1
T06S06021,6,S06,C0048,store,control,Value,85.67,35.98,1
T06S06022,6,S06,C0055,store,control,Core,53.62,22.52,0
T06S06023,6,S06,C0062,store,control,Premium,69.42,29.16,0
T06S06024,6,S06,C0069,store,control,Value,93.69,32.79,1
T06S06025,6,S06,C0076,ecommerce,control,Core,84.72,35.58,1
T06S06026,6,S06,C0083,store,control,Premium,83.7,35.15,1
T06S06027,6,S06,C0090,store,control,Value,76.65,32.19,1
T06S06028,6,S06,C0097,store,control,Core,66.01,23.1,0
T06S06029,6,S06,C0104,store,control,Premium,85.9,36.08,1
T06S06030,6,S06,C0111,ecommerce,control,Value,79.7,33.48,1
T06S06031,6,S06,C0118,store,control,Core,77.06,32.37,1
T06S06032,6,S06,C0125,store,control,Premium,103.45,36.21,1
T06S06033,6,S06,C0132,store,control,Value,75.62,31.76,0
T06S06034,6,S06,C0139,store,control,Core,98.07,41.19,1
T06S06035,6,S06,C0146,ecommerce,control,Premium,81.41,34.19,1
T06S06036,6,S06,C0153,store,control,Value,69.53,24.34,0
T06S06037,6,S06,C0160,store,control,Core,59.81,25.12,0
T06S06038,6,S06,C0167,store,control,Premium,97.36,40.89,1
T06S06039,6,S06,C0174,store,control,Value,91.45,38.41,1
T06S06040,6,S06,C0181,ecommerce,control,Core,69.76,24.41,0
T06S06041,6,S06,C0188,store,control,Premium,91.67,38.5,1
T06S06042,6,S06,C0195,store,control,Value,60.5,25.41,0
T06S06043,6,S06,C0002,store,control,Premium,79.73,33.49,1
T06S06044,6,S06,C0009,store,control,Value,60.37,21.13,0
T06S06045,6,S06,C0016,ecommerce,control,Core,93.89,39.44,1
T06S06046,6,S06,C0023,store,control,Premium,109.17,45.85,1
T06S06047,6,S06,C0030,store,control,Value,81.29,34.14,1
T06S06048,6,S06,C0037,store,control,Core,82.46,28.86,1
T06S06049,6,S06,C0044,store,control,Premium,114.86,48.24,1
T06S06050,6,S06,C0051,ecommerce,control,Value,71.62,30.08,0
T06S06051,6,S06,C0058,store,control,Core,61.04,25.64,0
T06S06052,6,S06,C0065,store,control,Premium,74.19,25.97,0
T06S06053,6,S06,C0072,store,control,Value,76.41,32.09,1
T06S06054,6,S06,C0079,store,control,Core,58.05,24.38,0
T06S06055,6,S06,C0086,ecommerce,control,Premium,57.98,24.35,0
T06S06056,6,S06,C0093,store,control,Value,35.92,12.57,0
T06S06057,6,S06,C0100,store,control,Core,78.86,33.12,1
T06S06058,6,S06,C0107,store,control,Premium,72.4,30.41,0
T06S06059,6,S06,C0114,store,control,Value,83.84,35.21,1
T06S06060,6,S06,C0121,ecommerce,control,Core,79.36,27.78,1
T06S06061,6,S06,C0128,store,control,Premium,107.46,45.13,1
T06S06062,6,S06,C0135,store,control,Value,56.82,23.86,0
T06S06063,6,S06,C0142,store,control,Core,99.75,41.9,1
T06S06064,6,S06,C0149,store,control,Premium,99.58,34.85,1
T06S06065,6,S06,C0156,ecommerce,control,Value,86.95,36.52,1
T06S06066,6,S06,C0163,store,control,Core,53.34,22.4,0
T06S06067,6,S06,C0170,store,control,Premium,73.76,30.98,0
T06S06068,6,S06,C0177,store,control,Value,98.05,34.32,1
T06S06069,6,S06,C0184,store,control,Core,53.35,22.41,0
T06S06070,6,S06,C0191,ecommerce,control,Premium,110.64,46.47,1
T06S06071,6,S06,C0198,store,control,Value,82.72,34.74,1
T06S06072,6,S06,C0005,store,control,Premium,70.82,24.79,0
T06S06073,6,S06,C0012,store,control,Value,86.1,36.16,1
T06S06074,6,S06,C0019,store,control,Core,75.49,31.71,0
T06S06075,6,S06,C0026,ecommerce,control,Premium,87.92,36.92,1
T06S06076,6,S06,C0033,store,control,Value,80.45,28.16,1
T06S06077,6,S06,C0040,store,control,Core,38.75,16.27,0
T06S06078,6,S06,C0047,store,control,Premium,89.57,37.62,1
T06S06079,6,S06,C0054,store,control,Value,87.16,36.61,1
T06S06080,6,S06,C0061,ecommerce,control,Core,68.25,23.89,0
T06S06081,6,S06,C0068,store,control,Premium,109.06,45.8,1
T06S06082,6,S06,C0075,store,control,Value,63.89,26.83,0
T06S06083,6,S06,C0082,store,control,Core,56.54,23.75,0
T06S06084,6,S06,C0089,store,control,Premium,50.45,17.66,0
T06S06085,6,S06,C0096,ecommerce,control,Value,49.03,20.59,0
T06S06086,6,S06,C0103,store,control,Core,76.57,32.16,1
T06S06087,6,S06,C0110,store,control,Premium,81.58,34.26,1
T06S06088,6,S06,C0117,store,control,Value,70.71,24.75,0
T06S06089,6,S06,C0124,store,control,Core,78.76,33.08,1
T06S06090,6,S06,C0131,ecommerce,control,Premium,61.73,25.93,0
T06S06091,6,S06,C0138,store,control,Value,74.62,31.34,0
T06S06092,6,S06,C0145,store,control,Core,54.06,18.92,0
T06S06093,6,S06,C0152,store,control,Premium,91.26,38.33,1
T06S06094,6,S06,C0159,store,control,Value,99.44,41.76,1
T06S06095,6,S06,C0166,ecommerce,control,Core,82.04,34.46,1
T06S06096,6,S06,C0173,store,control,Premium,117.62,41.17,1
T06S06097,6,S06,C0180,store,control,Value,89.95,37.78,1
T06S06098,6,S06,C0187,store,control,Core,86.0,36.12,1
T06S06099,6,S06,C0194,store,control,Premium,71.47,30.02,0
T06S06100,6,S06,C0001,ecommerce,control,Core,77.87,27.25,1
T06S06101,6,S06,C0008,store,control,Premium,104.95,44.08,1
T06S06102,6,S06,C0015,store,control,Value,85.79,36.03,1
T06S06103,6,S06,C0022,store,control,Core,84.89,35.65,1
T06S06104,6,S06,C0029,store,control,Premium,99.35,34.77,1
T06S06105,6,S06,C0036,ecommerce,control,Value,55.61,23.35,0
T06S06106,6,S06,C0043,store,control,Core,74.04,31.1,0
T06S06107,6,S06,C0050,store,control,Premium,76.8,32.25,1
T06S06108,6,S06,C0057,store,control,Value,85.18,29.81,1
T06S06109,6,S06,C0064,store,control,Core,112.1,47.08,1
T06S06110,6,S06,C0071,ecommerce,control,Premium,73.33,30.8,0
T06S06111,6,S06,C0078,store,control,Value,59.43,24.96,0
T06S06112,6,S06,C0085,store,control,Core,63.27,22.14,0
T06S06113,6,S06,C0092,store,control,Premium,64.85,27.24,0
T06S06114,6,S06,C0099,store,control,Value,64.18,26.96,0
T06S06115,6,S06,C0106,ecommerce,control,Core,63.95,26.86,0
T06S06116,6,S06,C0113,store,control,Premium,101.68,35.59,1
T06S06117,6,S06,C0120,store,control,Value,58.33,24.5,0
T06S06118,6,S06,C0127,store,control,Core,111.28,46.74,1
T06S06119,6,S06,C0134,store,control,Premium,82.85,34.8,1
T06S06120,6,S06,C0141,ecommerce,control,Value,80.22,28.08,1
T06S06121,6,S06,C0148,store,control,Core,62.09,26.08,0
T06S06122,6,S06,C0155,store,control,Premium,90.13,37.85,1
T06S06123,6,S06,C0162,store,control,Value,79.1,33.22,1
T06S06124,6,S06,C0169,store,control,Core,46.73,16.36,0
T06S06125,6,S06,C0176,ecommerce,control,Premium,85.58,35.95,1
T06S06126,6,S06,C0183,store,control,Value,68.41,28.73,0
T06S06127,6,S06,C0190,store,control,Core,99.32,41.71,1
T06S06128,6,S06,C0197,store,control,Premium,81.19,28.42,1
T06S06129,6,S06,C0004,store,control,Core,68.3,28.69,0
T06S06130,6,S06,C0011,ecommerce,control,Premium,84.42,35.46,1
T06S06131,6,S06,C0018,store,control,Value,72.86,30.6,0
T06S06132,6,S06,C0025,store,control,Core,86.8,30.38,1
T06S06133,6,S06,C0032,store,control,Premium,84.15,35.34,1
T06S06134,6,S06,C0039,store,control,Value,88.39,37.12,1
T06S06135,6,S06,C0046,ecommerce,control,Core,43.98,18.47,0
T06S06136,6,S06,C0053,store,control,Premium,95.4,33.39,1
T06S06137,6,S06,C0060,store,control,Value,67.32,28.28,0
T06S06138,6,S06,C0067,store,control,Core,110.49,46.4,1
T06S06139,6,S06,C0074,store,control,Premium,74.17,31.15,0
T06S06140,6,S06,C0081,ecommerce,control,Value,56.82,19.89,0
T06S06141,6,S06,C0088,store,control,Core,74.8,31.42,0
T06S06142,6,S06,C0095,store,control,Premium,39.59,16.63,0
T06S06143,6,S06,C0102,store,control,Value,51.69,21.71,0
T06S06144,6,S06,C0109,store,control,Core,77.15,27.0,1
T06S06145,6,S06,C0116,ecommerce,control,Premium,71.65,30.09,0
T06S06146,6,S06,C0123,store,control,Value,77.5,32.55,1
T06S06147,6,S06,C0130,store,control,Core,69.36,29.13,0
T06S06148,6,S06,C0137,store,control,Premium,96.62,33.82,1
T06S06149,6,S06,C0144,store,control,Value,79.44,33.36,1
T06S06150,6,S06,C0151,ecommerce,control,Core,96.32,40.46,1
T06S06151,6,S06,C0158,store,control,Premium,95.03,39.91,1
T06S06152,6,S06,C0165,store,control,Value,91.75,32.11,1
T06S06153,6,S06,C0172,store,control,Core,73.7,30.95,0
T06S06154,6,S06,C0179,store,control,Premium,99.21,41.67,1
T06S06155,6,S06,C0186,ecommerce,control,Value,74.05,31.1,0
T06S06156,6,S06,C0193,store,control,Core,47.05,16.47,0
T06S06157,6,S06,C0200,store,control,Premium,73.6,30.91,0
T06S06158,6,S06,C0007,store,control,Core,50.47,21.2,0
T06S06159,6,S06,C0014,store,control,Premium,60.23,25.3,0
T06S07000,6,S07,C0114,ecommerce,treatment,Value,88.43,30.95,1
T06S07001,6,S07,C0121,store,treatment,Core,96.87,40.68,1
T06S07002,6,S07,C0128,store,treatment,Premium,116.56,48.96,1
T06S07003,6,S07,C0135,store,treatment,Value,78.1,32.8,1
T06S07004,6,S07,C0142,store,treatment,Core,125.63,43.97,1
T06S07005,6,S07,C0149,ecommerce,treatment,Premium,96.17,40.39,1
T06S07006,6,S07,C0156,store,treatment,Value,87.95,36.94,1
T06S07007,6,S07,C0163,store,treatment,Core,82.05,34.46,1
T06S07008,6,S07,C0170,store,treatment,Premium,131.73,46.1,1
T06S07009,6,S07,C0177,store,treatment,Value,79.89,33.56,1
T06S07010,6,S07,C0184,ecommerce,treatment,Core,91.39,38.38,1
T06S07011,6,S07,C0191,store,treatment,Premium,143.89,60.43,1
T06S07012,6,S07,C0198,store,treatment,Value,85.67,29.98,1
T06S07013,6,S07,C0005,store,treatment,Premium,126.85,53.28,1
T06S07014,6,S07,C0012,store,treatment,Value,87.97,36.95,1
T06S07015,6,S07,C0019,ecommerce,treatment,Core,116.25,48.82,1
T06S07016,6,S07,C0026,store,treatment,Premium,79.26,27.74,1
T06S07017,6,S07,C0033,store,treatment,Value,88.75,37.28,1
T06S07018,6,S07,C0040,store,treatment,Core,127.09,53.38,1
T06S07019,6,S07,C0047,store,treatment,Premium,90.51,38.01,1
T06S07020,6,S07,C0054,ecommerce,treatment,Value,78.21,27.37,1
T06S07021,6,S07,C0061,store,treatment,Core,99.73,41.89,1
T06S07022,6,S07,C0068,store,treatment,Premium,102.74,43.15,1
T06S07023,6,S07,C0075,store,treatment,Value,82.6,34.69,1
T06S07024,6,S07,C0082,store,treatment,Core,64.15,22.45,0
T06S07025,6,S07,C0089,ecommerce,treatment,Premium,107.52,45.16,1
T06S07026,6,S07,C0096,store,treatment,Value,76.35,32.07,1
T06S07027,6,S07,C0103,store,treatment,Core,84.82,35.63,1
T06S07028,6,S07,C0110,store,treatment,Premium,109.43,38.3,1
T06S07029,6,S07,C0117,store,treatment,Value,105.66,44.38,1
T06S07030,6,S07,C0124,ecommerce,treatment,Core,114.71,48.18,1
T06S07031,6,S07,C0131,store,treatment,Premium,89.42,37.55,1
T06S07032,6,S07,C0138,store,treatment,Value,68.01,23.8,0
T06S07033,6,S07,C0145,store,treatment,Core,84.2,35.36,1
T06S07034,6,S07,C0152,store,treatment,Premium,122.33,51.38,1
T06S07035,6,S07,C0159,ecommerce,treatment,Value,104.39,43.84,1
T06S07036,6,S07,C0166,store,treatment,Core,111.99,39.2,1
T06S07037,6,S07,C0173,store,treatment,Premium,115.63,48.56,1
T06S07038,6,S07,C0180,store,treatment,Value,103.48,43.46,1
T06S07039,6,S07,C0187,store,treatment,Core,133.17,55.93,1
T06S07040,6,S07,C0194,ecommerce,treatment,Premium,125.76,44.02,1
T06S07041,6,S07,C0001,store,treatment,Core,88.25,37.06,1
T06S07042,6,S07,C0008,store,treatment,Premium,124.43,52.26,1
T06S07043,6,S07,C0015,store,treatment,Value,61.91,26.0,0
T06S07044,6,S07,C0022,store,treatment,Core,71.07,24.87,0
T06S07045,6,S07,C0029,ecommerce,treatment,Premium,79.88,33.55,1
T06S07046,6,S07,C0036,store,treatment,Value,96.57,40.56,1
T06S07047,6,S07,C0043,store,treatment,Core,109.49,45.99,1
T06S07048,6,S07,C0050,store,treatment,Premium,88.54,30.99,1
T06S07049,6,S07,C0057,store,treatment,Value,113.98,47.87,1
T06S07050,6,S07,C0064,ecommerce,treatment,Core,94.24,39.58,1
T06S07051,6,S07,C0071,store,treatment,Premium,117.59,49.39,1
T06S07052,6,S07,C0078,store,treatment,Value,100.8,35.28,1
T06S07053,6,S07,C0085,store,treatment,Core,100.85,42.36,1
T06S07054,6,S07,C0092,store,treatment,Premium,119.76,50.3,1
T06S07055,6,S07,C0099,ecommerce,treatment,Value,97.82,41.08,1
T06S07056,6,S07,C0106,store,treatment,Core,115.77,40.52,1
T06S07057,6,S07,C0113,store,treatment,Premium,96.15,40.38,1
T06S07058,6,S07,C0120,store,treatment,Value,90.0,37.8,1
T06S07059,6,S07,C0127,store,treatment,Core,104.89,44.05,1
T06S07060,6,S07,C0134,ecommerce,treatment,Premium,120.1,42.04,1
T06S07061,6,S07,C0141,store,treatment,Value,75.07,31.53,0
T06S07062,6,S07,C0148,store,treatment,Core,87.43,36.72,1
T06S07063,6,S07,C0155,store,treatment,Premium,126.56,53.15,1
T06S07064,6,S07,C0162,store,treatment,Value,88.51,30.98,1
T06S07065,6,S07,C0169,ecommerce,treatment,Core,101.98,42.83,1
T06S07066,6,S07,C0176,store,treatment,Premium,110.39,46.36,1
T06S07067,6,S07,C0183,store,treatment,Value,133.65,56.13,1
T06S07068,6,S07,C0190,store,treatment,Core,86.0,30.1,1
T06S07069,6,S07,C0197,store,treatment,Premium,108.56,45.6,1
T06S07070,6,S07,C0004,ecommerce,treatment,Core,109.64,46.05,1
T06S07071,6,S07,C0011,store,treatment,Premium,100.93,42.39,1
T06S07072,6,S07,C0018,store,treatment,Value,74.44,26.05,0
T06S07073,6,S07,C0025,store,treatment,Core,118.21,49.65,1
T06S07074,6,S07,C0032,store,treatment,Premium,137.11,57.59,1
T06S07075,6,S07,C0039,ecommerce,treatment,Value,68.68,28.85,0
T06S07076,6,S07,C0046,store,treatment,Core,111.32,38.96,1
T06S07077,6,S07,C0053,store,treatment,Premium,110.39,46.36,1
T06S07078,6,S07,C0060,store,treatment,Value,87.93,36.93,1
T06S07079,6,S07,C0067,store,treatment,Core,85.02,35.71,1
T06S07080,6,S07,C0074,ecommerce,treatment,Premium,108.65,38.03,1
T06S07081,6,S07,C0081,store,treatment,Value,105.9,44.48,1
T06S07082,6,S07,C0088,store,treatment,Core,129.69,54.47,1
T06S07083,6,S07,C0095,store,treatment,Premium,113.07,47.49,1
T06S07084,6,S07,C0102,store,treatment,Value,86.29,30.2,1
T06S07085,6,S07,C0109,ecommerce,treatment,Core,96.43,40.5,1
T06S07086,6,S07,C0116,store,treatment,Premium,128.11,53.81,1
T06S07087,6,S07,C0123,store,treatment,Value,74.48,31.28,0
T06S07088,6,S07,C0130,store,treatment,Core,88.6,31.01,1
T06S07089,6,S07,C0137,store,treatment,Premium,131.42,55.2,1
T06S07090,6,S07,C0144,ecommerce,treatment,Value,100.15,42.06,1
T06S07091,6,S07,C0151,store,treatment,Core,84.82,35.63,1
T06S07092,6,S07,C0158,store,treatment,Premium,119.54,41.84,1
T06S07093,6,S07,C0165,store,treatment,Value,97.8,41.08,1
T06S07094,6,S07,C0172,store,treatment,Core,76.03,31.93,1
T06S07095,6,S07,C0179,ecommerce,treatment,Premium,133.39,56.02,1
T06S07096,6,S07,C0186,store,treatment,Value,102.2,35.77,1
T06S07097,6,S07,C0193,store,treatment,Core,89.68,37.67,1
T06S07098,6,S07,C0200,store,treatment,Premium,93.33,39.2,1
T06S07099,6,S07,C0007,store,treatment,Core,116.05,48.74,1
T06S07100,6,S07,C0014,ecommerce,treatment,Premium,140.43,49.15,1
T06S07101,6,S07,C0021,store,treatment,Value,77.23,32.44,1
T06S07102,6,S07,C0028,store,treatment,Core,93.98,39.47,1
T06S07103,6,S07,C0035,store,treatment,Premium,72.44,30.43,0
T06S07104,6,S07,C0042,store,treatment,Value,104.18,36.46,1
T06S07105,6,S07,C0049,ecommerce,treatment,Core,90.85,38.16,1
T06S07106,6,S07,C0056,store,treatment,Premium,109.47,45.98,1
T06S07107,6,S07,C0063,store,treatment,Value,102.07,42.87,1
T06S07108,6,S07,C0070,store,treatment,Core,83.25,29.14,1
T06S07109,6,S07,C0077,store,treatment,Premium,90.31,37.93,1
T06S07110,6,S07,C0084,ecommerce,treatment,Value,100.84,42.35,1
T06S07111,6,S07,C0091,store,treatment,Core,98.38,41.32,1
T06S07112,6,S07,C0098,store,treatment,Premium,93.96,32.88,1
T06S07113,6,S07,C0105,store,treatment,Value,107.17,45.01,1
T06S07114,6,S07,C0112,store,treatment,Core,86.72,36.42,1
T06S07115,6,S07,C0119,ecommerce,treatment,Premium,80.27,33.71,1
T06S07116,6,S07,C0126,store,treatment,Value,87.32,30.56,1
T06S07117,6,S07,C0133,store,treatment,Core,84.06,35.3,1
T06S07118,6,S07,C0140,store,treatment,Premium,51.44,21.6,0
T06S07119,6,S07,C0147,store,treatment,Value,117.38,49.3,1
T06S07120,6,S07,C0154,ecommerce,treatment,Core,93.09,32.58,1
T06S07121,6,S07,C0161,store,treatment,Premium,136.97,57.53,1
T06S07122,6,S07,C0168,store,treatment,Value,79.21,33.27,1
T06S07123,6,S07,C0175,store,treatment,Core,99.82,41.92,1
T06S07124,6,S07,C0182,store,treatment,Premium,113.13,39.59,1
T06S07125,6,S07,C0189,ecommerce,treatment,Value,98.12,41.21,1
T06S07126,6,S07,C0196,store,treatment,Core,86.97,36.53,1
T06S07127,6,S07,C0003,store,treatment,Value,89.57,37.62,1
T06S07128,6,S07,C0010,store,treatment,Core,114.7,40.15,1
T06S07129,6,S07,C0017,store,treatment,Premium,140.83,59.15,1
T06S07130,6,S07,C0024,ecommerce,treatment,Value,90.5,38.01,1
T06S07131,6,S07,C0031,store,treatment,Core,89.85,37.74,1
T06S07132,6,S07,C0038,store,treatment,Premium,82.79,28.98,1
T06S07133,6,S07,C0045,store,treatment,Value,86.52,36.34,1
T06S07134,6,S07,C0052,store,treatment,Core,90.3,37.93,1
T06S07135,6,S07,C0059,ecommerce,treatment,Premium,121.23,50.92,1
T06S07136,6,S07,C0066,store,treatment,Value,86.27,30.19,1
T06S07137,6,S07,C0073,store,treatment,Core,79.79,33.51,1
T06S07138,6,S07,C0080,store,treatment,Premium,95.39,40.06,1
T06S07139,6,S07,C0087,store,treatment,Value,112.2,47.13,1
T06S07140,6,S07,C0094,ecommerce,treatment,Core,126.33,44.21,1
T06S07141,6,S07,C0101,store,treatment,Premium,51.53,21.64,0
T06S07142,6,S07,C0108,store,treatment,Value,73.02,30.67,0
T06S07143,6,S07,C0115,store,treatment,Core,113.89,47.83,1
T06S07144,6,S07,C0122,store,treatment,Premium,96.58,33.8,1
T06S07145,6,S07,C0129,ecommerce,treatment,Value,111.14,46.68,1
T06S07146,6,S07,C0136,store,treatment,Core,138.09,58.0,1
T06S07147,6,S07,C0143,store,treatment,Premium,114.8,48.22,1
T06S07148,6,S07,C0150,store,treatment,Value,99.02,34.66,1
T06S07149,6,S07,C0157,store,treatment,Core,114.98,48.29,1
T06S07150,6,S07,C0164,ecommerce,treatment,Premium,123.86,52.02,1
T06S07151,6,S07,C0171,store,treatment,Value,97.4,40.91,1
T06S07152,6,S07,C0178,store,treatment,Core,124.94,43.73,1
T06S07153,6,S07,C0185,store,treatment,Premium,106.25,44.62,1
T06S07154,6,S07,C0192,store,treatment,Value,66.23,27.82,0
T06S07155,6,S07,C0199,ecommerce,treatment,Core,83.0,34.86,1
T06S07156,6,S07,C0006,store,treatment,Value,92.06,32.22,1
T06S07157,6,S07,C0013,store,treatment,Core,90.14,37.86,1
T06S07158,6,S07,C0020,store,treatment,Premium,125.09,52.54,1
T06S07159,6,S07,C0027,store,treatment,Value,47.08,19.77,0
T06S08000,6,S08,C0127,ecommerce,control,Core,89.73,31.41,1
T06S08001,6,S08,C0134,store,control,Premium,98.28,41.28,1
T06S08002,6,S08,C0141,store,control,Value,99.31,41.71,1
T06S08003,6,S08,C0148,store,control,Core,91.98,38.63,1
T06S08004,6,S08,C0155,store,control,Premium,93.48,32.72,1
T06S08005,6,S08,C0162,ecommerce,control,Value,85.74,36.01,1
T06S08006,6,S08,C0169,store,control,Core,65.73,27.61,0
T06S08007,6,S08,C0176,store,control,Premium,124.5,52.29,1
T06S08008,6,S08,C0183,store,control,Value,66.05,23.12,0
T06S08009,6,S08,C0190,store,control,Core,100.18,42.08,1
T06S08010,6,S08,C0197,ecommerce,control,Premium,99.12,41.63,1
T06S08011,6,S08,C0004,store,control,Core,82.25,34.55,1
T06S08012,6,S08,C0011,store,control,Premium,100.01,35.0,1
T06S08013,6,S08,C0018,store,control,Value,100.39,42.16,1
T06S08014,6,S08,C0025,store,control,Core,48.66,20.44,0
T06S08015,6,S08,C0032,ecommerce,control,Premium,114.66,48.16,1
T06S08016,6,S08,C0039,store,control,Value,66.38,23.23,0
T06S08017,6,S08,C0046,store,control,Core,74.87,31.44,0
T06S08018,6,S08,C0053,store,control,Premium,92.68,38.93,1
T06S08019,6,S08,C0060,store,control,Value,77.05,32.36,1
T06S08020,6,S08,C0067,ecommerce,control,Core,85.18,29.81,1
T06S08021,6,S08,C0074,store,control,Premium,99.74,41.89,1
T06S08022,6,S08,C0081,store,control,Value,95.03,39.91,1
T06S08023,6,S08,C0088,store,control,Core,101.34,42.56,1
T06S08024,6,S08,C0095,store,control,Premium,67.95,23.78,0
T06S08025,6,S08,C0102,ecommerce,control,Value,106.64,44.79,1
T06S08026,6,S08,C0109,store,control,Core,83.33,35.0,1
T06S08027,6,S08,C0116,store,control,Premium,120.98,50.81,1
T06S08028,6,S08,C0123,store,control,Value,76.26,26.69,1
T06S08029,6,S08,C0130,store,control,Core,59.67,25.06,0
T06S08030,6,S08,C0137,ecommerce,control,Premium,97.55,40.97,1
T06S08031,6,S08,C0144,store,control,Value,68.3,28.69,0
T06S08032,6,S08,C0151,store,control,Core,58.29,20.4,0
T06S08033,6,S08,C0158,store,control,Premium,122.35,51.39,1
T06S08034,6,S08,C0165,store,control,Value,50.48,21.2,0
T06S08035,6,S08,C0172,ecommerce,control,Core,83.61,35.11,1
T06S08036,6,S08,C0179,store,control,Premium,120.67,42.23,1
T06S08037,6,S08,C0186,store,control,Value,74.82,31.42,0
T06S08038,6,S08,C0193,store,control,Core,96.61,40.58,1
T06S08039,6,S08,C0200,store,control,Premium,99.54,41.81,1
T06S08040,6,S08,C0007,ecommerce,control,Core,47.43,16.6,0
T06S08041,6,S08,C0014,store,control,Premium,93.51,39.27,1
T06S08042,6,S08,C0021,store,control,Value,53.37,22.42,0
T06S08043,6,S08,C0028,store,control,Core,80.54,33.83,1
T06S08044,6,S08,C0035,store,control,Premium,104.99,36.75,1
T06S08045,6,S08,C0042,ecommerce,control,Value,78.08,32.79,1
T06S08046,6,S08,C0049,store,control,Core,70.69,29.69,0
T06S08047,6,S08,C0056,store,control,Premium,95.31,40.03,1
T06S08048,6,S08,C0063,store,control,Value,87.95,30.78,1
T06S08049,6,S08,C0070,store,control,Core,47.94,20.14,0
T06S08050,6,S08,C0077,ecommerce,control,Premium,75.61,31.76,0
T06S08051,6,S08,C0084,store,control,Value,103.76,43.58,1
T06S08052,6,S08,C0091,store,control,Core,75.23,26.33,0
T06S08053,6,S08,C0098,store,control,Premium,67.95,28.54,0
T06S08054,6,S08,C0105,store,control,Value,73.14,30.72,0
T06S08055,6,S08,C0112,ecommerce,control,Core,69.09,29.02,0
T06S08056,6,S08,C0119,store,control,Premium,95.58,33.45,1
T06S08057,6,S08,C0126,store,control,Value,93.83,39.41,1
T06S08058,6,S08,C0133,store,control,Core,77.04,32.36,1
T06S08059,6,S08,C0140,store,control,Premium,74.88,31.45,0
T06S08060,6,S08,C0147,ecommerce,control,Value,82.63,28.92,1
T06S08061,6,S08,C0154,store,control,Core,119.53,50.2,1
T06S08062,6,S08,C0161,store,control,Premium,105.18,44.18,1
T06S08063,6,S08,C0168,store,control,Value,77.87,32.7,1
T06S08064,6,S08,C0175,store,control,Core,59.58,20.85,0
T06S08065,6,S08,C0182,ecommerce,control,Premium,131.15,55.08,1
T06S08066,6,S08,C0189,store,control,Value,96.0,40.32,1
T06S08067,6,S08,C0196,store,control,Core,81.88,34.39,1
T06S08068,6,S08,C0003,store,control,Value,77.98,27.29,1
T06S08069,6,S08,C0010,store,control,Core,100.57,42.24,1
T06S08070,6,S08,C0017,ecommerce,control,Premium,97.43,40.92,1
T06S08071,6,S08,C0024,store,control,Value,66.72,28.02,0
T06S08072,6,S08,C0031,store,control,Core,68.93,24.12,0
T06S08073,6,S08,C0038,store,control,Premium,75.54,31.73,0
T06S08074,6,S08,C0045,store,control,Value,94.06,39.51,1
T06S08075,6,S08,C0052,ecommerce,control,Core,72.38,30.4,0
T06S08076,6,S08,C0059,store,control,Premium,85.72,30.0,1
T06S08077,6,S08,C0066,store,control,Value,123.73,51.97,1
T06S08078,6,S08,C0073,store,control,Core,93.79,39.39,1
T06S08079,6,S08,C0080,store,control,Premium,78.03,32.77,1
T06S08080,6,S08,C0087,ecommerce,control,Value,84.29,29.5,1
T06S08081,6,S08,C0094,store,control,Core,77.36,32.49,1
T06S08082,6,S08,C0101,store,control,Premium,119.51,50.2,1
T06S08083,6,S08,C0108,store,control,Value,103.45,43.45,1
T06S08084,6,S08,C0115,store,control,Core,98.82,34.59,1
T06S08085,6,S08,C0122,ecommerce,control,Premium,62.16,26.11,0
T06S08086,6,S08,C0129,store,control,Value,86.07,36.15,1
T06S08087,6,S08,C0136,store,control,Core,42.58,17.89,0
T06S08088,6,S08,C0143,store,control,Premium,95.43,33.4,1
T06S08089,6,S08,C0150,store,control,Value,101.2,42.5,1
T06S08090,6,S08,C0157,ecommerce,control,Core,64.13,26.94,0
T06S08091,6,S08,C0164,store,control,Premium,100.52,42.22,1
T06S08092,6,S08,C0171,store,control,Value,101.86,35.65,1
T06S08093,6,S08,C0178,store,control,Core,67.77,28.46,0
T06S08094,6,S08,C0185,store,control,Premium,98.88,41.53,1
T06S08095,6,S08,C0192,ecommerce,control,Value,74.05,31.1,0
T06S08096,6,S08,C0199,store,control,Core,99.5,34.82,1
T06S08097,6,S08,C0006,store,control,Value,58.21,24.45,0
T06S08098,6,S08,C0013,store,control,Core,62.97,26.45,0
T06S08099,6,S08,C0020,store,control,Premium,93.01,39.07,1
T06S08100,6,S08,C0027,ecommerce,control,Value,74.76,26.16,0
T06S08101,6,S08,C0034,store,control,Core,51.52,21.64,0
T06S08102,6,S08,C0041,store,control,Premium,121.94,51.22,1
T06S08103,6,S08,C0048,store,control,Value,72.87,30.6,0
T06S08104,6,S08,C0055,store,control,Core,43.08,15.08,0
T06S08105,6,S08,C0062,ecommerce,control,Premium,88.99,37.38,1
T06S08106,6,S08,C0069,store,control,Value,88.65,37.23,1
T06S08107,6,S08,C0076,store,control,Core,92.62,38.9,1
T06S08108,6,S08,C0083,store,control,Premium,84.35,29.52,1
T06S08109,6,S08,C0090,store,control,Value,69.25,29.09,0
T06S08110,6,S08,C0097,ecommerce,control,Core,89.97,37.79,1
T06S08111,6,S08,C0104,store,control,Premium,77.76,32.66,1
T06S08112,6,S08,C0111,store,control,Value,79.37,27.78,1
T06S08113,6,S08,C0118,store,control,Core,83.41,35.03,1
T06S08114,6,S08,C0125,store,control,Premium,88.14,37.02,1
T06S08115,6,S08,C0132,ecommerce,control,Value,39.08,16.41,0
T06S08116,6,S08,C0139,store,control,Core,81.41,28.49,1
T06S08117,6,S08,C0146,store,control,Premium,99.24,41.68,1
T06S08118,6,S08,C0153,store,control,Value,58.26,24.47,0
T06S08119,6,S08,C0160,store,control,Core,97.93,41.13,1
T06S08120,6,S08,C0167,ecommerce,control,Premium,81.9,28.67,1
T06S08121,6,S08,C0174,store,control,Value,85.56,35.94,1
T06S08122,6,S08,C0181,store,control,Core,86.81,36.46,1
T06S08123,6,S08,C0188,store,control,Premium,74.01,31.09,0
T06S08124,6,S08,C0195,store,control,Value,87.7,30.69,1
T06S08125,6,S08,C0002,ecommerce,control,Premium,85.91,36.08,1
T06S08126,6,S08,C0009,store,control,Value,116.4,48.89,1
T06S08127,6,S08,C0016,store,control,Core,87.8,36.88,1
T06S08128,6,S08,C0023,store,control,Premium,110.17,38.56,1
T06S08129,6,S08,C0030,store,control,Value,76.38,32.08,1
T06S08130,6,S08,C0037,ecommerce,control,Core,86.31,36.25,1
T06S08131,6,S08,C0044,store,control,Premium,98.85,41.52,1
T06S08132,6,S08,C0051,store,control,Value,69.31,24.26,0
T06S08133,6,S08,C0058,store,control,Core,64.05,26.9,0
T06S08134,6,S08,C0065,store,control,Premium,120.33,50.54,1
T06S08135,6,S08,C0072,ecommerce,control,Value,70.29,29.52,0
T06S08136,6,S08,C0079,store,control,Core,81.46,28.51,1
T06S08137,6,S08,C0086,store,control,Premium,101.51,42.63,1
T06S08138,6,S08,C0093,store,control,Value,69.72,29.28,0
T06S08139,6,S08,C0100,store,control,Core,95.75,40.21,1
T06S08140,6,S08,C0107,ecommerce,control,Premium,107.9,37.76,1
T06S08141,6,S08,C0114,store,control,Value,52.88,22.21,0
T06S08142,6,S08,C0121,store,control,Core,116.93,49.11,1
T06S08143,6,S08,C0128,store,control,Premium,106.26,44.63,1
T06S08144,6,S08,C0135,store,control,Value,80.2,28.07,1
T06S08145,6,S08,C0142,ecommerce,control,Core,55.99,23.52,0
T06S08146,6,S08,C0149,store,control,Premium,128.26,53.87,1
T06S08147,6,S08,C0156,store,control,Value,51.42,21.6,0
T06S08148,6,S08,C0163,store,control,Core,72.37,25.33,0
T06S08149,6,S08,C0170,store,control,Premium,90.89,38.17,1
T06S08150,6,S08,C0177,ecommerce,control,Value,71.99,30.23,0
T06S08151,6,S08,C0184,store,control,Core,77.27,32.45,1
T06S08152,6,S08,C0191,store,control,Premium,89.95,31.48,1
T06S08153,6,S08,C0198,store,control,Value,49.05,20.6,0
T06S08154,6,S08,C0005,store,control,Premium,84.61,35.54,1
T06S08155,6,S08,C0012,ecommerce,control,Value,89.66,37.66,1
T06S08156,6,S08,C0019,store,control,Core,68.32,23.91,0
T06S08157,6,S08,C0026,store,control,Premium,59.71,25.08,0
T06S08158,6,S08,C0033,store,control,Value,62.75,26.35,0
T06S08159,6,S08,C0040,store,control,Core,92.48,38.84,1
T07S01000,7,S01,C0073,ecommerce,treatment,Core,95.58,33.45,1
T07S01001,7,S01,C0080,store,treatment,Premium,129.16,54.25,1
T07S01002,7,S01,C0087,store,treatment,Value,53.77,22.58,0
T07S01003,7,S01,C0094,store,treatment,Core,97.36,40.89,1
T07S01004,7,S01,C0101,store,treatment,Premium,124.41,43.54,1
T07S01005,7,S01,C0108,ecommerce,treatment,Value,98.06,41.18,1
T07S01006,7,S01,C0115,store,treatment,Core,123.56,51.9,1
T07S01007,7,S01,C0122,store,treatment,Premium,86.81,36.46,1
T07S01008,7,S01,C0129,store,treatment,Value,119.58,41.85,1
T07S01009,7,S01,C0136,store,treatment,Core,81.24,34.12,1
T07S01010,7,S01,C0143,ecommerce,treatment,Premium,79.2,33.27,1
T07S01011,7,S01,C0150,store,treatment,Value,91.1,38.26,1
T07S01012,7,S01,C0157,store,treatment,Core,88.27,30.9,1
T07S01013,7,S01,C0164,store,treatment,Premium,102.7,43.14,1
T07S01014,7,S01,C0171,store,treatment,Value,81.24,34.12,1
T07S01015,7,S01,C0178,ecommerce,treatment,Core,82.74,34.75,1
T07S01016,7,S01,C0185,store,treatment,Premium,91.11,31.89,1
T07S01017,7,S01,C0192,store,treatment,Value,82.92,34.83,1
T07S01018,7,S01,C0199,store,treatment,Core,94.81,39.82,1
T07S01019,7,S01,C0006,store,treatment,Value,68.34,28.7,0
T07S01020,7,S01,C0013,ecommerce,treatment,Core,109.61,38.36,1
T07S01021,7,S01,C0020,store,treatment,Premium,124.12,52.13,1
T07S01022,7,S01,C0027,store,treatment,Value,78.75,33.07,1
T07S01023,7,S01,C0034,store,treatment,Core,107.83,45.29,1
T07S01024,7,S01,C0041,store,treatment,Premium,117.71,41.2,1
T07S01025,7,S01,C0048,ecommerce,treatment,Value,110.28,46.32,1
T07S01026,7,S01,C0055,store,treatment,Core,114.44,48.07,1
T07S01027,7,S01,C0062,store,treatment,Premium,109.58,46.03,1
T07S01028,7,S01,C0069,store,treatment,Value,82.2,28.77,1
T07S01029,7,S01,C0076,store,treatment,Core,124.7,52.38,1
T07S01030,7,S01,C0083,ecommerce,treatment,Premium,118.75,49.88,1
T07S01031,7,S01,C0090,store,treatment,Value,72.47,30.44,0
T07S01032,7,S01,C0097,store,treatment,Core,100.44,35.15,1
T07S01033,7,S01,C0104,store,treatment,Premium,90.16,37.87,1
T07S01034,7,S01,C0111,store,treatment,Value,73.57,30.9,0
T07S01035,7,S01,C0118,ecommerce,treatment,Core,96.1,40.36,1
T07S01036,7,S01,C0125,store,treatment,Premium,77.72,27.2,1
T07S01037,7,S01,C0132,store,treatment,Value,59.9,25.16,0
T07S01038,7,S01,C0139,store,treatment,Core,76.23,32.01,1
T07S01039,7,S01,C0146,store,treatment,Premium,83.06,34.89,1
T07S01040,7,S01,C0153,ecommerce,treatment,Value,84.96,29.74,1
T07S01041,7,S01,C0160,store,treatment,Core,102.81,43.18,1
T07S01042,7,S01,C0167,store,treatment,Premium,106.6,44.77,1
T07S01043,7,S01,C0174,store,treatment,Value,108.21,45.45,1
T07S01044,7,S01,C0181,store,treatment,Core,77.99,27.3,1
T07S01045,7,S01,C0188,ecommerce,treatment,Premium,121.42,51.0,1
T07S01046,7,S01,C0195,store,treatment,Value,111.48,46.82,1
T07S01047,7,S01,C0002,store,treatment,Premium,69.66,29.26,0
T07S01048,7,S01,C0009,store,treatment,Value,113.08,39.58,1
T07S01049,7,S01,C0016,store,treatment,Core,88.31,37.09,1
T07S01050,7,S01,C0023,ecommerce,treatment,Premium,83.6,35.11,1
T07S01051,7,S01,C0030,store,treatment,Value,93.22,39.15,1
T07S01052,7,S01,C0037,store,treatment,Core,103.3,36.16,1
T07S01053,7,S01,C0044,store,treatment,Premium,103.72,43.56,1
T07S01054,7,S01,C0051,store,treatment,Value,83.92,35.25,1
T07S01055,7,S01,C0058,ecommerce,treatment,Core,67.49,28.34,0
T07S01056,7,S01,C0065,store,treatment,Premium,109.8,38.43,1
T07S01057,7,S01,C0072,store,treatment,Value,109.15,45.84,1
T07S01058,7,S01,C0079,store,treatment,Core,50.85,21.35,0
T07S01059,7,S01,C0086,store,treatment,Premium,107.47,45.14,1
T07S01060,7,S01,C0093,ecommerce,treatment,Value,88.06,30.82,1
T07S01061,7,S01,C0100,store,treatment,Core,59.95,25.18,0
T07S01062,7,S01,C0107,store,treatment,Premium,104.41,43.85,1
T07S01063,7,S01,C0114,store,treatment,Value,70.72,29.7,0
T07S01064,7,S01,C0121,store,treatment,Core,110.46,38.66,1
T07S01065,7,S01,C0128,ecommerce,treatment,Premium,124.72,52.38,1
T07S01066,7,S01,C0135,store,treatment,Value,82.49,34.65,1
T07S01067,7,S01,C0142,store,treatment,Core,83.87,35.23,1
T07S01068,7,S01,C0149,store,treatment,Premium,97.16,34.01,1
T07S01069,7,S01,C0156,store,treatment,Value,99.65,41.85,1
T07S01070,7,S01,C0163,ecommerce,treatment,Core,99.65,41.85,1
T07S01071,7,S01,C0170,store,treatment,Premium,97.35,40.89,1
T07S01072,7,S01,C0177,store,treatment,Value,83.84,29.34,1
T07S01073,7,S01,C0184,store,treatment,Core,83.26,34.97,1
T07S01074,7,S01,C0191,store,treatment,Premium,117.27,49.25,1
T07S01075,7,S01,C0198,ecommerce,treatment,Value,78.37,32.91,1
T07S01076,7,S01,C0005,store,treatment,Premium,99.86,34.95,1
T07S01077,7,S01,C0012,store,treatment,Value,75.26,31.61,0
T07S01078,7,S01,C0019,store,treatment,Core,99.23,41.68,1
T07S01079,7,S01,C0026,store,treatment,Premium,121.48,51.02,1
T07S01080,7,S01,C0033,ecommerce,treatment,Value,102.56,35.89,1
T07S01081,7,S01,C0040,store,treatment,Core,123.56,51.9,1
T07S01082,7,S01,C0047,store,treatment,Premium,114.47,48.08,1
T07S01083,7,S01,C0054,store,treatment,Value,112.49,47.24,1
T07S01084,7,S01,C0061,store,treatment,Core,64.49,22.57,0
T07S01085,7,S01,C0068,ecommerce,treatment,Premium,143.29,60.18,1
T07S01086,7,S01,C0075,store,treatment,Value,86.71,36.42,1
T07S01087,7,S01,C0082,store,treatment,Core,103.14,43.32,1
T07S01088,7,S01,C0089,store,treatment,Premium,98.12,34.34,1
T07S01089,7,S01,C0096,store,treatment,Value,59.47,24.98,0
T07S01090,7,S01,C0103,ecommerce,treatment,Core,127.05,53.36,1
T07S01091,7,S01,C0110,store,treatment,Premium,127.74,53.65,1
T07S01092,7,S01,C0117,store,treatment,Value,121.42,42.5,1
T07S01093,7,S01,C0124,store,treatment,Core,96.09,40.36,1
T07S01094,7,S01,C0131,store,treatment,Premium,123.23,51.76,1
T07S01095,7,S01,C0138,ecommerce,treatment,Value,88.81,37.3,1
T07S01096,7,S01,C0145,store,treatment,Core,79.81,27.93,1
T07S01097,7,S01,C0152,store,treatment,Premium,109.13,45.83,1
T07S01098,7,S01,C0159,store,treatment,Value,104.93,44.07,1
T07S01099,7,S01,C0166,store,treatment,Core,95.53,40.12,1
T07S01100,7,S01,C0173,ecommerce,treatment,Premium,124.93,43.73,1
T07S01101,7,S01,C0180,store,treatment,Value,70.4,29.57,0
T07S01102,7,S01,C0187,store,treatment,Core,65.3,27.43,0
T07S01103,7,S01,C0194,store,treatment,Premium,106.71,44.82,1
T07S01104,7,S01,C0001,store,treatment,Core,119.65,41.88,1
T07S01105,7,S01,C0008,ecommerce,treatment,Premium,73.28,30.78,0
T07S01106,7,S01,C0015,store,treatment,Value,127.26,53.45,1
T07S01107,7,S01,C0022,store,treatment,Core,131.73,55.33,1
T07S01108,7,S01,C0029,store,treatment,Premium,67.39,23.59,0
T07S01109,7,S01,C0036,store,treatment,Value,98.06,41.19,1
T07S01110,7,S01,C0043,ecommerce,treatment,Core,93.58,39.3,1
T07S01111,7,S01,C0050,store,treatment,Premium,100.38,42.16,1
T07S01112,7,S01,C0057,store,treatment,Value,102.43,35.85,1
T07S01113,7,S01,C0064,store,treatment,Core,87.85,36.9,1
T07S01114,7,S01,C0071,store,treatment,Premium,116.41,48.89,1
T07S01115,7,S01,C0078,ecommerce,treatment,Value,79.01,33.18,1
T07S01116,7,S01,C0085,store,treatment,Core,69.55,24.34,0
T07S01117,7,S01,C0092,store,treatment,Premium,139.11,58.43,1
T07S01118,7,S01,C0099,store,treatment,Value,80.12,33.65,1
T07S01119,7,S01,C0106,store,treatment,Core,91.61,38.48,1
T07S01120,7,S01,C0113,ecommerce,treatment,Premium,114.85,40.2,1
T07S01121,7,S01,C0120,store,treatment,Value,74.74,31.39,0
T07S01122,7,S01,C0127,store,treatment,Core,104.09,43.72,1
T07S01123,7,S01,C0134,store,treatment,Premium,124.65,52.35,1
T07S01124,7,S01,C0141,store,treatment,Value,89.35,31.27,1
T07S01125,7,S01,C0148,ecommerce,treatment,Core,83.99,35.28,1
T07S01126,7,S01,C0155,store,treatment,Premium,123.39,51.83,1
T07S01127,7,S01,C0162,store,treatment,Value,125.47,52.7,1
T07S01128,7,S01,C0169,store,treatment,Core,80.18,28.06,1
T07S01129,7,S01,C0176,store,treatment,Premium,100.33,42.14,1
T07S01130,7,S01,C0183,ecommerce,treatment,Value,46.48,19.52,0
T07S01131,7,S01,C0190,store,treatment,Core,98.87,41.52,1
T07S01132,7,S01,C0197,store,treatment,Premium,118.64,41.52,1
T07S01133,7,S01,C0004,store,treatment,Core,81.05,34.04,1
T07S01134,7,S01,C0011,store,treatment,Premium,99.95,41.98,1
T07S01135,7,S01,C0018,ecommerce,treatment,Value,97.31,40.87,1
T07S01136,7,S01,C0025,store,treatment,Core,116.16,40.65,1
T07S01137,7,S01,C0032,store,treatment,Premium,116.33,48.86,1
T07S01138,7,S01,C0039,store,treatment,Value,99.2,41.66,1
T07S01139,7,S01,C0046,store,treatment,Core,90.39,37.97,1
T07S01140,7,S01,C0053,ecommerce,treatment,Premium,96.73,33.85,1
T07S01141,7,S01,C0060,store,treatment,Value,70.98,29.81,0
T07S01142,7,S01,C0067,store,treatment,Core,94.31,39.61,1
T07S01143,7,S01,C0074,store,treatment,Premium,141.66,59.5,1
T07S01144,7,S01,C0081,store,treatment,Value,114.91,40.22,1
T07S01145,7,S01,C0088,ecommerce,treatment,Core,125.87,52.86,1
T07S01146,7,S01,C0095,store,treatment,Premium,119.79,50.31,1
T07S01147,7,S01,C0102,store,treatment,Value,41.72,17.52,0
T07S01148,7,S01,C0109,store,treatment,Core,83.46,29.21,1
T07S01149,7,S01,C0116,store,treatment,Premium,113.04,47.48,1
T07S01150,7,S01,C0123,ecommerce,treatment,Value,73.69,30.95,0
T07S01151,7,S01,C0130,store,treatment,Core,94.48,39.68,1
T07S01152,7,S01,C0137,store,treatment,Premium,93.32,32.66,1
T07S01153,7,S01,C0144,store,treatment,Value,74.4,31.25,0
T07S01154,7,S01,C0151,store,treatment,Core,80.77,33.92,1
T07S01155,7,S01,C0158,ecommerce,treatment,Premium,81.9,34.4,1
T07S01156,7,S01,C0165,store,treatment,Value,118.09,41.33,1
T07S01157,7,S01,C0172,store,treatment,Core,100.96,42.4,1
T07S01158,7,S01,C0179,store,treatment,Premium,116.52,48.94,1
T07S01159,7,S01,C0186,store,treatment,Value,78.6,33.01,1
T07S02000,7,S02,C0086,ecommerce,control,Premium,101.73,35.61,1
T07S02001,7,S02,C0093,store,control,Value,81.37,34.17,1
T07S02002,7,S02,C0100,store,control,Core,86.13,36.17,1
T07S02003,7,S02,C0107,store,control,Premium,88.27,37.07,1
T07S02004,7,S02,C0114,store,control,Value,84.82,29.69,1
T07S02005,7,S02,C0121,ecommerce,control,Core,89.09,37.42,1
T07S02006,7,S02,C0128,store,control,Premium,100.59,42.25,1
T07S02007,7,S02,C0135,store,control,Value,72.35,30.39,0
T07S02008,7,S02,C0142,store,control,Core,65.46,22.91,0
T07S02009,7,S02,C0149,store,control,Premium,91.04,38.24,1
T07S02010,7,S02,C0156,ecommerce,control,Value,30.93,12.99,0
T07S02011,7,S02,C0163,store,control,Core,64.59,27.13,0
T07S02012,7,S02,C0170,store,control,Premium,128.99,45.15,1
T07S02013,7,S02,C0177,store,control,Value,97.81,41.08,1
T07S02014,7,S02,C0184,store,control,Core,86.12,36.17,1
T07S02015,7,S02,C0191,ecommerce,control,Premium,92.79,38.97,1
T07S02016,7,S02,C0198,store,control,Value,42.58,14.9,0
T07S02017,7,S02,C0005,store,control,Premium,68.32,28.7,0
T07S02018,7,S02,C0012,store,control,Value,67.82,28.48,0
T07S02019,7,S02,C0019,store,control,Core,52.47,22.04,0
T07S02020,7,S02,C0026,ecommerce,control,Premium,48.39,16.94,0
T07S02021,7,S02,C0033,store,control,Value,66.93,28.11,0
T07S02022,7,S02,C0040,store,control,Core,51.69,21.71,0
T07S02023,7,S02,C0047,store,control,Premium,103.44,43.45,1
T07S02024,7,S02,C0054,store,control,Value,66.55,23.29,0
T07S02025,7,S02,C0061,ecommerce,control,Core,97.04,40.76,1
T07S02026,7,S02,C0068,store,control,Premium,62.62,26.3,0
T07S02027,7,S02,C0075,store,control,Value,103.16,43.33,1
T07S02028,7,S02,C0082,store,control,Core,88.96,31.14,1
T07S02029,7,S02,C0089,store,control,Premium,85.29,35.82,1
T07S02030,7,S02,C0096,ecommerce,control,Value,87.31,36.67,1
T07S02031,7,S02,C0103,store,control,Core,78.2,32.84,1
T07S02032,7,S02,C0110,store,control,Premium,89.07,31.17,1
T07S02033,7,S02,C0117,store,control,Value,51.78,21.75,0
T07S02034,7,S02,C0124,store,control,Core,90.66,38.08,1
T07S02035,7,S02,C0131,ecommerce,control,Premium,69.89,29.35,0
T07S02036,7,S02,C0138,store,control,Value,76.39,26.74,1
T07S02037,7,S02,C0145,store,control,Core,128.58,54.0,1
T07S02038,7,S02,C0152,store,control,Premium,102.46,43.03,1
T07S02039,7,S02,C0159,store,control,Value,73.48,30.86,0
T07S02040,7,S02,C0166,ecommerce,control,Core,109.93,38.48,1
T07S02041,7,S02,C0173,store,control,Premium,76.83,32.27,1
T07S02042,7,S02,C0180,store,control,Value,79.91,33.56,1
T07S02043,7,S02,C0187,store,control,Core,87.47,36.74,1
T07S02044,7,S02,C0194,store,control,Premium,83.45,29.21,1
T07S02045,7,S02,C0001,ecommerce,control,Core,85.56,35.93,1
T07S02046,7,S02,C0008,store,control,Premium,114.99,48.3,1
T07S02047,7,S02,C0015,store,control,Value,20.84,8.75,0
T07S02048,7,S02,C0022,store,control,Core,68.85,24.1,0
T07S02049,7,S02,C0029,store,control,Premium,106.4,44.69,1
T07S02050,7,S02,C0036,ecommerce,control,Value,82.33,34.58,1
T07S02051,7,S02,C0043,store,control,Core,53.54,22.49,0
T07S02052,7,S02,C0050,store,control,Premium,89.18,31.21,1
T07S02053,7,S02,C0057,store,control,Value,101.01,42.43,1
T07S02054,7,S02,C0064,store,control,Core,102.29,42.96,1
T07S02055,7,S02,C0071,ecommerce,control,Premium,98.79,41.49,1
T07S02056,7,S02,C0078,store,control,Value,72.99,25.55,0
T07S02057,7,S02,C0085,store,control,Core,72.91,30.62,0
T07S02058,7,S02,C0092,store,control,Premium,87.76,36.86,1
T07S02059,7,S02,C0099,store,control,Value,78.25,32.87,1
T07S02060,7,S02,C0106,ecommerce,control,Core,49.38,17.28,0
T07S02061,7,S02,C0113,store,control,Premium,76.56,32.15,1
T07S02062,7,S02,C0120,store,control,Value,58.74,24.67,0
T07S02063,7,S02,C0127,store,control,Core,30.33,12.74,0
T07S02064,7,S02,C0134,store,control,Premium,91.83,32.14,1
T07S02065,7,S02,C0141,ecommerce,control,Value,98.25,41.26,1
T07S02066,7,S02,C0148,store,control,Core,111.58,46.86,1
T07S02067,7,S02,C0155,store,control,Premium,102.42,43.02,1
T07S02068,7,S02,C0162,store,control,Value,75.64,26.47,0
T07S02069,7,S02,C0169,store,control,Core,77.93,32.73,1
T07S02070,7,S02,C0176,ecommerce,control,Premium,59.45,24.97,0
T07S02071,7,S02,C0183,store,control,Value,70.26,29.51,0
T07S02072,7,S02,C0190,store,control,Core,82.87,29.0,1
T07S02073,7,S02,C0197,store,control,Premium,106.85,44.88,1
T07S02074,7,S02,C0004,store,control,Core,89.1,37.42,1
T07S02075,7,S02,C0011,ecommerce,control,Premium,97.47,40.94,1
T07S02076,7,S02,C0018,store,control,Value,101.85,35.65,1
T07S02077,7,S02,C0025,store,control,Core,91.78,38.55,1
T07S02078,7,S02,C0032,store,control,Premium,117.59,49.39,1
T07S02079,7,S02,C0039,store,control,Value,67.29,28.26,0
T07S02080,7,S02,C0046,ecommerce,control,Core,58.23,20.38,0
T07S02081,7,S02,C0053,store,control,Premium,104.16,43.75,1
T07S02082,7,S02,C0060,store,control,Value,73.34,30.8,0
T07S02083,7,S02,C0067,store,control,Core,90.93,38.19,1
T07S02084,7,S02,C0074,store,control,Premium,58.01,20.3,0
T07S02085,7,S02,C0081,ecommerce,control,Value,59.44,24.96,0
T07S02086,7,S02,C0088,store,control,Core,52.39,22.0,0
T07S02087,7,S02,C0095,store,control,Premium,81.34,34.16,1
T07S02088,7,S02,C0102,store,control,Value,70.93,24.82,0
T07S02089,7,S02,C0109,store,control,Core,84.92,35.67,1
T07S02090,7,S02,C0116,ecommerce,control,Premium,109.67,46.06,1
T07S02091,7,S02,C0123,store,control,Value,87.83,36.89,1
T07S02092,7,S02,C0130,store,control,Core,83.33,29.16,1
T07S02093,7,S02,C0137,store,control,Premium,113.73,47.77,1
T07S02094,7,S02,C0144,store,control,Value,57.92,24.33,0
T07S02095,7,S02,C0151,ecommerce,control,Core,88.94,37.35,1
T07S02096,7,S02,C0158,store,control,Premium,46.24,16.18,0
T07S02097,7,S02,C0165,store,control,Value,91.8,38.55,1
T07S02098,7,S02,C0172,store,control,Core,112.36,47.19,1
T07S02099,7,S02,C0179,store,control,Premium,59.98,25.19,0
T07S02100,7,S02,C0186,ecommerce,control,Value,84.22,29.48,1
T07S02101,7,S02,C0193,store,control,Core,84.74,35.59,1
T07S02102,7,S02,C0200,store,control,Premium,132.31,55.57,1
T07S02103,7,S02,C0007,store,control,Core,66.13,27.78,0
T07S02104,7,S02,C0014,store,control,Premium,59.74,20.91,0
T07S02105,7,S02,C0021,ecommerce,control,Value,79.91,33.56,1
T07S02106,7,S02,C0028,store,control,Core,58.86,24.72,0
T07S02107,7,S02,C0035,store,control,Premium,70.46,29.59,0
T07S02108,7,S02,C0042,store,control,Value,109.79,38.43,1
T07S02109,7,S02,C0049,store,control,Core,72.56,30.47,0
T07S02110,7,S02,C0056,ecommerce,control,Premium,102.51,43.05,1
T07S02111,7,S02,C0063,store,control,Value,100.67,42.28,1
T07S02112,7,S02,C0070,store,control,Core,69.04,24.17,0
T07S02113,7,S02,C0077,store,control,Premium,122.11,51.28,1
T07S02114,7,S02,C0084,store,control,Value,102.59,43.09,1
T07S02115,7,S02,C0091,ecommerce,control,Core,102.05,42.86,1
T07S02116,7,S02,C0098,store,control,Premium,107.09,37.48,1
T07S02117,7,S02,C0105,store,control,Value,80.36,33.75,1
T07S02118,7,S02,C0112,store,control,Core,86.38,36.28,1
T07S02119,7,S02,C0119,store,control,Premium,75.55,31.73,0
T07S02120,7,S02,C0126,ecommerce,control,Value,80.36,28.13,1
T07S02121,7,S02,C0133,store,control,Core,70.82,29.75,0
T07S02122,7,S02,C0140,store,control,Premium,102.3,42.96,1
T07S02123,7,S02,C0147,store,control,Value,107.62,45.2,1
T07S02124,7,S02,C0154,store,control,Core,95.11,33.29,1
T07S02125,7,S02,C0161,ecommerce,control,Premium,84.6,35.53,1
T07S02126,7,S02,C0168,store,control,Value,90.88,38.17,1
T07S02127,7,S02,C0175,store,control,Core,111.48,46.82,1
T07S02128,7,S02,C0182,store,control,Premium,95.49,33.42,1
T07S02129,7,S02,C0189,store,control,Value,121.48,51.02,1
T07S02130,7,S02,C0196,ecommerce,control,Core,60.07,25.23,0
T07S02131,7,S02,C0003,store,control,Value,91.83,38.57,1
T07S02132,7,S02,C0010,store,control,Core,70.91,24.82,0
T07S02133,7,S02,C0017,store,control,Premium,95.03,39.91,1
T07S02134,7,S02,C0024,store,control,Value,62.65,26.31,0
T07S02135,7,S02,C0031,ecommerce,control,Core,68.65,28.83,0
T07S02136,7,S02,C0038,store,control,Premium,87.57,30.65,1
T07S02137,7,S02,C0045,store,control,Value,74.3,31.21,0
T07S02138,7,S02,C0052,store,control,Core,92.48,38.84,1
T07S02139,7,S02,C0059,store,control,Premium,69.65,29.25,0
T07S02140,7,S02,C0066,ecommerce,control,Value,74.0,25.9,0
T07S02141,7,S02,C0073,store,control,Core,89.82,37.72,1
T07S02142,7,S02,C0080,store,control,Premium,48.94,20.56,0
T07S02143,7,S02,C0087,store,control,Value,111.6,46.87,1
T07S02144,7,S02,C0094,store,control,Core,74.62,26.12,0
T07S02145,7,S02,C0101,ecommerce,control,Premium,56.27,23.63,0
T07S02146,7,S02,C0108,store,control,Value,79.97,33.59,1
T07S02147,7,S02,C0115,store,control,Core,85.73,36.01,1
T07S02148,7,S02,C0122,store,control,Premium,88.78,31.07,1
T07S02149,7,S02,C0129,store,control,Value,58.27,24.47,0
T07S02150,7,S02,C0136,ecommerce,control,Core,103.66,43.54,1
T07S02151,7,S02,C0143,store,control,Premium,123.11,51.71,1
T07S02152,7,S02,C0150,store,control,Value,42.36,14.82,0
T07S02153,7,S02,C0157,store,control,Core,112.03,47.05,1
T07S02154,7,S02,C0164,store,control,Premium,101.55,42.65,1
T07S02155,7,S02,C0171,ecommerce,control,Value,74.87,31.45,0
T07S02156,7,S02,C0178,store,control,Core,92.37,32.33,1
T07S02157,7,S02,C0185,store,control,Premium,97.16,40.81,1
T07S02158,7,S02,C0192,store,control,Value,67.02,28.15,0
T07S02159,7,S02,C0199,store,control,Core,108.28,45.48,1
T07S03000,7,S03,C0099,ecommerce,treatment,Value,89.56,31.35,1
T07S03001,7,S03,C0106,store,treatment,Core,135.08,56.74,1
T07S03002,7,S03,C0113,store,treatment,Premium,119.76,50.3,1
T07S03003,7,S03,C0120,store,treatment,Value,52.27,21.96,0
T07S03004,7,S03,C0127,store,treatment,Core,104.46,36.56,1
T07S03005,7,S03,C0134,ecommerce,treatment,Premium,112.41,47.21,1
T07S03006,7,S03,C0141,store,treatment,Value,70.71,29.7,0
T07S03007,7,S03,C0148,store,treatment,Core,96.07,40.35,1
T07S03008,7,S03,C0155,store,treatment,Premium,128.26,44.89,1
T07S03009,7,S03,C0162,store,treatment,Value,88.2,37.05,1
T07S03010,7,S03,C0169,ecommerce,treatment,Core,113.47,47.66,1
T07S03011,7,S03,C0176,store,treatment,Premium,102.87,43.21,1
T07S03012,7,S03,C0183,store,treatment,Value,52.0,18.2,0
T07S03013,7,S03,C0190,store,treatment,Core,121.2,50.9,1
T07S03014,7,S03,C0197,store,treatment,Premium,116.44,48.91,1
T07S03015,7,S03,C0004,ecommerce,treatment,Core,110.51,46.41,1
T07S03016,7,S03,C0011,store,treatment,Premium,113.73,39.8,1
T07S03017,7,S03,C0018,store,treatment,Value,83.58,35.1,1
T07S03018,7,S03,C0025,store,treatment,Core,112.18,47.12,1
T07S03019,7,S03,C0032,store,treatment,Premium,86.41,36.29,1
T07S03020,7,S03,C0039,ecommerce,treatment,Value,90.44,31.65,1
T07S03021,7,S03,C0046,store,treatment,Core,73.34,30.8,0
T07S03022,7,S03,C0053,store,treatment,Premium,106.24,44.62,1
T07S03023,7,S03,C0060,store,treatment,Value,74.33,31.22,0
T07S03024,7,S03,C0067,store,treatment,Core,130.38,45.63,1
T07S03025,7,S03,C0074,ecommerce,treatment,Premium,130.36,54.75,1
T07S03026,7,S03,C0081,store,treatment,Value,105.2,44.19,1
T07S03027,7,S03,C0088,store,treatment,Core,63.02,26.47,0
T07S03028,7,S03,C0095,store,treatment,Premium,96.35,33.72,1
T07S03029,7,S03,C0102,store,treatment,Value,120.07,50.43,1
T07S03030,7,S03,C0109,ecommerce,treatment,Core,110.42,46.37,1
T07S03031,7,S03,C0116,store,treatment,Premium,113.56,47.7,1
T07S03032,7,S03,C0123,store,treatment,Value,95.73,33.5,1
T07S03033,7,S03,C0130,store,treatment,Core,93.65,39.33,1
T07S03034,7,S03,C0137,store,treatment,Premium,97.18,40.82,1
T07S03035,7,S03,C0144,ecommerce,treatment,Value,58.45,24.55,0
T07S03036,7,S03,C0151,store,treatment,Core,90.3,31.6,1
T07S03037,7,S03,C0158,store,treatment,Premium,99.31,41.71,1
T07S03038,7,S03,C0165,store,treatment,Value,72.86,30.6,0
T07S03039,7,S03,C0172,store,treatment,Core,75.42,31.68,0
T07S03040,7,S03,C0179,ecommerce,treatment,Premium,80.93,28.33,1
T07S03041,7,S03,C0186,store,treatment,Value,69.34,29.12,0
T07S03042,7,S03,C0193,store,treatment,Core,118.78,49.89,1
T07S03043,7,S03,C0200,store,treatment,Premium,127.43,53.52,1
T07S03044,7,S03,C0007,store,treatment,Core,100.31,35.11,1
T07S03045,7,S03,C0014,ecommerce,treatment,Premium,87.97,36.95,1
T07S03046,7,S03,C0021,store,treatment,Value,130.8,54.94,1
T07S03047,7,S03,C0028,store,treatment,Core,97.66,41.02,1
T07S03048,7,S03,C0035,store,treatment,Premium,114.66,40.13,1
T07S03049,7,S03,C0042,store,treatment,Value,103.69,43.55,1
T07S03050,7,S03,C0049,ecommerce,treatment,Core,91.29,38.34,1
T07S03051,7,S03,C0056,store,treatment,Premium,104.84,44.03,1
T07S03052,7,S03,C0063,store,treatment,Value,48.36,16.92,0
T07S03053,7,S03,C0070,store,treatment,Core,94.22,39.57,1
T07S03054,7,S03,C0077,store,treatment,Premium,135.02,56.71,1
T07S03055,7,S03,C0084,ecommerce,treatment,Value,105.68,44.38,1
T07S03056,7,S03,C0091,store,treatment,Core,118.42,41.45,1
T07S03057,7,S03,C0098,store,treatment,Premium,131.98,55.43,1
T07S03058,7,S03,C0105,store,treatment,Value,77.1,32.38,1
T07S03059,7,S03,C0112,store,treatment,Core,70.77,29.72,0
T07S03060,7,S03,C0119,ecommerce,treatment,Premium,83.19,29.11,1
T07S03061,7,S03,C0126,store,treatment,Value,96.95,40.72,1
T07S03062,7,S03,C0133,store,treatment,Core,109.68,46.06,1
T07S03063,7,S03,C0140,store,treatment,Premium,132.08,55.47,1
T07S03064,7,S03,C0147,store,treatment,Value,136.27,47.69,1
T07S03065,7,S03,C0154,ecommerce,treatment,Core,56.76,23.84,0
T07S03066,7,S03,C0161,store,treatment,Premium,137.54,57.77,1
T07S03067,7,S03,C0168,store,treatment,Value,100.43,42.18,1
T07S03068,7,S03,C0175,store,treatment,Core,117.37,41.08,1
T07S03069,7,S03,C0182,store,treatment,Premium,120.06,50.42,1
T07S03070,7,S03,C0189,ecommerce,treatment,Value,91.38,38.38,1
T07S03071,7,S03,C0196,store,treatment,Core,129.51,54.39,1
T07S03072,7,S03,C0003,store,treatment,Value,107.59,37.66,1
T07S03073,7,S03,C0010,store,treatment,Core,115.54,48.53,1
T07S03074,7,S03,C0017,store,treatment,Premium,102.22,42.93,1
T07S03075,7,S03,C0024,ecommerce,treatment,Value,116.29,48.84,1
T07S03076,7,S03,C0031,store,treatment,Core,124.05,43.42,1
T07S03077,7,S03,C0038,store,treatment,Premium,118.3,49.68,1
T07S03078,7,S03,C0045,store,treatment,Value,119.11,50.03,1
T07S03079,7,S03,C0052,store,treatment,Core,83.91,35.24,1
T07S03080,7,S03,C0059,ecommerce,treatment,Premium,117.41,41.09,1
T07S03081,7,S03,C0066,store,treatment,Value,119.64,50.25,1
T07S03082,7,S03,C0073,store,treatment,Core,89.25,37.48,1
T07S03083,7,S03,C0080,store,treatment,Premium,114.4,48.05,1
T07S03084,7,S03,C0087,store,treatment,Value,75.8,26.53,0
T07S03085,7,S03,C0094,ecommerce,treatment,Core,107.19,45.02,1
T07S03086,7,S03,C0101,store,treatment,Premium,118.62,49.82,1
T07S03087,7,S03,C0108,store,treatment,Value,83.83,35.21,1
T07S03088,7,S03,C0115,store,treatment,Core,64.37,22.53,0
T07S03089,7,S03,C0122,store,treatment,Premium,87.26,36.65,1
T07S03090,7,S03,C0129,ecommerce,treatment,Value,92.91,39.02,1
T07S03091,7,S03,C0136,store,treatment,Core,129.28,54.3,1
T07S03092,7,S03,C0143,store,treatment,Premium,74.22,25.98,0
T07S03093,7,S03,C0150,store,treatment,Value,93.53,39.28,1
T07S03094,7,S03,C0157,store,treatment,Core,93.71,39.36,1
T07S03095,7,S03,C0164,ecommerce,treatment,Premium,77.88,32.71,1
T07S03096,7,S03,C0171,store,treatment,Value,109.81,38.44,1
T07S03097,7,S03,C0178,store,treatment,Core,97.44,40.93,1
T07S03098,7,S03,C0185,store,treatment,Premium,79.32,33.31,1
T07S03099,7,S03,C0192,store,treatment,Value,114.18,47.96,1
T07S03100,7,S03,C0199,ecommerce,treatment,Core,120.44,42.16,1
T07S03101,7,S03,C0006,store,treatment,Value,107.41,45.11,1
T07S03102,7,S03,C0013,store,treatment,Core,93.09,39.1,1
T07S03103,7,S03,C0020,store,treatment,Premium,106.18,44.59,1
T07S03104,7,S03,C0027,store,treatment,Value,83.09,29.08,1
T07S03105,7,S03,C0034,ecommerce,treatment,Core,86.29,36.24,1
T07S03106,7,S03,C0041,store,treatment,Premium,106.83,44.87,1
T07S03107,7,S03,C0048,store,treatment,Value,59.93,25.17,0
T07S03108,7,S03,C0055,store,treatment,Core,101.83,35.64,1
T07S03109,7,S03,C0062,store,treatment,Premium,137.22,57.63,1
T07S03110,7,S03,C0069,ecommerce,treatment,Value,80.69,33.89,1
T07S03111,7,S03,C0076,store,treatment,Core,105.38,44.26,1
T07S03112,7,S03,C0083,store,treatment,Premium,110.67,38.73,1
T07S03113,7,S03,C0090,store,treatment,Value,101.1,42.46,1
T07S03114,7,S03,C0097,store,treatment,Core,112.36,47.19,1
T07S03115,7,S03,C0104,ecommerce,treatment,Premium,112.67,47.32,1
T07S03116,7,S03,C0111,store,treatment,Value,86.81,30.38,1
T07S03117,7,S03,C0118,store,treatment,Core,104.16,43.75,1
T07S03118,7,S03,C0125,store,treatment,Premium,87.5,36.75,1
T07S03119,7,S03,C0132,store,treatment,Value,117.87,49.51,1
T07S03120,7,S03,C0139,ecommerce,treatment,Core,102.95,36.03,1
T07S03121,7,S03,C0146,store,treatment,Premium,108.36,45.51,1
T07S03122,7,S03,C0153,store,treatment,Value,78.29,32.88,1
T07S03123,7,S03,C0160,store,treatment,Core,90.28,37.92,1
T07S03124,7,S03,C0167,store,treatment,Premium,113.19,39.62,1
T07S03125,7,S03,C0174,ecommerce,treatment,Value,107.09,44.98,1
T07S03126,7,S03,C0181,store,treatment,Core,80.81,33.94,1
T07S03127,7,S03,C0188,store,treatment,Premium,101.89,42.79,1
T07S03128,7,S03,C0195,store,treatment,Value,129.03,45.16,1
T07S03129,7,S03,C0002,store,treatment,Premium,121.19,50.9,1
T07S03130,7,S03,C0009,ecommerce,treatment,Value,75.29,31.62,0
T07S03131,7,S03,C0016,store,treatment,Core,114.19,47.96,1
T07S03132,7,S03,C0023,store,treatment,Premium,96.47,33.77,1
T07S03133,7,S03,C0030,store,treatment,Value,99.32,41.71,1
T07S03134,7,S03,C0037,store,treatment,Core,94.13,39.53,1
T07S03135,7,S03,C0044,ecommerce,treatment,Premium,126.4,53.09,1
T07S03136,7,S03,C0051,store,treatment,Value,88.1,30.83,1
T07S03137,7,S03,C0058,store,treatment,Core,113.49,47.67,1
T07S03138,7,S03,C0065,store,treatment,Premium,114.95,48.28,1
T07S03139,7,S03,C0072,store,treatment,Value,86.76,36.44,1
T07S03140,7,S03,C0079,ecommerce,treatment,Core,77.32,27.06,1
T07S03141,7,S03,C0086,store,treatment,Premium,138.43,58.14,1
T07S03142,7,S03,C0093,store,treatment,Value,106.52,44.74,1
T07S03143,7,S03,C0100,store,treatment,Core,104.21,43.77,1
T07S03144,7,S03,C0107,store,treatment,Premium,106.27,37.2,1
T07S03145,7,S03,C0114,ecommerce,treatment,Value,99.93,41.97,1
T07S03146,7,S03,C0121,store,treatment,Core,139.73,58.69,1
T07S03147,7,S03,C0128,store,treatment,Premium,120.21,50.49,1
T07S03148,7,S03,C0135,store,treatment,Value,96.16,33.66,1
T07S03149,7,S03,C0142,store,treatment,Core,125.06,52.52,1
T07S03150,7,S03,C0149,ecommerce,treatment,Premium,106.71,44.82,1
T07S03151,7,S03,C0156,store,treatment,Value,121.88,51.19,1
T07S03152,7,S03,C0163,store,treatment,Core,82.91,29.02,1
T07S03153,7,S03,C0170,store,treatment,Premium,78.64,33.03,1
T07S03154,7,S03,C0177,store,treatment,Value,65.4,27.47,0
T07S03155,7,S03,C0184,ecommerce,treatment,Core,71.03,29.83,0
T07S03156,7,S03,C0191,store,treatment,Premium,134.42,47.05,1
T07S03157,7,S03,C0198,store,treatment,Value,110.93,46.59,1
T07S03158,7,S03,C0005,store,treatment,Premium,130.07,54.63,1
T07S03159,7,S03,C0012,store,treatment,Value,86.12,36.17,1
T07S04000,7,S04,C0112,ecommerce,control,Core,78.59,27.51,1
T07S04001,7,S04,C0119,store,control,Premium,121.28,50.94,1
T07S04002,7,S04,C0126,store,control,Value,42.01,17.64,0
T07S04003,7,S04,C0133,store,control,Core,122.2,51.32,1
T07S04004,7,S04,C0140,store,control,Premium,80.2,28.07,1
T07S04005,7,S04,C0147,ecommerce,control,Value,62.45,26.23,0
T07S04006,7,S04,C0154,store,control,Core,60.11,25.25,0
T07S04007,7,S04,C0161,store,control,Premium,116.79,49.05,1
T07S04008,7,S04,C0168,store,control,Value,73.89,25.86,0
T07S04009,7,S04,C0175,store,control,Core,68.57,28.8,0
T07S04010,7,S04,C0182,ecommerce,control,Premium,110.53,46.42,1
T07S04011,7,S04,C0189,store,control,Value,62.18,26.12,0
T07S04012,7,S04,C0196,store,control,Core,60.22,21.08,0
T07S04013,7,S04,C0003,store,control,Value,54.51,22.89,0
T07S04014,7,S04,C0010,store,control,Core,74.91,31.46,0
T07S04015,7,S04,C0017,ecommerce,control,Premium,76.65,32.2,1
T07S04016,7,S04,C0024,store,control,Value,91.55,32.04,1
T07S04017,7,S04,C0031,store,control,Core,78.35,32.91,1
T07S04018,7,S04,C0038,store,control,Premium,90.79,38.13,1
T07S04019,7,S04,C0045,store,control,Value,67.65,28.41,0
T07S04020,7,S04,C0052,ecommerce,control,Core,67.37,23.58,0
T07S04021,7,S04,C0059,store,control,Premium,135.2,56.79,1
T07S04022,7,S04,C0066,store,control,Value,64.04,26.9,0
T07S04023,7,S04,C0073,store,control,Core,59.96,25.18,0
T07S04024,7,S04,C0080,store,control,Premium,94.44,33.06,1
T07S04025,7,S04,C0087,ecommerce,control,Value,41.95,17.62,0
T07S04026,7,S04,C0094,store,control,Core,82.85,34.8,1
T07S04027,7,S04,C0101,store,control,Premium,87.19,36.62,1
T07S04028,7,S04,C0108,store,control,Value,67.62,23.67,0
T07S04029,7,S04,C0115,store,control,Core,80.73,33.91,1
T07S04030,7,S04,C0122,ecommerce,control,Premium,86.66,36.4,1
T07S04031,7,S04,C0129,store,control,Value,77.41,32.51,1
T07S04032,7,S04,C0136,store,control,Core,91.12,31.89,1
T07S04033,7,S04,C0143,store,control,Premium,77.85,32.7,1
T07S04034,7,S04,C0150,store,control,Value,76.25,32.03,1
T07S04035,7,S04,C0157,ecommerce,control,Core,73.14,30.72,0
T07S04036,7,S04,C0164,store,control,Premium,57.5,20.12,0
T07S04037,7,S04,C0171,store,control,Value,72.96,30.64,0
T07S04038,7,S04,C0178,store,control,Core,121.84,51.17,1
T07S04039,7,S04,C0185,store,control,Premium,84.83,35.63,1
T07S04040,7,S04,C0192,ecommerce,control,Value,108.66,38.03,1
T07S04041,7,S04,C0199,store,control,Core,54.76,23.0,0
T07S04042,7,S04,C0006,store,control,Value,73.73,30.97,0
T07S04043,7,S04,C0013,store,control,Core,110.64,46.47,1
T07S04044,7,S04,C0020,store,control,Premium,93.0,32.55,1
T07S04045,7,S04,C0027,ecommerce,control,Value,115.81,48.64,1
T07S04046,7,S04,C0034,store,control,Core,37.34,15.68,0
T07S04047,7,S04,C0041,store,control,Premium,97.18,40.82,1
T07S04048,7,S04,C0048,store,control,Value,57.46,20.11,0
T07S04049,7,S04,C0055,store,control,Core,86.15,36.18,1
T07S04050,7,S04,C0062,ecommerce,control,Premium,105.63,44.36,1
T07S04051,7,S04,C0069,store,control,Value,94.91,39.86,1
T07S04052,7,S04,C0076,store,control,Core,81.86,28.65,1
T07S04053,7,S04,C0083,store,control,Premium,79.94,33.58,1
T07S04054,7,S04,C0090,store,control,Value,86.21,36.21,1
T07S04055,7,S04,C0097,ecommerce,control,Core,95.91,40.28,1
T07S04056,7,S04,C0104,store,control,Premium,65.18,22.81,0
T07S04057,7,S04,C0111,store,control,Value,85.79,36.03,1
T07S04058,7,S04,C0118,store,control,Core,84.03,35.29,1
T07S04059,7,S04,C0125,store,control,Premium,97.2,40.82,1
T07S04060,7,S04,C0132,ecommerce,control,Value,67.27,23.54,0
T07S04061,7,S04,C0139,store,control,Core,80.26,33.71,1
T07S04062,7,S04,C0146,store,control,Premium,90.67,38.08,1
T07S04063,7,S04,C0153,store,control,Value,105.78,44.43,1
T07S04064,7,S04,C0160,store,control,Core,73.15,25.6,0
T07S04065,7,S04,C0167,ecommerce,control,Premium,97.54,40.97,1
T07S04066,7,S04,C0174,store,control,Value,89.39,37.54,1
T07S04067,7,S04,C0181,store,control,Core,56.29,23.64,0
T07S04068,7,S04,C0188,store,control,Premium,78.25,27.39,1
T07S04069,7,S04,C0195,store,control,Value,91.11,38.27,1
T07S04070,7,S04,C0002,ecommerce,control,Premium,91.4,38.39,1
T07S04071,7,S04,C0009,store,control,Value,112.41,47.21,1
T07S04072,7,S04,C0016,store,control,Core,106.9,37.41,1
T07S04073,7,S04,C0023,store,control,Premium,85.83,36.05,1
T07S04074,7,S04,C0030,store,control,Value,66.61,27.98,0
T07S04075,7,S04,C0037,ecommerce,control,Core,47.59,19.99,0
T07S04076,7,S04,C0044,store,control,Premium,101.69,35.59,1
T07S04077,7,S04,C0051,store,control,Value,97.02,40.75,1
T07S04078,7,S04,C0058,store,control,Core,50.72,21.3,0
T07S04079,7,S04,C0065,store,control,Premium,87.7,36.83,1
T07S04080,7,S04,C0072,ecommerce,control,Value,79.58,27.85,1
T07S04081,7,S04,C0079,store,control,Core,54.76,23.0,0
T07S04082,7,S04,C0086,store,control,Premium,71.94,30.21,0
T07S04083,7,S04,C0093,store,control,Value,77.86,32.7,1
T07S04084,7,S04,C0100,store,control,Core,67.27,23.55,0
T07S04085,7,S04,C0107,ecommerce,control,Premium,68.85,28.92,0
T07S04086,7,S04,C0114,store,control,Value,65.59,27.55,0
T07S04087,7,S04,C0121,store,control,Core,57.9,24.32,0
T07S04088,7,S04,C0128,store,control,Premium,58.86,20.6,0
T07S04089,7,S04,C0135,store,control,Value,67.54,28.37,0
T07S04090,7,S04,C0142,ecommerce,control,Core,53.4,22.43,0
T07S04091,7,S04,C0149,store,control,Premium,94.11,39.53,1
T07S04092,7,S04,C0156,store,control,Value,75.67,26.48,0
T07S04093,7,S04,C0163,store,control,Core,72.13,30.3,0
T07S04094,7,S04,C0170,store,control,Premium,64.87,27.24,0
T07S04095,7,S04,C0177,ecommerce,control,Value,113.0,47.46,1
T07S04096,7,S04,C0184,store,control,Core,102.34,35.82,1
T07S04097,7,S04,C0191,store,control,Premium,103.17,43.33,1
T07S04098,7,S04,C0198,store,control,Value,80.28,33.72,1
T07S04099,7,S04,C0005,store,control,Premium,94.39,39.65,1
T07S04100,7,S04,C0012,ecommerce,control,Value,121.35,42.47,1
T07S04101,7,S04,C0019,store,control,Core,46.24,19.42,0
T07S04102,7,S04,C0026,store,control,Premium,112.48,47.24,1
T07S04103,7,S04,C0033,store,control,Value,49.28,20.7,0
T07S04104,7,S04,C0040,store,control,Core,93.8,32.83,1
T07S04105,7,S04,C0047,ecommerce,control,Premium,77.94,32.73,1
T07S04106,7,S04,C0054,store,control,Value,78.47,32.96,1
T07S04107,7,S04,C0061,store,control,Core,111.15,46.68,1
T07S04108,7,S04,C0068,store,control,Premium,93.14,32.6,1
T07S04109,7,S04,C0075,store,control,Value,84.01,35.28,1
T07S04110,7,S04,C0082,ecommerce,control,Core,91.88,38.59,1
T07S04111,7,S04,C0089,store,control,Premium,65.45,27.49,0
T07S04112,7,S04,C0096,store,control,Value,94.13,32.95,1
T07S04113,7,S04,C0103,store,control,Core,74.08,31.11,0
T07S04114,7,S04,C0110,store,control,Premium,78.65,33.03,1
T07S04115,7,S04,C0117,ecommerce,control,Value,105.34,44.24,1
T07S04116,7,S04,C0124,store,control,Core,75.19,26.32,0
T07S04117,7,S04,C0131,store,control,Premium,88.11,37.01,1
T07S04118,7,S04,C0138,store,control,Value,60.68,25.49,0
T07S04119,7,S04,C0145,store,control,Core,85.22,35.79,1
T07S04120,7,S04,C0152,ecommerce,control,Premium,102.58,35.9,1
T07S04121,7,S04,C0159,store,control,Value,53.37,22.41,0
T07S04122,7,S04,C0166,store,control,Core,59.22,24.87,0
T07S04123,7,S04,C0173,store,control,Premium,90.53,38.02,1
T07S04124,7,S04,C0180,store,control,Value,45.89,16.06,0
T07S04125,7,S04,C0187,ecommerce,control,Core,90.59,38.05,1
T07S04126,7,S04,C0194,store,control,Premium,100.15,42.06,1
T07S04127,7,S04,C0001,store,control,Core,97.31,40.87,1
T07S04128,7,S04,C0008,store,control,Premium,68.03,23.81,0
T07S04129,7,S04,C0015,store,control,Value,76.02,31.93,1
T07S04130,7,S04,C0022,ecommerce,control,Core,94.27,39.59,1
T07S04131,7,S04,C0029,store,control,Premium,104.48,43.88,1
T07S04132,7,S04,C0036,store,control,Value,92.22,32.28,1
T07S04133,7,S04,C0043,store,control,Core,94.16,39.55,1
T07S04134,7,S04,C0050,store,control,Premium,99.11,41.63,1
T07S04135,7,S04,C0057,ecommerce,control,Value,65.34,27.44,0
T07S04136,7,S04,C0064,store,control,Core,56.24,19.68,0
T07S04137,7,S04,C0071,store,control,Premium,102.92,43.23,1
T07S04138,7,S04,C0078,store,control,Value,69.6,29.23,0
T07S04139,7,S04,C0085,store,control,Core,83.74,35.17,1
T07S04140,7,S04,C0092,ecommerce,control,Premium,96.85,33.9,1
T07S04141,7,S04,C0099,store,control,Value,56.6,23.77,0
T07S04142,7,S04,C0106,store,control,Core,100.81,42.34,1
T07S04143,7,S04,C0113,store,control,Premium,112.57,47.28,1
T07S04144,7,S04,C0120,store,control,Value,95.63,33.47,1
T07S04145,7,S04,C0127,ecommerce,control,Core,44.67,18.76,0
T07S04146,7,S04,C0134,store,control,Premium,84.21,35.37,1
T07S04147,7,S04,C0141,store,control,Value,51.92,21.81,0
T07S04148,7,S04,C0148,store,control,Core,62.72,21.95,0
T07S04149,7,S04,C0155,store,control,Premium,63.66,26.74,0
T07S04150,7,S04,C0162,ecommerce,control,Value,74.11,31.13,0
T07S04151,7,S04,C0169,store,control,Core,78.96,33.16,1
T07S04152,7,S04,C0176,store,control,Premium,95.45,33.41,1
T07S04153,7,S04,C0183,store,control,Value,52.06,21.87,0
T07S04154,7,S04,C0190,store,control,Core,79.76,33.5,1
T07S04155,7,S04,C0197,ecommerce,control,Premium,105.92,44.49,1
T07S04156,7,S04,C0004,store,control,Core,79.87,27.96,1
T07S04157,7,S04,C0011,store,control,Premium,80.29,33.72,1
T07S04158,7,S04,C0018,store,control,Value,67.6,28.39,0
T07S04159,7,S04,C0025,store,control,Core,113.98,47.87,1
T07S05000,7,S05,C0125,ecommerce,treatment,Premium,98.69,34.54,1
T07S05001,7,S05,C0132,store,treatment,Value,84.9,35.66,1
T07S05002,7,S05,C0139,store,treatment,Core,89.91,37.76,1
T07S05003,7,S05,C0146,store,treatment,Premium,105.74,44.41,1
T07S05004,7,S05,C0153,store,treatment,Value,79.13,27.7,1
T07S05005,7,S05,C0160,ecommerce,treatment,Core,102.17,42.91,1
T07S05006,7,S05,C0167,store,treatment,Premium,97.96,41.14,1
T07S05007,7,S05,C0174,store,treatment,Value,76.89,32.3,1
T07S05008,7,S05,C0181,store,treatment,Core,95.12,33.29,1
T07S05009,7,S05,C0188,store,treatment,Premium,111.12,46.67,1
T07S05010,7,S05,C0195,ecommerce,treatment,Value,85.59,35.95,1
T07S05011,7,S05,C0002,store,treatment,Premium,83.4,35.03,1
T07S05012,7,S05,C0009,store,treatment,Value,60.35,21.12,0
T07S05013,7,S05,C0016,store,treatment,Core,98.91,41.54,1
T07S05014,7,S05,C0023,store,treatment,Premium,124.67,52.36,1
T07S05015,7,S05,C0030,ecommerce,treatment,Value,74.72,31.38,0
T07S05016,7,S05,C0037,store,treatment,Core,99.13,34.7,1
T07S05017,7,S05,C0044,store,treatment,Premium,77.11,32.38,1
T07S05018,7,S05,C0051,store,treatment,Value,94.73,39.79,1
T07S05019,7,S05,C0058,store,treatment,Core,111.29,46.74,1
T07S05020,7,S05,C0065,ecommerce,treatment,Premium,119.58,41.85,1
T07S05021,7,S05,C0072,store,treatment,Value,68.46,28.75,0
T07S05022,7,S05,C0079,store,treatment,Core,92.09,38.68,1
T07S05023,7,S05,C0086,store,treatment,Premium,54.03,22.69,0
T07S05024,7,S05,C0093,store,treatment,Value,73.6,25.76,0
T07S05025,7,S05,C0100,ecommerce,treatment,Core,99.34,41.72,1
T07S05026,7,S05,C0107,store,treatment,Premium,80.33,33.74,1
T07S05027,7,S05,C0114,store,treatment,Value,55.01,23.11,0
T07S05028,7,S05,C0121,store,treatment,Core,88.68,31.04,1
T07S05029,7,S05,C0128,store,treatment,Premium,77.39,32.51,1
T07S05030,7,S05,C0135,ecommerce,treatment,Value,105.79,44.43,1
T07S05031,7,S05,C0142,store,treatment,Core,115.85,48.66,1
T07S05032,7,S05,C0149,store,treatment,Premium,102.93,36.02,1
T07S05033,7,S05,C0156,store,treatment,Value,74.0,31.08,0
T07S05034,7,S05,C0163,store,treatment,Core,132.12,55.49,1
T07S05035,7,S05,C0170,ecommerce,treatment,Premium,74.17,31.15,0
T07S05036,7,S05,C0177,store,treatment,Value,106.36,37.23,1
T07S05037,7,S05,C0184,store,treatment,Core,109.45,45.97,1
T07S05038,7,S05,C0191,store,treatment,Premium,92.43,38.82,1
T07S05039,7,S05,C0198,store,treatment,Value,87.06,36.56,1
T07S05040,7,S05,C0005,ecommerce,treatment,Premium,96.62,33.82,1
T07S05041,7,S05,C0012,store,treatment,Value,94.59,39.73,1
T07S05042,7,S05,C0019,store,treatment,Core,70.93,29.79,0
T07S05043,7,S05,C0026,store,treatment,Premium,99.07,41.61,1
T07S05044,7,S05,C0033,store,treatment,Value,102.43,35.85,1
T07S05045,7,S05,C0040,ecommerce,treatment,Core,92.95,39.04,1
T07S05046,7,S05,C0047,store,treatment,Premium,109.12,45.83,1
T07S05047,7,S05,C0054,store,treatment,Value,101.64,42.69,1
T07S05048,7,S05,C0061,store,treatment,Core,93.23,32.63,1
T07S05049,7,S05,C0068,store,treatment,Premium,100.22,42.09,1
T07S05050,7,S05,C0075,ecommerce,treatment,Value,102.81,43.18,1
T07S05051,7,S05,C0082,store,treatment,Core,81.7,34.32,1
T07S05052,7,S05,C0089,store,treatment,Premium,88.96,31.14,1
T07S05053,7,S05,C0096,store,treatment,Value,51.02,21.43,0
T07S05054,7,S05,C0103,store,treatment,Core,114.67,48.16,1
T07S05055,7,S05,C0110,ecommerce,treatment,Premium,93.26,39.17,1
T07S05056,7,S05,C0117,store,treatment,Value,79.29,27.75,1
T07S05057,7,S05,C0124,store,treatment,Core,101.04,42.44,1
T07S05058,7,S05,C0131,store,treatment,Premium,88.55,37.19,1
T07S05059,7,S05,C0138,store,treatment,Value,73.98,31.07,0
T07S05060,7,S05,C0145,ecommerce,treatment,Core,66.3,23.21,0
T07S05061,7,S05,C0152,store,treatment,Premium,80.9,33.98,1
T07S05062,7,S05,C0159,store,treatment,Value,54.41,22.85,0
T07S05063,7,S05,C0166,store,treatment,Core,73.19,30.74,0
T07S05064,7,S05,C0173,store,treatment,Premium,87.36,30.58,1
T07S05065,7,S05,C0180,ecommerce,treatment,Value,71.37,29.98,0
T07S05066,7,S05,C0187,store,treatment,Core,82.08,34.47,1
T07S05067,7,S05,C0194,store,treatment,Premium,123.71,51.96,1
T07S05068,7,S05,C0001,store,treatment,Core,97.39,34.09,1
T07S05069,7,S05,C0008,store,treatment,Premium,52.62,22.1,0
T07S05070,7,S05,C0015,ecommerce,treatment,Value,69.25,29.09,0
T07S05071,7,S05,C0022,store,treatment,Core,82.32,34.58,1
T07S05072,7,S05,C0029,store,treatment,Premium,98.93,34.63,1
T07S05073,7,S05,C0036,store,treatment,Value,49.16,20.65,0
T07S05074,7,S05,C0043,store,treatment,Core,99.34,41.72,1
T07S05075,7,S05,C0050,ecommerce,treatment,Premium,74.85,31.44,0
T07S05076,7,S05,C0057,store,treatment,Value,85.23,29.83,1
T07S05077,7,S05,C0064,store,treatment,Core,66.48,27.92,0
T07S05078,7,S05,C0071,store,treatment,Premium,103.93,43.65,1
T07S05079,7,S05,C0078,store,treatment,Value,103.87,43.62,1
T07S05080,7,S05,C0085,ecommerce,treatment,Core,94.92,33.22,1
T07S05081,7,S05,C0092,store,treatment,Premium,119.6,50.23,1
T07S05082,7,S05,C0099,store,treatment,Value,86.49,36.32,1
T07S05083,7,S05,C0106,store,treatment,Core,86.34,36.26,1
T07S05084,7,S05,C0113,store,treatment,Premium,109.3,38.25,1
T07S05085,7,S05,C0120,ecommerce,treatment,Value,114.31,48.01,1
T07S05086,7,S05,C0127,store,treatment,Core,75.84,31.85,0
T07S05087,7,S05,C0134,store,treatment,Premium,115.18,48.38,1
T07S05088,7,S05,C0141,store,treatment,Value,71.94,25.18,0
T07S05089,7,S05,C0148,store,treatment,Core,73.58,30.9,0
T07S05090,7,S05,C0155,ecommerce,treatment,Premium,109.93,46.17,1
T07S05091,7,S05,C0162,store,treatment,Value,71.03,29.83,0
T07S05092,7,S05,C0169,store,treatment,Core,70.6,24.71,0
T07S05093,7,S05,C0176,store,treatment,Premium,103.79,43.59,1
T07S05094,7,S05,C0183,store,treatment,Value,86.06,36.14,1
T07S05095,7,S05,C0190,ecommerce,treatment,Core,131.61,55.27,1
T07S05096,7,S05,C0197,store,treatment,Premium,90.35,31.62,1
T07S05097,7,S05,C0004,store,treatment,Core,74.28,31.2,0
T07S05098,7,S05,C0011,store,treatment,Premium,100.17,42.07,1
T07S05099,7,S05,C0018,store,treatment,Value,53.51,22.47,0
T07S05100,7,S05,C0025,ecommerce,treatment,Core,132.26,46.29,1
T07S05101,7,S05,C0032,store,treatment,Premium,84.78,35.61,1
T07S05102,7,S05,C0039,store,treatment,Value,76.96,32.32,1
T07S05103,7,S05,C0046,store,treatment,Core,97.28,40.86,1
T07S05104,7,S05,C0053,store,treatment,Premium,103.05,36.07,1
T07S05105,7,S05,C0060,ecommerce,treatment,Value,65.17,27.37,0
T07S05106,7,S05,C0067,store,treatment,Core,82.19,34.52,1
T07S05107,7,S05,C0074,store,treatment,Premium,93.43,39.24,1
T07S05108,7,S05,C0081,store,treatment,Value,87.57,30.65,1
T07S05109,7,S05,C0088,store,treatment,Core,77.64,32.61,1
T07S05110,7,S05,C0095,ecommerce,treatment,Premium,109.61,46.03,1
T07S05111,7,S05,C0102,store,treatment,Value,100.86,42.36,1
T07S05112,7,S05,C0109,store,treatment,Core,110.92,38.82,1
T07S05113,7,S05,C0116,store,treatment,Premium,118.88,49.93,1
T07S05114,7,S05,C0123,store,treatment,Value,75.33,31.64,0
T07S05115,7,S05,C0130,ecommerce,treatment,Core,110.68,46.49,1
T07S05116,7,S05,C0137,store,treatment,Premium,106.28,37.2,1
T07S05117,7,S05,C0144,store,treatment,Value,80.89,33.97,1
T07S05118,7,S05,C0151,store,treatment,Core,86.92,36.5,1
T07S05119,7,S05,C0158,store,treatment,Premium,108.13,45.42,1
T07S05120,7,S05,C0165,ecommerce,treatment,Value,72.2,25.27,0
T07S05121,7,S05,C0172,store,treatment,Core,106.6,44.77,1
T07S05122,7,S05,C0179,store,treatment,Premium,88.09,37.0,1
T07S05123,7,S05,C0186,store,treatment,Value,48.45,20.35,0
T07S05124,7,S05,C0193,store,treatment,Core,74.7,26.15,0
T07S05125,7,S05,C0200,ecommerce,treatment,Premium,93.96,39.46,1
T07S05126,7,S05,C0007,store,treatment,Core,72.52,30.46,0
T07S05127,7,S05,C0014,store,treatment,Premium,101.59,42.67,1
T07S05128,7,S05,C0021,store,treatment,Value,84.72,29.65,1
T07S05129,7,S05,C0028,store,treatment,Core,79.46,33.38,1
T07S05130,7,S05,C0035,ecommerce,treatment,Premium,89.35,37.53,1
T07S05131,7,S05,C0042,store,treatment,Value,87.52,36.76,1
T07S05132,7,S05,C0049,store,treatment,Core,79.07,27.67,1
T07S05133,7,S05,C0056,store,treatment,Premium,99.74,41.89,1
T07S05134,7,S05,C0063,store,treatment,Value,69.42,29.16,0
T07S05135,7,S05,C0070,ecommerce,treatment,Core,91.41,38.39,1
T07S05136,7,S05,C0077,store,treatment,Premium,118.34,41.42,1
T07S05137,7,S05,C0084,store,treatment,Value,81.21,34.11,1
T07S05138,7,S05,C0091,store,treatment,Core,118.6,49.81,1
T07S05139,7,S05,C0098,store,treatment,Premium,114.47,48.08,1
T07S05140,7,S05,C0105,ecommerce,treatment,Value,63.22,22.13,0
T07S05141,7,S05,C0112,store,treatment,Core,99.99,42.0,1
T07S05142,7,S05,C0119,store,treatment,Premium,104.32,43.81,1
T07S05143,7,S05,C0126,store,treatment,Value,100.75,42.31,1
T07S05144,7,S05,C0133,store,treatment,Core,61.46,21.51,0
T07S05145,7,S05,C0140,ecommerce,treatment,Premium,135.36,56.85,1
T07S05146,7,S05,C0147,store,treatment,Value,55.75,23.41,0
T07S05147,7,S05,C0154,store,treatment,Core,79.37,33.33,1
T07S05148,7,S05,C0161,store,treatment,Premium,126.06,44.12,1
T07S05149,7,S05,C0168,store,treatment,Value,83.46,35.05,1
T07S05150,7,S05,C0175,ecommerce,treatment,Core,116.06,48.75,1
T07S05151,7,S05,C0182,store,treatment,Premium,103.65,43.53,1
T07S05152,7,S05,C0189,store,treatment,Value,102.89,36.01,1
T07S05153,7,S05,C0196,store,treatment,Core,99.33,41.72,1
T07S05154,7,S05,C0003,store,treatment,Value,64.17,26.95,0
T07S05155,7,S05,C0010,ecommerce,treatment,Core,66.59,27.97,0
T07S05156,7,S05,C0017,store,treatment,Premium,96.27,33.69,1
T07S05157,7,S05,C0024,store,treatment,Value,87.01,36.54,1
T07S05158,7,S05,C0031,store,treatment,Core,48.51,20.37,0
T07S05159,7,S05,C0038,store,treatment,Premium,81.38,34.18,1
T07S06000,7,S06,C0138,ecommerce,control,Value,92.29,32.3,1
T07S06001,7,S06,C0145,store,control,Core,59.2,24.86,0
T07S06002,7,S06,C0152,store,control,Premium,82.93,34.83,1
T07S06003,7,S06,C0159,store,control,Value,76.42,32.1,1
T07S06004,7,S06,C0166,store,control,Core,82.82,28.99,1
T07S06005,7,S06,C0173,ecommerce,control,Premium,105.68,44.39,1
T07S06006,7,S06,C0180,store,control,Value,96.29,40.44,1
T07S06007,7,S06,C0187,store,control,Core,90.37,37.96,1
T07S06008,7,S06,C0194,store,control,Premium,72.3,25.31,0
T07S06009,7,S06,C0001,store,control,Core,106.29,44.64,1
T07S06010,7,S06,C0008,ecommerce,control,Premium,109.21,45.87,1
T07S06011,7,S06,C0015,store,control,Value,83.3,34.99,1
T07S06012,7,S06,C0022,store,control,Core,58.9,20.61,0
T07S06013,7,S06,C0029,store,control,Premium,71.99,30.24,0
T07S06014,7,S06,C0036,store,control,Value,70.21,29.49,0
T07S06015,7,S06,C0043,ecommerce,control,Core,101.87,42.79,1
T07S06016,7,S06,C0050,store,control,Premium,70.03,24.51,0
T07S06017,7,S06,C0057,store,control,Value,61.3,25.75,0
T07S06018,7,S06,C0064,store,control,Core,44.69,18.77,0
T07S06019,7,S06,C0071,store,control,Premium,83.22,34.95,1
T07S06020,7,S06,C0078,ecommerce,control,Value,65.68,22.99,0
T07S06021,7,S06,C0085,store,control,Core,81.55,34.25,1
T07S06022,7,S06,C0092,store,control,Premium,81.5,34.23,1
T07S06023,7,S06,C0099,store,control,Value,52.04,21.86,0
T07S06024,7,S06,C0106,store,control,Core,90.61,31.71,1
T07S06025,7,S06,C0113,ecommerce,control,Premium,66.02,27.73,0
T07S06026,7,S06,C0120,store,control,Value,71.26,29.93,0
T07S06027,7,S06,C0127,store,control,Core,71.29,29.94,0
T07S06028,7,S06,C0134,store,control,Premium,101.04,35.36,1
T07S06029,7,S06,C0141,store,control,Value,70.7,29.69,0
T07S06030,7,S06,C0148,ecommerce,control,Core,119.53,50.2,1
T07S06031,7,S06,C0155,store,control,Premium,105.33,44.24,1
T07S06032,7,S06,C0162,store,control,Value,85.12,29.79,1
T07S06033,7,S06,C0169,store,control,Core,77.98,32.75,1
T07S06034,7,S06,C0176,store,control,Premium,115.32,48.43,1
T07S06035,7,S06,C0183,ecommerce,control,Value,84.67,35.56,1
T07S06036,7,S06,C0190,store,control,Core,82.55,28.89,1
T07S06037,7,S06,C0197,store,control,Premium,73.18,30.74,0
T07S06038,7,S06,C0004,store,control,Core,68.24,28.66,0
T07S06039,7,S06,C0011,store,control,Premium,81.78,34.35,1
T07S06040,7,S06,C0018,ecommerce,control,Value,113.29,39.65,1
T07S06041,7,S06,C0025,store,control,Core,55.18,23.18,0
T07S06042,7,S06,C0032,store,control,Premium,97.32,40.87,1
T07S06043,7,S06,C0039,store,control,Value,98.95,41.56,1
T07S06044,7,S06,C0046,store,control,Core,114.95,40.23,1
T07S06045,7,S06,C0053,ecommerce,control,Premium,101.44,42.6,1
T07S06046,7,S06,C0060,store,control,Value,76.71,32.22,1
T07S06047,7,S06,C0067,store,control,Core,63.72,26.76,0
T07S06048,7,S06,C0074,store,control,Premium,66.1,23.14,0
T07S06049,7,S06,C0081,store,control,Value,104.57,43.92,1
T07S06050,7,S06,C0088,ecommerce,control,Core,89.65,37.65,1
T07S06051,7,S06,C0095,store,control,Premium,53.67,22.54,0
T07S06052,7,S06,C0102,store,control,Value,75.57,26.45,0
T07S06053,7,S06,C0109,store,control,Core,64.4,27.05,0
T07S06054,7,S06,C0116,store,control,Premium,79.93,33.57,1
T07S06055,7,S06,C0123,ecommerce,control,Value,57.24,24.04,0
T07S06056,7,S06,C0130,store,control,Core,53.99,18.9,0
T07S06057,7,S06,C0137,store,control,Premium,75.13,31.56,0
T07S06058,7,S06,C0144,store,control,Value,87.67,36.82,1
T07S06059,7,S06,C0151,store,control,Core,87.84,36.89,1
T07S06060,7,S06,C0158,ecommerce,control,Premium,61.71,21.6,0
T07S06061,7,S06,C0165,store,control,Value,58.16,24.43,0
T07S06062,7,S06,C0172,store,control,Core,92.68,38.93,1
T07S06063,7,S06,C0179,store,control,Premium,73.22,30.75,0
T07S06064,7,S06,C0186,store,control,Value,87.22,30.53,1
T07S06065,7,S06,C0193,ecommerce,control,Core,63.87,26.83,0
T07S06066,7,S06,C0200,store,control,Premium,73.79,30.99,0
T07S06067,7,S06,C0007,store,control,Core,98.11,41.21,1
T07S06068,7,S06,C0014,store,control,Premium,87.89,30.76,1
T07S06069,7,S06,C0021,store,control,Value,73.98,31.07,0
T07S06070,7,S06,C0028,ecommerce,control,Core,83.25,34.97,1
T07S06071,7,S06,C0035,store,control,Premium,66.85,28.08,0
T07S06072,7,S06,C0042,store,control,Value,86.37,30.23,1
T07S06073,7,S06,C0049,store,control,Core,105.45,44.29,1
T07S06074,7,S06,C0056,store,control,Premium,90.25,37.9,1
T07S06075,7,S06,C0063,ecommerce,control,Value,70.39,29.57,0
T07S06076,7,S06,C0070,store,control,Core,58.86,20.6,0
T07S06077,7,S06,C0077,store,control,Premium,58.05,24.38,0
T07S06078,7,S06,C0084,store,control,Value,65.38,27.46,0
T07S06079,7,S06,C0091,store,control,Core,85.78,36.03,1
T07S06080,7,S06,C0098,ecommerce,control,Premium,102.75,35.96,1
T07S06081,7,S06,C0105,store,control,Value,67.12,28.19,0
T07S06082,7,S06,C0112,store,control,Core,118.94,49.96,1
T07S06083,7,S06,C0119,store,control,Premium,92.57,38.88,1
T07S06084,7,S06,C0126,store,control,Value,71.2,24.92,0
T07S06085,7,S06,C0133,ecommerce,control,Core,74.56,31.31,0
T07S06086,7,S06,C0140,store,control,Premium,118.13,49.62,1
T07S06087,7,S06,C0147,store,control,Value,85.86,36.06,1
T07S06088,7,S06,C0154,store,control,Core,100.84,35.29,1
T07S06089,7,S06,C0161,store,control,Premium,87.25,36.64,1
T07S06090,7,S06,C0168,ecommerce,control,Value,61.2,25.7,0
T07S06091,7,S06,C0175,store,control,Core,110.34,46.34,1
T07S06092,7,S06,C0182,store,control,Premium,69.52,24.33,0
T07S06093,7,S06,C0189,store,control,Value,85.46,35.89,1
T07S06094,7,S06,C0196,store,control,Core,60.74,25.51,0
T07S06095,7,S06,C0003,ecommerce,control,Value,81.23,34.12,1
T07S06096,7,S06,C0010,store,control,Core,56.47,19.76,0
T07S06097,7,S06,C0017,store,control,Premium,85.77,36.02,1
T07S06098,7,S06,C0024,store,control,Value,59.03,24.79,0
T07S06099,7,S06,C0031,store,control,Core,84.23,35.38,1
T07S06100,7,S06,C0038,ecommerce,control,Premium,106.92,37.42,1
T07S06101,7,S06,C0045,store,control,Value,43.16,18.13,0
T07S06102,7,S06,C0052,store,control,Core,76.24,32.02,1
T07S06103,7,S06,C0059,store,control,Premium,100.5,42.21,1
T07S06104,7,S06,C0066,store,control,Value,47.93,16.77,0
T07S06105,7,S06,C0073,ecommerce,control,Core,94.83,39.83,1
T07S06106,7,S06,C0080,store,control,Premium,67.09,28.18,0
T07S06107,7,S06,C0087,store,control,Value,73.1,30.7,0
T07S06108,7,S06,C0094,store,control,Core,75.42,26.4,0
T07S06109,7,S06,C0101,store,control,Premium,56.47,23.72,0
T07S06110,7,S06,C0108,ecommerce,control,Value,73.6,30.91,0
T07S06111,7,S06,C0115,store,control,Core,79.01,33.18,1
T07S06112,7,S06,C0122,store,control,Premium,78.36,27.42,1
T07S06113,7,S06,C0129,store,control,Value,75.31,31.63,0
T07S06114,7,S06,C0136,store,control,Core,87.54,36.77,1
T07S06115,7,S06,C0143,ecommerce,control,Premium,90.19,37.88,1
T07S06116,7,S06,C0150,store,control,Value,61.43,21.5,0
T07S06117,7,S06,C0157,store,control,Core,49.95,20.98,0
T07S06118,7,S06,C0164,store,control,Premium,73.82,31.0,0
T07S06119,7,S06,C0171,store,control,Value,43.64,18.33,0
T07S06120,7,S06,C0178,ecommerce,control,Core,49.96,17.49,0
T07S06121,7,S06,C0185,store,control,Premium,98.4,41.33,1
T07S06122,7,S06,C0192,store,control,Value,53.92,22.65,0
T07S06123,7,S06,C0199,store,control,Core,72.31,30.37,0
T07S06124,7,S06,C0006,store,control,Value,97.91,34.27,1
T07S06125,7,S06,C0013,ecommerce,control,Core,68.97,28.97,0
T07S06126,7,S06,C0020,store,control,Premium,99.06,41.6,1
T07S06127,7,S06,C0027,store,control,Value,60.49,25.4,0
T07S06128,7,S06,C0034,store,control,Core,80.53,28.18,1
T07S06129,7,S06,C0041,store,control,Premium,101.43,42.6,1
T07S06130,7,S06,C0048,ecommerce,control,Value,90.39,37.97,1
T07S06131,7,S06,C0055,store,control,Core,48.72,20.46,0
T07S06132,7,S06,C0062,store,control,Premium,104.93,36.73,1
T07S06133,7,S06,C0069,store,control,Value,61.84,25.97,0
T07S06134,7,S06,C0076,store,control,Core,90.19,37.88,1
T07S06135,7,S06,C0083,ecommerce,control,Premium,105.29,44.22,1
T07S06136,7,S06,C0090,store,control,Value,84.35,29.52,1
T07S06137,7,S06,C0097,store,control,Core,79.94,33.57,1
T07S06138,7,S06,C0104,store,control,Premium,105.34,44.24,1
T07S06139,7,S06,C0111,store,control,Value,70.87,29.77,0
T07S06140,7,S06,C0118,ecommerce,control,Core,46.68,16.34,0
T07S06141,7,S06,C0125,store,control,Premium,80.84,33.95,1
T07S06142,7,S06,C0132,store,control,Value,61.29,25.74,0
T07S06143,7,S06,C0139,store,control,Core,39.39,16.54,0
T07S06144,7,S06,C0146,store,control,Premium,98.36,34.42,1
T07S06145,7,S06,C0153,ecommerce,control,Value,86.42,36.3,1
T07S06146,7,S06,C0160,store,control,Core,69.16,29.05,0
T07S06147,7,S06,C0167,store,control,Premium,70.6,29.65,0
T07S06148,7,S06,C0174,store,control,Value,89.05,31.17,1
T07S06149,7,S06,C0181,store,control,Core,71.28,29.94,0
T07S06150,7,S06,C0188,ecommerce,control,Premium,81.82,34.36,1
T07S06151,7,S06,C0195,store,control,Value,88.44,37.15,1
T07S06152,7,S06,C0002,store,control,Premium,85.49,29.92,1
T07S06153,7,S06,C0009,store,control,Value,87.56,36.78,1
T07S06154,7,S06,C0016,store,control,Core,69.24,29.08,0
T07S06155,7,S06,C0023,ecommerce,control,Premium,74.56,31.32,0
T07S06156,7,S06,C0030,store,control,Value,44.66,15.63,0
T07S06157,7,S06,C0037,store,control,Core,65.39,27.46,0
T07S06158,7,S06,C0044,store,control,Premium,82.11,34.49,1
T07S06159,7,S06,C0051,store,control,Value,99.42,41.76,1
T07S07000,7,S07,C0151,ecommerce,treatment,Core,88.55,30.99,1
T07S07001,7,S07,C0158,store,treatment,Premium,107.81,45.28,1
T07S07002,7,S07,C0165,store,treatment,Value,65.09,27.34,0
T07S07003,7,S07,C0172,store,treatment,Core,84.05,35.3,1
T07S07004,7,S07,C0179,store,treatment,Premium,123.88,43.36,1
T07S07005,7,S07,C0186,ecommerce,treatment,Value,111.97,47.03,1
T07S07006,7,S07,C0193,store,treatment,Core,69.65,29.25,0
T07S07007,7,S07,C0200,store,treatment,Premium,127.28,53.46,1
T07S07008,7,S07,C0007,store,treatment,Core,94.46,33.06,1
T07S07009,7,S07,C0014,store,treatment,Premium,97.56,40.98,1
T07S07010,7,S07,C0021,ecommerce,treatment,Value,133.0,55.86,1
T07S07011,7,S07,C0028,store,treatment,Core,73.9,31.04,0
T07S07012,7,S07,C0035,store,treatment,Premium,113.05,39.57,1
T07S07013,7,S07,C0042,store,treatment,Value,63.89,26.84,0
T07S07014,7,S07,C0049,store,treatment,Core,104.24,43.78,1
T07S07015,7,S07,C0056,ecommerce,treatment,Premium,108.33,45.5,1
T07S07016,7,S07,C0063,store,treatment,Value,81.87,28.66,1
T07S07017,7,S07,C0070,store,treatment,Core,89.56,37.61,1
T07S07018,7,S07,C0077,store,treatment,Premium,86.11,36.17,1
T07S07019,7,S07,C0084,store,treatment,Value,111.77,46.94,1
T07S07020,7,S07,C0091,ecommerce,treatment,Core,91.22,31.93,1
T07S07021,7,S07,C0098,store,treatment,Premium,90.89,38.17,1
T07S07022,7,S07,C0105,store,treatment,Value,67.62,28.4,0
T07S07023,7,S07,C0112,store,treatment,Core,90.71,38.1,1
T07S07024,7,S07,C0119,store,treatment,Premium,118.09,41.33,1
T07S07025,7,S07,C0126,ecommerce,treatment,Value,81.06,34.05,1
T07S07026,7,S07,C0133,store,treatment,Core,65.66,27.58,0
T07S07027,7,S07,C0140,store,treatment,Premium,129.96,54.58,1
T07S07028,7,S07,C0147,store,treatment,Value,60.66,21.23,0
T07S07029,7,S07,C0154,store,treatment,Core,89.03,37.39,1
T07S07030,7,S07,C0161,ecommerce,treatment,Premium,127.11,53.39,1
T07S07031,7,S07,C0168,store,treatment,Value,91.58,38.46,1
T07S07032,7,S07,C0175,store,treatment,Core,107.41,37.59,1
T07S07033,7,S07,C0182,store,treatment,Premium,116.14,48.78,1
T07S07034,7,S07,C0189,store,treatment,Value,91.24,38.32,1
T07S07035,7,S07,C0196,ecommerce,treatment,Core,81.35,34.17,1
T07S07036,7,S07,C0003,store,treatment,Value,97.53,34.14,1
T07S07037,7,S07,C0010,store,treatment,Core,113.8,47.8,1
T07S07038,7,S07,C0017,store,treatment,Premium,103.95,43.66,1
T07S07039,7,S07,C0024,store,treatment,Value,69.53,29.2,0
T07S07040,7,S07,C0031,ecommerce,treatment,Core,83.94,29.38,1
T07S07041,7,S07,C0038,store,treatment,Premium,99.35,41.73,1
T07S07042,7,S07,C0045,store,treatment,Value,103.22,43.35,1
T07S07043,7,S07,C0052,store,treatment,Core,120.56,50.63,1
T07S07044,7,S07,C0059,store,treatment,Premium,98.86,34.6,1
T07S07045,7,S07,C0066,ecommerce,treatment,Value,71.63,30.09,0
T07S07046,7,S07,C0073,store,treatment,Core,73.69,30.95,0
T07S07047,7,S07,C0080,store,treatment,Premium,134.24,56.38,1
T07S07048,7,S07,C0087,store,treatment,Value,85.71,30.0,1
T07S07049,7,S07,C0094,store,treatment,Core,84.73,35.58,1
T07S07050,7,S07,C0101,ecommerce,treatment,Premium,78.62,33.02,1
T07S07051,7,S07,C0108,store,treatment,Value,45.13,18.95,0
T07S07052,7,S07,C0115,store,treatment,Core,80.16,28.06,1
T07S07053,7,S07,C0122,store,treatment,Premium,102.91,43.22,1
T07S07054,7,S07,C0129,store,treatment,Value,126.95,53.32,1
T07S07055,7,S07,C0136,ecommerce,treatment,Core,112.43,47.22,1
T07S07056,7,S07,C0143,store,treatment,Premium,122.48,42.87,1
T07S07057,7,S07,C0150,store,treatment,Value,78.31,32.89,1
T07S07058,7,S07,C0157,store,treatment,Core,109.55,46.01,1
T07S07059,7,S07,C0164,store,treatment,Premium,93.68,39.34,1
T07S07060,7,S07,C0171,ecommerce,treatment,Value,94.85,33.2,1
T07S07061,7,S07,C0178,store,treatment,Core,105.56,44.33,1
T07S07062,7,S07,C0185,store,treatment,Premium,104.33,43.82,1
T07S07063,7,S07,C0192,store,treatment,Value,70.65,29.68,0
T07S07064,7,S07,C0199,store,treatment,Core,108.49,37.97,1
T07S07065,7,S07,C0006,ecommerce,treatment,Value,121.93,51.21,1
T07S07066,7,S07,C0013,store,treatment,Core,142.06,59.66,1
T07S07067,7,S07,C0020,store,treatment,Premium,124.22,52.17,1
T07S07068,7,S07,C0027,store,treatment,Value,105.7,37.0,1
T07S07069,7,S07,C0034,store,treatment,Core,115.83,48.65,1
T07S07070,7,S07,C0041,ecommerce,treatment,Premium,80.6,33.85,1
T07S07071,7,S07,C0048,store,treatment,Value,76.19,32.0,1
T07S07072,7,S07,C0055,store,treatment,Core,97.5,34.12,1
T07S07073,7,S07,C0062,store,treatment,Premium,90.58,38.04,1
T07S07074,7,S07,C0069,store,treatment,Value,78.0,32.76,1
T07S07075,7,S07,C0076,ecommerce,treatment,Core,114.83,48.23,1
T07S07076,7,S07,C0083,store,treatment,Premium,124.68,43.64,1
T07S07077,7,S07,C0090,store,treatment,Value,86.91,36.5,1
T07S07078,7,S07,C0097,store,treatment,Core,112.42,47.22,1
T07S07079,7,S07,C0104,store,treatment,Premium,87.95,36.94,1
T07S07080,7,S07,C0111,ecommerce,treatment,Value,51.33,17.96,0
T07S07081,7,S07,C0118,store,treatment,Core,84.57,35.52,1
T07S07082,7,S07,C0125,store,treatment,Premium,144.22,60.57,1
T07S07083,7,S07,C0132,store,treatment,Value,104.69,43.97,1
T07S07084,7,S07,C0139,store,treatment,Core,65.85,23.05,0
T07S07085,7,S07,C0146,ecommerce,treatment,Premium,80.45,33.79,1
T07S07086,7,S07,C0153,store,treatment,Value,67.78,28.47,0
T07S07087,7,S07,C0160,store,treatment,Core,108.14,45.42,1
T07S07088,7,S07,C0167,store,treatment,Premium,145.49,50.92,1
T07S07089,7,S07,C0174,store,treatment,Value,71.98,30.23,0
T07S07090,7,S07,C0181,ecommerce,treatment,Core,82.0,34.44,1
T07S07091,7,S07,C0188,store,treatment,Premium,122.27,51.35,1
T07S07092,7,S07,C0195,store,treatment,Value,101.96,35.69,1
T07S07093,7,S07,C0002,store,treatment,Premium,102.95,43.24,1
T07S07094,7,S07,C0009,store,treatment,Value,86.19,36.2,1
T07S07095,7,S07,C0016,ecommerce,treatment,Core,112.26,47.15,1
T07S07096,7,S07,C0023,store,treatment,Premium,89.65,31.38,1
T07S07097,7,S07,C0030,store,treatment,Value,99.01,41.58,1
T07S07098,7,S07,C0037,store,treatment,Core,89.13,37.44,1
T07S07099,7,S07,C0044,store,treatment,Premium,112.8,47.37,1
T07S07100,7,S07,C0051,ecommerce,treatment,Value,105.56,36.95,1
T07S07101,7,S07,C0058,store,treatment,Core,64.96,27.28,0
T07S07102,7,S07,C0065,store,treatment,Premium,130.83,54.95,1
T07S07103,7,S07,C0072,store,treatment,Value,70.21,29.49,0
T07S07104,7,S07,C0079,store,treatment,Core,107.42,37.6,1
T07S07105,7,S07,C0086,ecommerce,treatment,Premium,109.88,46.15,1
T07S07106,7,S07,C0093,store,treatment,Value,99.53,41.8,1
T07S07107,7,S07,C0100,store,treatment,Core,122.14,51.3,1
T07S07108,7,S07,C0107,store,treatment,Premium,147.85,51.75,1
T07S07109,7,S07,C0114,store,treatment,Value,83.57,35.1,1
T07S07110,7,S07,C0121,ecommerce,treatment,Core,122.1,51.28,1
T07S07111,7,S07,C0128,store,treatment,Premium,119.59,50.23,1
T07S07112,7,S07,C0135,store,treatment,Value,79.86,27.95,1
T07S07113,7,S07,C0142,store,treatment,Core,64.71,27.18,0
T07S07114,7,S07,C0149,store,treatment,Premium,86.31,36.25,1
T07S07115,7,S07,C0156,ecommerce,treatment,Value,93.66,39.34,1
T07S07116,7,S07,C0163,store,treatment,Core,76.62,26.82,1
T07S07117,7,S07,C0170,store,treatment,Premium,121.26,50.93,1
T07S07118,7,S07,C0177,store,treatment,Value,92.36,38.79,1
T07S07119,7,S07,C0184,store,treatment,Core,65.89,27.68,0
T07S07120,7,S07,C0191,ecommerce,treatment,Premium,110.29,38.6,1
T07S07121,7,S07,C0198,store,treatment,Value,110.55,46.43,1
T07S07122,7,S07,C0005,store,treatment,Premium,126.48,53.12,1
T07S07123,7,S07,C0012,store,treatment,Value,96.45,40.51,1
T07S07124,7,S07,C0019,store,treatment,Core,94.75,33.16,1
T07S07125,7,S07,C0026,ecommerce,treatment,Premium,100.7,42.3,1
T07S07126,7,S07,C0033,store,treatment,Value,86.3,36.25,1
T07S07127,7,S07,C0040,store,treatment,Core,97.15,40.8,1
T07S07128,7,S07,C0047,store,treatment,Premium,89.27,31.24,1
T07S07129,7,S07,C0054,store,treatment,Value,66.5,27.93,0
T07S07130,7,S07,C0061,ecommerce,treatment,Core,102.84,43.19,1
T07S07131,7,S07,C0068,store,treatment,Premium,112.12,47.09,1
T07S07132,7,S07,C0075,store,treatment,Value,45.58,15.95,0
T07S07133,7,S07,C0082,store,treatment,Core,77.14,32.4,1
T07S07134,7,S07,C0089,store,treatment,Premium,96.64,40.59,1
T07S07135,7,S07,C0096,ecommerce,treatment,Value,78.63,33.02,1
T07S07136,7,S07,C0103,store,treatment,Core,97.37,34.08,1
T07S07137,7,S07,C0110,store,treatment,Premium,102.61,43.09,1
T07S07138,7,S07,C0117,store,treatment,Value,63.45,26.65,0
T07S07139,7,S07,C0124,store,treatment,Core,117.46,49.33,1
T07S07140,7,S07,C0131,ecommerce,treatment,Premium,81.28,28.45,1
T07S07141,7,S07,C0138,store,treatment,Value,83.26,34.97,1
T07S07142,7,S07,C0145,store,treatment,Core,73.75,30.97,0
T07S07143,7,S07,C0152,store,treatment,Premium,83.68,35.14,1
T07S07144,7,S07,C0159,store,treatment,Value,80.24,28.09,1
T07S07145,7,S07,C0166,ecommerce,treatment,Core,117.56,49.37,1
T07S07146,7,S07,C0173,store,treatment,Premium,114.45,48.07,1
T07S07147,7,S07,C0180,store,treatment,Value,84.18,35.36,1
T07S07148,7,S07,C0187,store,treatment,Core,123.21,43.12,1
T07S07149,7,S07,C0194,store,treatment,Premium,134.25,56.39,1
T07S07150,7,S07,C0001,ecommerce,treatment,Core,110.15,46.26,1
T07S07151,7,S07,C0008,store,treatment,Premium,96.7,40.61,1
T07S07152,7,S07,C0015,store,treatment,Value,85.5,29.92,1
T07S07153,7,S07,C0022,store,treatment,Core,95.23,39.99,1
T07S07154,7,S07,C0029,store,treatment,Premium,142.71,59.94,1
T07S07155,7,S07,C0036,ecommerce,treatment,Value,98.88,41.53,1
T07S07156,7,S07,C0043,store,treatment,Core,115.78,40.52,1
T07S07157,7,S07,C0050,store,treatment,Premium,89.47,37.58,1
T07S07158,7,S07,C0057,store,treatment,Value,91.35,38.37,1
T07S07159,7,S07,C0064,store,treatment,Core,107.73,45.25,1
T07S08000,7,S08,C0164,ecommerce,control,Premium,94.94,33.23,1
T07S08001,7,S08,C0171,store,control,Value,89.31,37.51,1
T07S08002,7,S08,C0178,store,control,Core,94.39,39.64,1
T07S08003,7,S08,C0185,store,control,Premium,87.24,36.64,1
T07S08004,7,S08,C0192,store,control,Value,72.03,25.21,0
T07S08005,7,S08,C0199,ecommerce,control,Core,86.15,36.18,1
T07S08006,7,S08,C0006,store,control,Value,88.79,37.29,1
T07S08007,7,S08,C0013,store,control,Core,97.51,40.95,1
T07S08008,7,S08,C0020,store,control,Premium,86.82,30.39,1
T07S08009,7,S08,C0027,store,control,Value,96.28,40.44,1
T07S08010,7,S08,C0034,ecommerce,control,Core,58.46,24.55,0
T07S08011,7,S08,C0041,store,control,Premium,108.33,45.5,1
T07S08012,7,S08,C0048,store,control,Value,74.15,25.95,0
T07S08013,7,S08,C0055,store,control,Core,64.11,26.93,0
T07S08014,7,S08,C0062,store,control,Premium,103.86,43.62,1
T07S08015,7,S08,C0069,ecommerce,control,Value,75.34,31.64,0
T07S08016,7,S08,C0076,store,control,Core,69.52,24.33,0
T07S08017,7,S08,C0083,store,control,Premium,88.85,37.32,1
T07S08018,7,S08,C0090,store,control,Value,129.21,54.27,1
T07S08019,7,S08,C0097,store,control,Core,75.84,31.85,0
T07S08020,7,S08,C0104,ecommerce,control,Premium,66.4,23.24,0
T07S08021,7,S08,C0111,store,control,Value,98.49,41.37,1
T07S08022,7,S08,C0118,store,control,Core,90.72,38.1,1
T07S08023,7,S08,C0125,store,control,Premium,144.95,60.88,1
T07S08024,7,S08,C0132,store,control,Value,82.19,28.77,1
T07S08025,7,S08,C0139,ecommerce,control,Core,57.44,24.12,0
T07S08026,7,S08,C0146,store,control,Premium,72.81,30.58,0
T07S08027,7,S08,C0153,store,control,Value,58.95,24.76,0
T07S08028,7,S08,C0160,store,control,Core,98.27,34.39,1
T07S08029,7,S08,C0167,store,control,Premium,108.23,45.46,1
T07S08030,7,S08,C0174,ecommerce,control,Value,87.3,36.67,1
T07S08031,7,S08,C0181,store,control,Core,85.25,35.8,1
T07S08032,7,S08,C0188,store,control,Premium,74.09,25.93,0
T07S08033,7,S08,C0195,store,control,Value,105.55,44.33,1
T07S08034,7,S08,C0002,store,control,Premium,54.13,22.73,0
T07S08035,7,S08,C0009,ecommerce,control,Value,86.37,36.28,1
T07S08036,7,S08,C0016,store,control,Core,84.72,29.65,1
T07S08037,7,S08,C0023,store,control,Premium,97.27,40.85,1
T07S08038,7,S08,C0030,store,control,Value,71.13,29.88,0
T07S08039,7,S08,C0037,store,control,Core,62.54,26.27,0
T07S08040,7,S08,C0044,ecommerce,control,Premium,112.51,39.38,1
T07S08041,7,S08,C0051,store,control,Value,87.83,36.89,1
T07S08042,7,S08,C0058,store,control,Core,93.89,39.43,1
T07S08043,7,S08,C0065,store,control,Premium,150.99,63.41,1
T07S08044,7,S08,C0072,store,control,Value,62.6,21.91,0
T07S08045,7,S08,C0079,ecommerce,control,Core,75.89,31.87,0
T07S08046,7,S08,C0086,store,control,Premium,94.9,39.86,1
T07S08047,7,S08,C0093,store,control,Value,79.56,33.42,1
T07S08048,7,S08,C0100,store,control,Core,49.77,17.42,0
T07S08049,7,S08,C0107,store,control,Premium,104.29,43.8,1
T07S08050,7,S08,C0114,ecommerce,control,Value,78.78,33.09,1
T07S08051,7,S08,C0121,store,control,Core,78.25,32.86,1
T07S08052,7,S08,C0128,store,control,Premium,99.81,34.94,1
T07S08053,7,S08,C0135,store,control,Value,87.49,36.75,1
T07S08054,7,S08,C0142,store,control,Core,47.19,19.82,0
T07S08055,7,S08,C0149,ecommerce,control,Premium,74.73,31.39,0
T07S08056,7,S08,C0156,store,control,Value,76.8,26.88,1
T07S08057,7,S08,C0163,store,control,Core,66.55,27.95,0
T07S08058,7,S08,C0170,store,control,Premium,72.81,30.58,0
T07S08059,7,S08,C0177,store,control,Value,91.92,38.61,1
T07S08060,7,S08,C0184,ecommerce,control,Core,66.46,23.26,0
T07S08061,7,S08,C0191,store,control,Premium,78.25,32.87,1
T07S08062,7,S08,C0198,store,control,Value,105.27,44.22,1
T07S08063,7,S08,C0005,store,control,Premium,79.42,33.35,1
T07S08064,7,S08,C0012,store,control,Value,57.71,20.2,0
T07S08065,7,S08,C0019,ecommerce,control,Core,96.19,40.4,1
T07S08066,7,S08,C0026,store,control,Premium,68.12,28.61,0
T07S08067,7,S08,C0033,store,control,Value,73.11,30.71,0
T07S08068,7,S08,C0040,store,control,Core,71.59,25.06,0
T07S08069,7,S08,C0047,store,control,Premium,73.77,30.99,0
T07S08070,7,S08,C0054,ecommerce,control,Value,80.81,33.94,1
T07S08071,7,S08,C0061,store,control,Core,85.47,35.9,1
T07S08072,7,S08,C0068,store,control,Premium,91.57,32.05,1
T07S08073,7,S08,C0075,store,control,Value,111.77,46.94,1
T07S08074,7,S08,C0082,store,control,Core,73.52,30.88,0
T07S08075,7,S08,C0089,ecommerce,control,Premium,69.12,29.03,0
T07S08076,7,S08,C0096,store,control,Value,73.19,25.62,0
T07S08077,7,S08,C0103,store,control,Core,53.95,22.66,0
T07S08078,7,S08,C0110,store,control,Premium,104.23,43.78,1
T07S08079,7,S08,C0117,store,control,Value,85.72,36.0,1
T07S08080,7,S08,C0124,ecommerce,control,Core,66.32,23.21,0
T07S08081,7,S08,C0131,store,control,Premium,103.38,43.42,1
T07S08082,7,S08,C0138,store,control,Value,97.43,40.92,1
T07S08083,7,S08,C0145,store,control,Core,71.52,30.04,0
T07S08084,7,S08,C0152,store,control,Premium,113.21,39.62,1
T07S08085,7,S08,C0159,ecommerce,control,Value,66.25,27.83,0
T07S08086,7,S08,C0166,store,control,Core,72.43,30.42,0
T07S08087,7,S08,C0173,store,control,Premium,66.63,27.98,0
T07S08088,7,S08,C0180,store,control,Value,36.28,12.7,0
T07S08089,7,S08,C0187,store,control,Core,103.45,43.45,1
T07S08090,7,S08,C0194,ecommerce,control,Premium,134.22,56.37,1
T07S08091,7,S08,C0001,store,control,Core,59.88,25.15,0
T07S08092,7,S08,C0008,store,control,Premium,70.09,24.53,0
T07S08093,7,S08,C0015,store,control,Value,88.87,37.32,1
T07S08094,7,S08,C0022,store,control,Core,72.78,30.57,0
T07S08095,7,S08,C0029,ecommerce,control,Premium,126.0,52.92,1
T07S08096,7,S08,C0036,store,control,Value,81.04,28.36,1
T07S08097,7,S08,C0043,store,control,Core,75.91,31.88,0
T07S08098,7,S08,C0050,store,control,Premium,80.11,33.65,1
T07S08099,7,S08,C0057,store,control,Value,93.87,39.43,1
T07S08100,7,S08,C0064,ecommerce,control,Core,91.36,31.98,1
T07S08101,7,S08,C0071,store,control,Premium,101.31,42.55,1
T07S08102,7,S08,C0078,store,control,Value,78.38,32.92,1
T07S08103,7,S08,C0085,store,control,Core,65.63,27.57,0
T07S08104,7,S08,C0092,store,control,Premium,115.26,40.34,1
T07S08105,7,S08,C0099,ecommerce,control,Value,77.0,32.34,1
T07S08106,7,S08,C0106,store,control,Core,93.46,39.25,1
T07S08107,7,S08,C0113,store,control,Premium,117.45,49.33,1
T07S08108,7,S08,C0120,store,control,Value,77.75,27.21,1
T07S08109,7,S08,C0127,store,control,Core,85.88,36.07,1
T07S08110,7,S08,C0134,ecommerce,control,Premium,95.91,40.28,1
T07S08111,7,S08,C0141,store,control,Value,89.63,37.65,1
T07S08112,7,S08,C0148,store,control,Core,74.59,26.11,0
T07S08113,7,S08,C0155,store,control,Premium,90.76,38.12,1
T07S08114,7,S08,C0162,store,control,Value,52.74,22.15,0
T07S08115,7,S08,C0169,ecommerce,control,Core,76.99,32.34,1
T07S08116,7,S08,C0176,store,control,Premium,101.6,35.56,1
T07S08117,7,S08,C0183,store,control,Value,97.11,40.79,1
T07S08118,7,S08,C0190,store,control,Core,89.95,37.78,1
T07S08119,7,S08,C0197,store,control,Premium,93.63,39.33,1
T07S08120,7,S08,C0004,ecommerce,control,Core,57.6,20.16,0
T07S08121,7,S08,C0011,store,control,Premium,115.69,48.59,1
T07S08122,7,S08,C0018,store,control,Value,93.58,39.3,1
T07S08123,7,S08,C0025,store,control,Core,50.19,21.08,0
T07S08124,7,S08,C0032,store,control,Premium,110.68,38.74,1
T07S08125,7,S08,C0039,ecommerce,control,Value,87.48,36.74,1
T07S08126,7,S08,C0046,store,control,Core,99.68,41.87,1
T07S08127,7,S08,C0053,store,control,Premium,103.72,43.56,1
T07S08128,7,S08,C0060,store,control,Value,77.41,27.09,1
T07S08129,7,S08,C0067,store,control,Core,92.68,38.92,1
T07S08130,7,S08,C0074,ecommerce,control,Premium,94.21,39.57,1
T07S08131,7,S08,C0081,store,control,Value,92.85,39.0,1
T07S08132,7,S08,C0088,store,control,Core,93.68,32.79,1
T07S08133,7,S08,C0095,store,control,Premium,73.99,31.08,0
T07S08134,7,S08,C0102,store,control,Value,90.81,38.14,1
T07S08135,7,S08,C0109,ecommerce,control,Core,64.01,26.88,0
T07S08136,7,S08,C0116,store,control,Premium,125.0,43.75,1
T07S08137,7,S08,C0123,store,control,Value,44.92,18.87,0
T07S08138,7,S08,C0130,store,control,Core,75.87,31.87,0
T07S08139,7,S08,C0137,store,control,Premium,63.79,26.79,0
T07S08140,7,S08,C0144,ecommerce,control,Value,66.35,23.22,0
T07S08141,7,S08,C0151,store,control,Core,67.49,28.34,0
T07S08142,7,S08,C0158,store,control,Premium,108.58,45.6,1
T07S08143,7,S08,C0165,store,control,Value,70.04,29.42,0
T07S08144,7,S08,C0172,store,control,Core,107.22,37.53,1
T07S08145,7,S08,C0179,ecommerce,control,Premium,105.43,44.28,1
T07S08146,7,S08,C0186,store,control,Value,67.5,28.35,0
T07S08147,7,S08,C0193,store,control,Core,84.31,35.41,1
T07S08148,7,S08,C0200,store,control,Premium,75.86,26.55,0
T07S08149,7,S08,C0007,store,control,Core,64.85,27.24,0
T07S08150,7,S08,C0014,ecommerce,control,Premium,79.72,33.48,1
T07S08151,7,S08,C0021,store,control,Value,88.63,37.23,1
T07S08152,7,S08,C0028,store,control,Core,54.4,19.04,0
T07S08153,7,S08,C0035,store,control,Premium,99.38,41.74,1
T07S08154,7,S08,C0042,store,control,Value,83.72,35.16,1
T07S08155,7,S08,C0049,ecommerce,control,Core,91.68,38.51,1
T07S08156,7,S08,C0056,store,control,Premium,80.0,28.0,1
T07S08157,7,S08,C0063,store,control,Value,91.53,38.44,1
T07S08158,7,S08,C0070,store,control,Core,114.26,47.99,1
T07S08159,7,S08,C0077,store,control,Premium,73.77,30.99,0
T08S01000,8,S01,C0110,ecommerce,treatment,Premium,87.64,30.67,1
T08S01001,8,S01,C0117,store,treatment,Value,87.53,36.76,1
T08S01002,8,S01,C0124,store,treatment,Core,98.82,41.51,1
T08S01003,8,S01,C0131,store,treatment,Premium,116.5,48.93,1
T08S01004,8,S01,C0138,store,treatment,Value,93.77,32.82,1
T08S01005,8,S01,C0145,ecommerce,treatment,Core,121.74,51.13,1
T08S01006,8,S01,C0152,store,treatment,Premium,111.43,46.8,1
T08S01007,8,S01,C0159,store,treatment,Value,112.98,47.45,1
T08S01008,8,S01,C0166,store,treatment,Core,151.13,52.9,1
T08S01009,8,S01,C0173,store,treatment,Premium,89.97,37.79,1
T08S01010,8,S01,C0180,ecommerce,treatment,Value,121.92,51.21,1
T08S01011,8,S01,C0187,store,treatment,Core,93.55,39.29,1
T08S01012,8,S01,C0194,store,treatment,Premium,116.7,40.85,1
T08S01013,8,S01,C0001,store,treatment,Core,142.13,59.69,1
T08S01014,8,S01,C0008,store,treatment,Premium,86.49,36.32,1
T08S01015,8,S01,C0015,ecommerce,treatment,Value,58.04,24.38,0
T08S01016,8,S01,C0022,store,treatment,Core,109.01,38.15,1
T08S01017,8,S01,C0029,store,treatment,Premium,92.96,39.05,1
T08S01018,8,S01,C0036,store,treatment,Value,111.64,46.89,1
T08S01019,8,S01,C0043,store,treatment,Core,96.78,40.65,1
T08S01020,8,S01,C0050,ecommerce,treatment,Premium,93.14,32.6,1
T08S01021,8,S01,C0057,store,treatment,Value,113.9,47.84,1
T08S01022,8,S01,C0064,store,treatment,Core,77.88,32.71,1
T08S01023,8,S01,C0071,store,treatment,Premium,141.27,59.33,1
T08S01024,8,S01,C0078,store,treatment,Value,50.69,17.74,0
T08S01025,8,S01,C0085,ecommerce,treatment,Core,99.53,41.8,1
T08S01026,8,S01,C0092,store,treatment,Premium,61.63,25.88,0
T08S01027,8,S01,C0099,store,treatment,Value,85.49,35.91,1
T08S01028,8,S01,C0106,store,treatment,Core,71.18,24.91,0
T08S01029,8,S01,C0113,store,treatment,Premium,126.51,53.13,1
T08S01030,8,S01,C0120,ecommerce,treatment,Value,92.1,38.68,1
T08S01031,8,S01,C0127,store,treatment,Core,87.17,36.61,1
T08S01032,8,S01,C0134,store,treatment,Premium,108.8,38.08,1
T08S01033,8,S01,C0141,store,treatment,Value,96.06,40.34,1
T08S01034,8,S01,C0148,store,treatment,Core,110.84,46.55,1
T08S01035,8,S01,C0155,ecommerce,treatment,Premium,112.52,47.26,1
T08S01036,8,S01,C0162,store,treatment,Value,90.85,31.8,1
T08S01037,8,S01,C0169,store,treatment,Core,87.51,36.75,1
T08S01038,8,S01,C0176,store,treatment,Premium,114.39,48.05,1
T08S01039,8,S01,C0183,store,treatment,Value,110.23,46.3,1
T08S01040,8,S01,C0190,ecommerce,treatment,Core,111.84,39.15,1
T08S01041,8,S01,C0197,store,treatment,Premium,110.57,46.44,1
T08S01042,8,S01,C0004,store,treatment,Core,94.34,39.62,1
T08S01043,8,S01,C0011,store,treatment,Premium,104.18,43.76,1
T08S01044,8,S01,C0018,store,treatment,Value,54.31,19.01,0
T08S01045,8,S01,C0025,ecommerce,treatment,Core,77.75,32.65,1
T08S01046,8,S01,C0032,store,treatment,Premium,125.84,52.85,1
T08S01047,8,S01,C0039,store,treatment,Value,88.09,37.0,1
T08S01048,8,S01,C0046,store,treatment,Core,77.47,27.11,1
T08S01049,8,S01,C0053,store,treatment,Premium,119.97,50.39,1
T08S01050,8,S01,C0060,ecommerce,treatment,Value,52.87,22.21,0
T08S01051,8,S01,C0067,store,treatment,Core,119.6,50.23,1
T08S01052,8,S01,C0074,store,treatment,Premium,112.59,39.41,1
T08S01053,8,S01,C0081,store,treatment,Value,101.77,42.75,1
T08S01054,8,S01,C0088,store,treatment,Core,97.44,40.92,1
T08S01055,8,S01,C0095,ecommerce,treatment,Premium,83.05,34.88,1
T08S01056,8,S01,C0102,store,treatment,Value,52.07,18.22,0
T08S01057,8,S01,C0109,store,treatment,Core,92.91,39.02,1
T08S01058,8,S01,C0116,store,treatment,Premium,101.12,42.47,1
T08S01059,8,S01,C0123,store,treatment,Value,103.37,43.42,1
T08S01060,8,S01,C0130,ecommerce,treatment,Core,100.11,35.04,1
T08S01061,8,S01,C0137,store,treatment,Premium,117.18,49.22,1
T08S01062,8,S01,C0144,store,treatment,Value,72.93,30.63,0
T08S01063,8,S01,C0151,store,treatment,Core,78.4,32.93,1
T08S01064,8,S01,C0158,store,treatment,Premium,85.42,29.9,1
T08S01065,8,S01,C0165,ecommerce,treatment,Value,95.47,40.1,1
T08S01066,8,S01,C0172,store,treatment,Core,86.15,36.18,1
T08S01067,8,S01,C0179,store,treatment,Premium,119.83,50.33,1
T08S01068,8,S01,C0186,store,treatment,Value,95.98,33.59,1
T08S01069,8,S01,C0193,store,treatment,Core,97.45,40.93,1
T08S01070,8,S01,C0200,ecommerce,treatment,Premium,106.83,44.87,1
T08S01071,8,S01,C0007,store,treatment,Core,75.66,31.78,0
T08S01072,8,S01,C0014,store,treatment,Premium,99.38,34.78,1
T08S01073,8,S01,C0021,store,treatment,Value,76.29,32.04,1
T08S01074,8,S01,C0028,store,treatment,Core,88.51,37.17,1
T08S01075,8,S01,C0035,ecommerce,treatment,Premium,97.26,40.85,1
T08S01076,8,S01,C0042,store,treatment,Value,89.87,31.46,1
T08S01077,8,S01,C0049,store,treatment,Core,130.3,54.73,1
T08S01078,8,S01,C0056,store,treatment,Premium,93.04,39.08,1
T08S01079,8,S01,C0063,store,treatment,Value,87.75,36.86,1
T08S01080,8,S01,C0070,ecommerce,treatment,Core,78.96,27.63,1
T08S01081,8,S01,C0077,store,treatment,Premium,82.33,34.58,1
T08S01082,8,S01,C0084,store,treatment,Value,46.35,19.47,0
T08S01083,8,S01,C0091,store,treatment,Core,79.72,33.48,1
T08S01084,8,S01,C0098,store,treatment,Premium,134.53,47.09,1
T08S01085,8,S01,C0105,ecommerce,treatment,Value,106.28,44.64,1
T08S01086,8,S01,C0112,store,treatment,Core,127.81,53.68,1
T08S01087,8,S01,C0119,store,treatment,Premium,111.57,46.86,1
T08S01088,8,S01,C0126,store,treatment,Value,91.82,32.14,1
T08S01089,8,S01,C0133,store,treatment,Core,101.7,42.71,1
T08S01090,8,S01,C0140,ecommerce,treatment,Premium,111.31,46.75,1
T08S01091,8,S01,C0147,store,treatment,Value,114.93,48.27,1
T08S01092,8,S01,C0154,store,treatment,Core,46.52,16.28,0
T08S01093,8,S01,C0161,store,treatment,Premium,107.09,44.98,1
T08S01094,8,S01,C0168,store,treatment,Value,121.95,51.22,1
T08S01095,8,S01,C0175,ecommerce,treatment,Core,47.34,19.88,0
T08S01096,8,S01,C0182,store,treatment,Premium,95.6,33.46,1
T08S01097,8,S01,C0189,store,treatment,Value,64.03,26.89,0
T08S01098,8,S01,C0196,store,treatment,Core,97.63,41.01,1
T08S01099,8,S01,C0003,store,treatment,Value,108.88,45.73,1
T08S01100,8,S01,C0010,ecommerce,treatment,Core,100.67,35.24,1
T08S01101,8,S01,C0017,store,treatment,Premium,72.19,30.32,0
T08S01102,8,S01,C0024,store,treatment,Value,80.52,33.82,1
T08S01103,8,S01,C0031,store,treatment,Core,86.53,36.34,1
T08S01104,8,S01,C0038,store,treatment,Premium,92.11,32.24,1
T08S01105,8,S01,C0045,ecommerce,treatment,Value,121.94,51.21,1
T08S01106,8,S01,C0052,store,treatment,Core,70.01,29.4,0
T08S01107,8,S01,C0059,store,treatment,Premium,110.2,46.29,1
T08S01108,8,S01,C0066,store,treatment,Value,75.89,26.56,0
T08S01109,8,S01,C0073,store,treatment,Core,96.77,40.64,1
T08S01110,8,S01,C0080,ecommerce,treatment,Premium,88.93,37.35,1
T08S01111,8,S01,C0087,store,treatment,Value,104.85,44.04,1
T08S01112,8,S01,C0094,store,treatment,Core,129.48,45.32,1
T08S01113,8,S01,C0101,store,treatment,Premium,73.19,30.74,0
T08S01114,8,S01,C0108,store,treatment,Value,92.47,38.84,1
T08S01115,8,S01,C0115,ecommerce,treatment,Core,85.65,35.97,1
T08S01116,8,S01,C0122,store,treatment,Premium,89.33,31.26,1
T08S01117,8,S01,C0129,store,treatment,Value,83.04,34.88,1
T08S01118,8,S01,C0136,store,treatment,Core,73.01,30.67,0
T08S01119,8,S01,C0143,store,treatment,Premium,110.59,46.45,1
T08S01120,8,S01,C0150,ecommerce,treatment,Value,120.4,42.14,1
T08S01121,8,S01,C0157,store,treatment,Core,98.99,41.58,1
T08S01122,8,S01,C0164,store,treatment,Premium,99.92,41.97,1
T08S01123,8,S01,C0171,store,treatment,Value,89.87,37.74,1
T08S01124,8,S01,C0178,store,treatment,Core,85.46,29.91,1
T08S01125,8,S01,C0185,ecommerce,treatment,Premium,73.53,30.88,0
T08S01126,8,S01,C0192,store,treatment,Value,96.84,40.67,1
T08S01127,8,S01,C0199,store,treatment,Core,57.8,24.28,0
T08S01128,8,S01,C0006,store,treatment,Value,108.28,37.9,1
T08S01129,8,S01,C0013,store,treatment,Core,89.46,37.57,1
T08S01130,8,S01,C0020,ecommerce,treatment,Premium,107.86,45.3,1
T08S01131,8,S01,C0027,store,treatment,Value,95.35,40.05,1
T08S01132,8,S01,C0034,store,treatment,Core,90.58,31.7,1
T08S01133,8,S01,C0041,store,treatment,Premium,126.63,53.18,1
T08S01134,8,S01,C0048,store,treatment,Value,92.38,38.8,1
T08S01135,8,S01,C0055,ecommerce,treatment,Core,98.28,41.28,1
T08S01136,8,S01,C0062,store,treatment,Premium,107.08,37.48,1
T08S01137,8,S01,C0069,store,treatment,Value,103.1,43.3,1
T08S01138,8,S01,C0076,store,treatment,Core,86.98,36.53,1
T08S01139,8,S01,C0083,store,treatment,Premium,92.66,38.92,1
T08S01140,8,S01,C0090,ecommerce,treatment,Value,70.48,24.67,0
T08S01141,8,S01,C0097,store,treatment,Core,97.33,40.88,1
T08S01142,8,S01,C0104,store,treatment,Premium,105.34,44.24,1
T08S01143,8,S01,C0111,store,treatment,Value,61.7,25.91,0
T08S01144,8,S01,C0118,store,treatment,Core,126.94,44.43,1
T08S01145,8,S01,C0125,ecommerce,treatment,Premium,118.7,49.85,1
T08S01146,8,S01,C0132,store,treatment,Value,119.03,49.99,1
T08S01147,8,S01,C0139,store,treatment,Core,106.54,44.75,1
T08S01148,8,S01,C0146,store,treatment,Premium,105.02,36.76,1
T08S01149,8,S01,C0153,store,treatment,Value,54.16,22.75,0
T08S01150,8,S01,C0160,ecommerce,treatment,Core,65.76,27.62,0
T08S01151,8,S01,C0167,store,treatment,Premium,125.33,52.64,1
T08S01152,8,S01,C0174,store,treatment,Value,100.38,35.13,1
T08S01153,8,S01,C0181,store,treatment,Core,78.07,32.79,1
T08S01154,8,S01,C0188,store,treatment,Premium,101.98,42.83,1
T08S01155,8,S01,C0195,ecommerce,treatment,Value,75.5,31.71,0
T08S01156,8,S01,C0002,store,treatment,Premium,104.24,36.48,1
T08S01157,8,S01,C0009,store,treatment,Value,96.99,40.74,1
T08S01158,8,S01,C0016,store,treatment,Core,106.1,44.56,1
T08S01159,8,S01,C0023,store,treatment,Premium,121.47,51.02,1
T08S02000,8,S02,C0123,ecommerce,control,Value,65.68,22.99,0
T08S02001,8,S02,C0130,store,control,Core,67.1,28.18,0
T08S02002,8,S02,C0137,store,control,Premium,113.86,47.82,1
T08S02003,8,S02,C0144,store,control,Value,88.91,37.34,1
T08S02004,8,S02,C0151,store,control,Core,78.16,27.36,1
T08S02005,8,S02,C0158,ecommerce,control,Premium,43.14,18.12,0
T08S02006,8,S02,C0165,store,control,Value,85.99,36.12,1
T08S02007,8,S02,C0172,store,control,Core,117.59,49.39,1
T08S02008,8,S02,C0179,store,control,Premium,97.7,34.2,1
T08S02009,8,S02,C0186,store,control,Value,106.38,44.68,1
T08S02010,8,S02,C0193,ecommerce,control,Core,72.28,30.36,0
T08S02011,8,S02,C0200,store,control,Premium,93.15,39.12,1
T08S02012,8,S02,C0007,store,control,Core,70.47,24.67,0
T08S02013,8,S02,C0014,store,control,Premium,98.01,41.16,1
T08S02014,8,S02,C0021,store,control,Value,99.84,41.93,1
T08S02015,8,S02,C0028,ecommerce,control,Core,80.46,33.8,1
T08S02016,8,S02,C0035,store,control,Premium,91.38,31.98,1
T08S02017,8,S02,C0042,store,control,Value,48.74,20.47,0
T08S02018,8,S02,C0049,store,control,Core,64.81,27.22,0
T08S02019,8,S02,C0056,store,control,Premium,85.72,36.0,1
T08S02020,8,S02,C0063,ecommerce,control,Value,85.92,30.07,1
T08S02021,8,S02,C0070,store,control,Core,70.79,29.73,0
T08S02022,8,S02,C0077,store,control,Premium,65.71,27.6,0
T08S02023,8,S02,C0084,store,control,Value,57.06,23.97,0
T08S02024,8,S02,C0091,store,control,Core,51.39,17.99,0
T08S02025,8,S02,C0098,ecommerce,control,Premium,71.2,29.9,0
T08S02026,8,S02,C0105,store,control,Value,86.8,36.46,1
T08S02027,8,S02,C0112,store,control,Core,85.92,36.09,1
T08S02028,8,S02,C0119,store,control,Premium,87.97,30.79,1
T08S02029,8,S02,C0126,store,control,Value,63.05,26.48,0
T08S02030,8,S02,C0133,ecommerce,control,Core,70.28,29.52,0
T08S02031,8,S02,C0140,store,control,Premium,96.44,40.5,1
T08S02032,8,S02,C0147,store,control,Value,57.73,20.2,0
T08S02033,8,S02,C0154,store,control,Core,94.37,39.64,1
T08S02034,8,S02,C0161,store,control,Premium,107.29,45.06,1
T08S02035,8,S02,C0168,ecommerce,control,Value,52.44,22.02,0
T08S02036,8,S02,C0175,store,control,Core,53.51,18.73,0
T08S02037,8,S02,C0182,store,control,Premium,101.94,42.81,1
T08S02038,8,S02,C0189,store,control,Value,77.8,32.68,1
T08S02039,8,S02,C0196,store,control,Core,20.69,8.69,0
T08S02040,8,S02,C0003,ecommerce,control,Value,93.65,32.78,1
T08S02041,8,S02,C0010,store,control,Core,103.2,43.34,1
T08S02042,8,S02,C0017,store,control,Premium,112.34,47.18,1
T08S02043,8,S02,C0024,store,control,Value,97.53,40.96,1
T08S02044,8,S02,C0031,store,control,Core,85.71,30.0,1
T08S02045,8,S02,C0038,ecommerce,control,Premium,89.25,37.49,1
T08S02046,8,S02,C0045,store,control,Value,79.46,33.37,1
T08S02047,8,S02,C0052,store,control,Core,76.88,32.29,1
T08S02048,8,S02,C0059,store,control,Premium,81.74,28.61,1
T08S02049,8,S02,C0066,store,control,Value,92.13,38.69,1
T08S02050,8,S02,C0073,ecommerce,control,Core,67.81,28.48,0
T08S02051,8,S02,C0080,store,control,Premium,86.82,36.47,1
T08S02052,8,S02,C0087,store,control,Value,55.0,19.25,0
T08S02053,8,S02,C0094,store,control,Core,92.61,38.9,1
T08S02054,8,S02,C0101,store,control,Premium,77.16,32.41,1
T08S02055,8,S02,C0108,ecommerce,control,Value,115.26,48.41,1
T08S02056,8,S02,C0115,store,control,Core,66.02,23.11,0
T08S02057,8,S02,C0122,store,control,Premium,117.98,49.55,1
T08S02058,8,S02,C0129,store,control,Value,81.1,34.06,1
T08S02059,8,S02,C0136,store,control,Core,69.18,29.05,0
T08S02060,8,S02,C0143,ecommerce,control,Premium,57.46,20.11,0
T08S02061,8,S02,C0150,store,control,Value,117.0,49.14,1
T08S02062,8,S02,C0157,store,control,Core,63.48,26.66,0
T08S02063,8,S02,C0164,store,control,Premium,98.73,41.46,1
T08S02064,8,S02,C0171,store,control,Value,83.03,29.06,1
T08S02065,8,S02,C0178,ecommerce,control,Core,89.62,37.64,1
T08S02066,8,S02,C0185,store,control,Premium,111.69,46.91,1
T08S02067,8,S02,C0192,store,control,Value,74.7,31.37,0
T08S02068,8,S02,C0199,store,control,Core,63.31,22.16,0
T08S02069,8,S02,C0006,store,control,Value,88.32,37.09,1
T08S02070,8,S02,C0013,ecommerce,control,Core,87.38,36.7,1
T08S02071,8,S02,C0020,store,control,Premium,116.58,48.97,1
T08S02072,8,S02,C0027,store,control,Value,74.44,26.05,0
T08S02073,8,S02,C0034,store,control,Core,76.35,32.07,1
T08S02074,8,S02,C0041,store,control,Premium,104.86,44.04,1
T08S02075,8,S02,C0048,ecommerce,control,Value,96.13,40.37,1
T08S02076,8,S02,C0055,store,control,Core,108.59,38.01,1
T08S02077,8,S02,C0062,store,control,Premium,99.63,41.85,1
T08S02078,8,S02,C0069,store,control,Value,57.51,24.15,0
T08S02079,8,S02,C0076,store,control,Core,66.09,27.76,0
T08S02080,8,S02,C0083,ecommerce,control,Premium,81.24,28.43,1
T08S02081,8,S02,C0090,store,control,Value,44.69,18.77,0
T08S02082,8,S02,C0097,store,control,Core,77.49,32.55,1
T08S02083,8,S02,C0104,store,control,Premium,100.18,42.07,1
T08S02084,8,S02,C0111,store,control,Value,75.84,26.54,0
T08S02085,8,S02,C0118,ecommerce,control,Core,91.71,38.52,1
T08S02086,8,S02,C0125,store,control,Premium,118.83,49.91,1
T08S02087,8,S02,C0132,store,control,Value,101.61,42.68,1
T08S02088,8,S02,C0139,store,control,Core,80.75,28.26,1
T08S02089,8,S02,C0146,store,control,Premium,108.55,45.59,1
T08S02090,8,S02,C0153,ecommerce,control,Value,102.62,43.1,1
T08S02091,8,S02,C0160,store,control,Core,66.39,27.88,0
T08S02092,8,S02,C0167,store,control,Premium,73.28,25.65,0
T08S02093,8,S02,C0174,store,control,Value,108.14,45.42,1
T08S02094,8,S02,C0181,store,control,Core,61.07,25.65,0
T08S02095,8,S02,C0188,ecommerce,control,Premium,108.73,45.66,1
T08S02096,8,S02,C0195,store,control,Value,74.14,25.95,0
T08S02097,8,S02,C0002,store,control,Premium,55.93,23.49,0
T08S02098,8,S02,C0009,store,control,Value,124.06,52.11,1
T08S02099,8,S02,C0016,store,control,Core,80.68,33.88,1
T08S02100,8,S02,C0023,ecommerce,control,Premium,88.44,30.95,1
T08S02101,8,S02,C0030,store,control,Value,78.0,32.76,1
T08S02102,8,S02,C0037,store,control,Core,82.08,34.47,1
T08S02103,8,S02,C0044,store,control,Premium,103.54,43.49,1
T08S02104,8,S02,C0051,store,control,Value,74.91,26.22,0
T08S02105,8,S02,C0058,ecommerce,control,Core,93.49,39.27,1
T08S02106,8,S02,C0065,store,control,Premium,58.26,24.47,0
T08S02107,8,S02,C0072,store,control,Value,63.66,26.74,0
T08S02108,8,S02,C0079,store,control,Core,82.94,29.03,1
T08S02109,8,S02,C0086,store,control,Premium,84.57,35.52,1
T08S02110,8,S02,C0093,ecommerce,control,Value,84.63,35.55,1
T08S02111,8,S02,C0100,store,control,Core,72.25,30.34,0
T08S02112,8,S02,C0107,store,control,Premium,97.97,34.29,1
T08S02113,8,S02,C0114,store,control,Value,74.84,31.43,0
T08S02114,8,S02,C0121,store,control,Core,62.64,26.31,0
T08S02115,8,S02,C0128,ecommerce,control,Premium,102.31,42.97,1
T08S02116,8,S02,C0135,store,control,Value,69.21,24.22,0
T08S02117,8,S02,C0142,store,control,Core,57.8,24.27,0
T08S02118,8,S02,C0149,store,control,Premium,64.03,26.89,0
T08S02119,8,S02,C0156,store,control,Value,94.38,39.64,1
T08S02120,8,S02,C0163,ecommerce,control,Core,72.15,25.25,0
T08S02121,8,S02,C0170,store,control,Premium,71.31,29.95,0
T08S02122,8,S02,C0177,store,control,Value,96.6,40.57,1
T08S02123,8,S02,C0184,store,control,Core,80.19,33.68,1
T08S02124,8,S02,C0191,store,control,Premium,93.47,32.72,1
T08S02125,8,S02,C0198,ecommerce,control,Value,111.77,46.94,1
T08S02126,8,S02,C0005,store,control,Premium,95.49,40.11,1
T08S02127,8,S02,C0012,store,control,Value,60.24,25.3,0
T08S02128,8,S02,C0019,store,control,Core,66.77,23.37,0
T08S02129,8,S02,C0026,store,control,Premium,110.17,46.27,1
T08S02130,8,S02,C0033,ecommerce,control,Value,95.76,40.22,1
T08S02131,8,S02,C0040,store,control,Core,95.5,40.11,1
T08S02132,8,S02,C0047,store,control,Premium,109.37,38.28,1
T08S02133,8,S02,C0054,store,control,Value,78.08,32.8,1
T08S02134,8,S02,C0061,store,control,Core,97.51,40.96,1
T08S02135,8,S02,C0068,ecommerce,control,Premium,78.8,33.1,1
T08S02136,8,S02,C0075,store,control,Value,88.44,30.95,1
T08S02137,8,S02,C0082,store,control,Core,82.97,34.85,1
T08S02138,8,S02,C0089,store,control,Premium,94.68,39.77,1
T08S02139,8,S02,C0096,store,control,Value,86.98,36.53,1
T08S02140,8,S02,C0103,ecommerce,control,Core,57.36,20.08,0
T08S02141,8,S02,C0110,store,control,Premium,73.17,30.73,0
T08S02142,8,S02,C0117,store,control,Value,78.3,32.89,1
T08S02143,8,S02,C0124,store,control,Core,100.39,42.16,1
T08S02144,8,S02,C0131,store,control,Premium,78.89,27.61,1
T08S02145,8,S02,C0138,ecommerce,control,Value,86.38,36.28,1
T08S02146,8,S02,C0145,store,control,Core,82.86,34.8,1
T08S02147,8,S02,C0152,store,control,Premium,89.52,37.6,1
T08S02148,8,S02,C0159,store,control,Value,70.1,24.54,0
T08S02149,8,S02,C0166,store,control,Core,66.63,27.99,0
T08S02150,8,S02,C0173,ecommerce,control,Premium,105.62,44.36,1
T08S02151,8,S02,C0180,store,control,Value,70.66,29.68,0
T08S02152,8,S02,C0187,store,control,Core,36.95,12.93,0
T08S02153,8,S02,C0194,store,control,Premium,88.55,37.19,1
T08S02154,8,S02,C0001,store,control,Core,75.46,31.69,0
T08S02155,8,S02,C0008,ecommerce,control,Premium,79.49,33.39,1
T08S02156,8,S02,C0015,store,control,Value,104.91,36.72,1
T08S02157,8,S02,C0022,store,control,Core,90.82,38.14,1
T08S02158,8,S02,C0029,store,control,Premium,69.52,29.2,0
T08S02159,8,S02,C0036,store,control,Value,101.85,42.78,1
T08S03000,8,S03,C0136,ecommerce,treatment,Core,105.12,36.79,1
T08S03001,8,S03,C0143,store,treatment,Premium,112.31,47.17,1
T08S03002,8,S03,C0150,store,treatment,Value,117.03,49.15,1
T08S03003,8,S03,C0157,store,treatment,Core,80.99,34.01,1
T08S03004,8,S03,C0164,store,treatment,Premium,133.36,46.68,1
T08S03005,8,S03,C0171,ecommerce,treatment,Value,123.85,52.02,1
T08S03006,8,S03,C0178,store,treatment,Core,119.37,50.13,1
T08S03007,8,S03,C0185,store,treatment,Premium,95.23,40.0,1
T08S03008,8,S03,C0192,store,treatment,Value,77.33,27.06,1
T08S03009,8,S03,C0199,store,treatment,Core,112.72,47.34,1
T08S03010,8,S03,C0006,ecommerce,treatment,Value,90.29,37.92,1
T08S03011,8,S03,C0013,store,treatment,Core,107.5,45.15,1
T08S03012,8,S03,C0020,store,treatment,Premium,116.72,40.85,1
T08S03013,8,S03,C0027,store,treatment,Value,92.09,38.68,1
T08S03014,8,S03,C0034,store,treatment,Core,139.94,58.78,1
T08S03015,8,S03,C0041,ecommerce,treatment,Premium,107.11,44.99,1
T08S03016,8,S03,C0048,store,treatment,Value,91.27,31.94,1
T08S03017,8,S03,C0055,store,treatment,Core,115.85,48.66,1
T08S03018,8,S03,C0062,store,treatment,Premium,119.53,50.2,1
T08S03019,8,S03,C0069,store,treatment,Value,112.25,47.14,1
T08S03020,8,S03,C0076,ecommerce,treatment,Core,145.39,50.89,1
T08S03021,8,S03,C0083,store,treatment,Premium,106.17,44.59,1
T08S03022,8,S03,C0090,store,treatment,Value,85.18,35.77,1
T08S03023,8,S03,C0097,store,treatment,Core,75.33,31.64,0
T08S03024,8,S03,C0104,store,treatment,Premium,112.65,39.43,1
T08S03025,8,S03,C0111,ecommerce,treatment,Value,101.24,42.52,1
T08S03026,8,S03,C0118,store,treatment,Core,119.48,50.18,1
T08S03027,8,S03,C0125,store,treatment,Premium,120.02,50.41,1
T08S03028,8,S03,C0132,store,treatment,Value,86.02,30.11,1
T08S03029,8,S03,C0139,store,treatment,Core,91.38,38.38,1
T08S03030,8,S03,C0146,ecommerce,treatment,Premium,100.54,42.23,1
T08S03031,8,S03,C0153,store,treatment,Value,123.1,51.7,1
T08S03032,8,S03,C0160,store,treatment,Core,72.89,25.51,0
T08S03033,8,S03,C0167,store,treatment,Premium,79.65,33.45,1
T08S03034,8,S03,C0174,store,treatment,Value,99.6,41.83,1
T08S03035,8,S03,C0181,ecommerce,treatment,Core,70.06,29.43,0
T08S03036,8,S03,C0188,store,treatment,Premium,116.79,40.88,1
T08S03037,8,S03,C0195,store,treatment,Value,137.1,57.58,1
T08S03038,8,S03,C0002,store,treatment,Premium,87.82,36.89,1
T08S03039,8,S03,C0009,store,treatment,Value,55.36,23.25,0
T08S03040,8,S03,C0016,ecommerce,treatment,Core,101.33,35.46,1
T08S03041,8,S03,C0023,store,treatment,Premium,104.59,43.93,1
T08S03042,8,S03,C0030,store,treatment,Value,100.72,42.3,1
T08S03043,8,S03,C0037,store,treatment,Core,110.3,46.33,1
T08S03044,8,S03,C0044,store,treatment,Premium,132.17,46.26,1
T08S03045,8,S03,C0051,ecommerce,treatment,Value,105.56,44.34,1
T08S03046,8,S03,C0058,store,treatment,Core,102.3,42.96,1
T08S03047,8,S03,C0065,store,treatment,Premium,119.32,50.11,1
T08S03048,8,S03,C0072,store,treatment,Value,98.18,34.36,1
T08S03049,8,S03,C0079,store,treatment,Core,95.9,40.28,1
T08S03050,8,S03,C0086,ecommerce,treatment,Premium,86.56,36.36,1
T08S03051,8,S03,C0093,store,treatment,Value,89.8,37.72,1
T08S03052,8,S03,C0100,store,treatment,Core,79.14,27.7,1
T08S03053,8,S03,C0107,store,treatment,Premium,97.47,40.94,1
T08S03054,8,S03,C0114,store,treatment,Value,103.23,43.36,1
T08S03055,8,S03,C0121,ecommerce,treatment,Core,84.61,35.54,1
T08S03056,8,S03,C0128,store,treatment,Premium,91.22,31.93,1
T08S03057,8,S03,C0135,store,treatment,Value,64.69,27.17,0
T08S03058,8,S03,C0142,store,treatment,Core,119.42,50.16,1
T08S03059,8,S03,C0149,store,treatment,Premium,110.04,46.22,1
T08S03060,8,S03,C0156,ecommerce,treatment,Value,74.73,26.15,0
T08S03061,8,S03,C0163,store,treatment,Core,99.2,41.66,1
T08S03062,8,S03,C0170,store,treatment,Premium,88.67,37.24,1
T08S03063,8,S03,C0177,store,treatment,Value,43.79,18.39,0
T08S03064,8,S03,C0184,store,treatment,Core,87.05,30.47,1
T08S03065,8,S03,C0191,ecommerce,treatment,Premium,115.18,48.37,1
T08S03066,8,S03,C0198,store,treatment,Value,64.02,26.89,0
T08S03067,8,S03,C0005,store,treatment,Premium,118.19,49.64,1
T08S03068,8,S03,C0012,store,treatment,Value,105.21,36.82,1
T08S03069,8,S03,C0019,store,treatment,Core,107.85,45.29,1
T08S03070,8,S03,C0026,ecommerce,treatment,Premium,80.45,33.79,1
T08S03071,8,S03,C0033,store,treatment,Value,97.19,40.82,1
T08S03072,8,S03,C0040,store,treatment,Core,102.13,35.75,1
T08S03073,8,S03,C0047,store,treatment,Premium,126.69,53.21,1
T08S03074,8,S03,C0054,store,treatment,Value,85.13,35.75,1
T08S03075,8,S03,C0061,ecommerce,treatment,Core,79.05,33.2,1
T08S03076,8,S03,C0068,store,treatment,Premium,142.28,49.8,1
T08S03077,8,S03,C0075,store,treatment,Value,111.33,46.76,1
T08S03078,8,S03,C0082,store,treatment,Core,90.9,38.18,1
T08S03079,8,S03,C0089,store,treatment,Premium,102.78,43.17,1
T08S03080,8,S03,C0096,ecommerce,treatment,Value,63.13,22.1,0
T08S03081,8,S03,C0103,store,treatment,Core,101.4,42.59,1
T08S03082,8,S03,C0110,store,treatment,Premium,85.33,35.84,1
T08S03083,8,S03,C0117,store,treatment,Value,118.78,49.89,1
T08S03084,8,S03,C0124,store,treatment,Core,108.86,38.1,1
T08S03085,8,S03,C0131,ecommerce,treatment,Premium,106.93,44.91,1
T08S03086,8,S03,C0138,store,treatment,Value,61.74,25.93,0
T08S03087,8,S03,C0145,store,treatment,Core,98.8,41.49,1
T08S03088,8,S03,C0152,store,treatment,Premium,119.68,41.89,1
T08S03089,8,S03,C0159,store,treatment,Value,107.3,45.07,1
T08S03090,8,S03,C0166,ecommerce,treatment,Core,106.04,44.54,1
T08S03091,8,S03,C0173,store,treatment,Premium,95.62,40.16,1
T08S03092,8,S03,C0180,store,treatment,Value,98.54,34.49,1
T08S03093,8,S03,C0187,store,treatment,Core,75.81,31.84,0
T08S03094,8,S03,C0194,store,treatment,Premium,146.26,61.43,1
T08S03095,8,S03,C0001,ecommerce,treatment,Core,105.35,44.25,1
T08S03096,8,S03,C0008,store,treatment,Premium,104.88,36.71,1
T08S03097,8,S03,C0015,store,treatment,Value,113.67,47.74,1
T08S03098,8,S03,C0022,store,treatment,Core,94.52,39.7,1
T08S03099,8,S03,C0029,store,treatment,Premium,141.81,59.56,1
T08S03100,8,S03,C0036,ecommerce,treatment,Value,93.37,32.68,1
T08S03101,8,S03,C0043,store,treatment,Core,78.78,33.09,1
T08S03102,8,S03,C0050,store,treatment,Premium,102.82,43.18,1
T08S03103,8,S03,C0057,store,treatment,Value,85.1,35.74,1
T08S03104,8,S03,C0064,store,treatment,Core,98.36,34.43,1
T08S03105,8,S03,C0071,ecommerce,treatment,Premium,123.11,51.71,1
T08S03106,8,S03,C0078,store,treatment,Value,77.93,32.73,1
T08S03107,8,S03,C0085,store,treatment,Core,109.35,45.93,1
T08S03108,8,S03,C0092,store,treatment,Premium,134.64,47.12,1
T08S03109,8,S03,C0099,store,treatment,Value,98.05,41.18,1
T08S03110,8,S03,C0106,ecommerce,treatment,Core,117.95,49.54,1
T08S03111,8,S03,C0113,store,treatment,Premium,91.71,38.52,1
T08S03112,8,S03,C0120,store,treatment,Value,115.1,40.28,1
T08S03113,8,S03,C0127,store,treatment,Core,86.07,36.15,1
T08S03114,8,S03,C0134,store,treatment,Premium,108.4,45.53,1
T08S03115,8,S03,C0141,ecommerce,treatment,Value,107.26,45.05,1
T08S03116,8,S03,C0148,store,treatment,Core,86.27,30.2,1
T08S03117,8,S03,C0155,store,treatment,Premium,122.41,51.41,1
T08S03118,8,S03,C0162,store,treatment,Value,93.0,39.06,1
T08S03119,8,S03,C0169,store,treatment,Core,93.87,39.43,1
T08S03120,8,S03,C0176,ecommerce,treatment,Premium,114.06,39.92,1
T08S03121,8,S03,C0183,store,treatment,Value,106.54,44.75,1
T08S03122,8,S03,C0190,store,treatment,Core,84.88,35.65,1
T08S03123,8,S03,C0197,store,treatment,Premium,111.62,46.88,1
T08S03124,8,S03,C0004,store,treatment,Core,94.66,33.13,1
T08S03125,8,S03,C0011,ecommerce,treatment,Premium,120.32,50.53,1
T08S03126,8,S03,C0018,store,treatment,Value,95.05,39.92,1
T08S03127,8,S03,C0025,store,treatment,Core,88.94,37.36,1
T08S03128,8,S03,C0032,store,treatment,Premium,117.76,41.22,1
T08S03129,8,S03,C0039,store,treatment,Value,88.51,37.17,1
T08S03130,8,S03,C0046,ecommerce,treatment,Core,106.75,44.83,1
T08S03131,8,S03,C0053,store,treatment,Premium,86.49,36.33,1
T08S03132,8,S03,C0060,store,treatment,Value,109.62,38.37,1
T08S03133,8,S03,C0067,store,treatment,Core,131.64,55.29,1
T08S03134,8,S03,C0074,store,treatment,Premium,146.81,61.66,1
T08S03135,8,S03,C0081,ecommerce,treatment,Value,112.0,47.04,1
T08S03136,8,S03,C0088,store,treatment,Core,89.82,31.44,1
T08S03137,8,S03,C0095,store,treatment,Premium,114.58,48.12,1
T08S03138,8,S03,C0102,store,treatment,Value,65.8,27.64,0
T08S03139,8,S03,C0109,store,treatment,Core,96.43,40.5,1
T08S03140,8,S03,C0116,ecommerce,treatment,Premium,121.64,42.57,1
T08S03141,8,S03,C0123,store,treatment,Value,111.28,46.74,1
T08S03142,8,S03,C0130,store,treatment,Core,88.41,37.13,1
T08S03143,8,S03,C0137,store,treatment,Premium,83.31,34.99,1
T08S03144,8,S03,C0144,store,treatment,Value,105.23,36.83,1
T08S03145,8,S03,C0151,ecommerce,treatment,Core,102.07,42.87,1
T08S03146,8,S03,C0158,store,treatment,Premium,127.46,53.53,1
T08S03147,8,S03,C0165,store,treatment,Value,74.03,31.09,0
T08S03148,8,S03,C0172,store,treatment,Core,98.23,34.38,1
T08S03149,8,S03,C0179,store,treatment,Premium,127.22,53.43,1
T08S03150,8,S03,C0186,ecommerce,treatment,Value,86.49,36.33,1
T08S03151,8,S03,C0193,store,treatment,Core,101.7,42.71,1
T08S03152,8,S03,C0200,store,treatment,Premium,108.89,38.11,1
T08S03153,8,S03,C0007,store,treatment,Core,119.17,50.05,1
T08S03154,8,S03,C0014,store,treatment,Premium,83.25,34.97,1
T08S03155,8,S03,C0021,ecommerce,treatment,Value,90.61,38.05,1
T08S03156,8,S03,C0028,store,treatment,Core,101.7,35.6,1
T08S03157,8,S03,C0035,store,treatment,Premium,114.55,48.11,1
T08S03158,8,S03,C0042,store,treatment,Value,94.56,39.72,1
T08S03159,8,S03,C0049,store,treatment,Core,99.27,41.69,1
T08S04000,8,S04,C0149,ecommerce,control,Premium,66.26,23.19,0
T08S04001,8,S04,C0156,store,control,Value,68.9,28.94,0
T08S04002,8,S04,C0163,store,control,Core,20.88,8.77,0
T08S04003,8,S04,C0170,store,control,Premium,78.7,33.05,1
T08S04004,8,S04,C0177,store,control,Value,50.78,17.77,0
T08S04005,8,S04,C0184,ecommerce,control,Core,75.61,31.76,0
T08S04006,8,S04,C0191,store,control,Premium,106.18,44.59,1
T08S04007,8,S04,C0198,store,control,Value,64.09,26.92,0
T08S04008,8,S04,C0005,store,control,Premium,96.46,33.76,1
T08S04009,8,S04,C0012,store,control,Value,70.57,29.64,0
T08S04010,8,S04,C0019,ecommerce,control,Core,67.12,28.19,0
T08S04011,8,S04,C0026,store,control,Premium,90.03,37.81,1
T08S04012,8,S04,C0033,store,control,Value,48.85,17.1,0
T08S04013,8,S04,C0040,store,control,Core,59.57,25.02,0
T08S04014,8,S04,C0047,store,control,Premium,104.26,43.79,1
T08S04015,8,S04,C0054,ecommerce,control,Value,87.3,36.66,1
T08S04016,8,S04,C0061,store,control,Core,98.74,34.56,1
T08S04017,8,S04,C0068,store,control,Premium,76.11,31.97,1
T08S04018,8,S04,C0075,store,control,Value,70.09,29.44,0
T08S04019,8,S04,C0082,store,control,Core,72.86,30.6,0
T08S04020,8,S04,C0089,ecommerce,control,Premium,95.6,33.46,1
T08S04021,8,S04,C0096,store,control,Value,103.25,43.36,1
T08S04022,8,S04,C0103,store,control,Core,72.14,30.3,0
T08S04023,8,S04,C0110,store,control,Premium,48.7,20.46,0
T08S04024,8,S04,C0117,store,control,Value,98.87,34.6,1
T08S04025,8,S04,C0124,ecommerce,control,Core,84.11,35.33,1
T08S04026,8,S04,C0131,store,control,Premium,87.17,36.61,1
T08S04027,8,S04,C0138,store,control,Value,49.21,20.67,0
T08S04028,8,S04,C0145,store,control,Core,100.01,35.0,1
T08S04029,8,S04,C0152,store,control,Premium,88.6,37.21,1
T08S04030,8,S04,C0159,ecommerce,control,Value,89.46,37.57,1
T08S04031,8,S04,C0166,store,control,Core,93.04,39.08,1
T08S04032,8,S04,C0173,store,control,Premium,95.14,33.3,1
T08S04033,8,S04,C0180,store,control,Value,107.69,45.23,1
T08S04034,8,S04,C0187,store,control,Core,75.36,31.65,0
T08S04035,8,S04,C0194,ecommerce,control,Premium,118.04,49.58,1
T08S04036,8,S04,C0001,store,control,Core,79.42,27.8,1
T08S04037,8,S04,C0008,store,control,Premium,93.7,39.35,1
T08S04038,8,S04,C0015,store,control,Value,84.81,35.62,1
T08S04039,8,S04,C0022,store,control,Core,81.11,34.07,1
T08S04040,8,S04,C0029,ecommerce,control,Premium,94.88,33.21,1
T08S04041,8,S04,C0036,store,control,Value,103.27,43.37,1
T08S04042,8,S04,C0043,store,control,Core,68.47,28.76,0
T08S04043,8,S04,C0050,store,control,Premium,117.68,49.43,1
T08S04044,8,S04,C0057,store,control,Value,81.02,28.36,1
T08S04045,8,S04,C0064,ecommerce,control,Core,60.41,25.37,0
T08S04046,8,S04,C0071,store,control,Premium,81.18,34.09,1
T08S04047,8,S04,C0078,store,control,Value,55.85,23.46,0
T08S04048,8,S04,C0085,store,control,Core,57.72,20.2,0
T08S04049,8,S04,C0092,store,control,Premium,89.58,37.63,1
T08S04050,8,S04,C0099,ecommerce,control,Value,69.12,29.03,0
T08S04051,8,S04,C0106,store,control,Core,61.31,25.75,0
T08S04052,8,S04,C0113,store,control,Premium,91.38,31.98,1
T08S04053,8,S04,C0120,store,control,Value,46.1,19.36,0
T08S04054,8,S04,C0127,store,control,Core,80.24,33.7,1
T08S04055,8,S04,C0134,ecommerce,control,Premium,49.01,20.59,0
T08S04056,8,S04,C0141,store,control,Value,29.38,10.28,0
T08S04057,8,S04,C0148,store,control,Core,73.77,30.98,0
T08S04058,8,S04,C0155,store,control,Premium,75.91,31.88,0
T08S04059,8,S04,C0162,store,control,Value,69.6,29.23,0
T08S04060,8,S04,C0169,ecommerce,control,Core,41.42,14.5,0
T08S04061,8,S04,C0176,store,control,Premium,118.82,49.91,1
T08S04062,8,S04,C0183,store,control,Value,113.53,47.68,1
T08S04063,8,S04,C0190,store,control,Core,65.12,27.35,0
T08S04064,8,S04,C0197,store,control,Premium,64.86,22.7,0
T08S04065,8,S04,C0004,ecommerce,control,Core,49.63,20.84,0
T08S04066,8,S04,C0011,store,control,Premium,98.18,41.24,1
T08S04067,8,S04,C0018,store,control,Value,84.52,35.5,1
T08S04068,8,S04,C0025,store,control,Core,51.94,18.18,0
T08S04069,8,S04,C0032,store,control,Premium,60.19,25.28,0
T08S04070,8,S04,C0039,ecommerce,control,Value,82.34,34.58,1
T08S04071,8,S04,C0046,store,control,Core,55.99,23.52,0
T08S04072,8,S04,C0053,store,control,Premium,111.44,39.01,1
T08S04073,8,S04,C0060,store,control,Value,62.48,26.24,0
T08S04074,8,S04,C0067,store,control,Core,100.54,42.23,1
T08S04075,8,S04,C0074,ecommerce,control,Premium,99.5,41.79,1
T08S04076,8,S04,C0081,store,control,Value,27.03,9.46,0
T08S04077,8,S04,C0088,store,control,Core,77.98,32.75,1
T08S04078,8,S04,C0095,store,control,Premium,70.29,29.52,0
T08S04079,8,S04,C0102,store,control,Value,66.36,27.87,0
T08S04080,8,S04,C0109,ecommerce,control,Core,36.65,12.83,0
T08S04081,8,S04,C0116,store,control,Premium,128.06,53.78,1
T08S04082,8,S04,C0123,store,control,Value,86.3,36.25,1
T08S04083,8,S04,C0130,store,control,Core,85.15,35.77,1
T08S04084,8,S04,C0137,store,control,Premium,97.94,34.28,1
T08S04085,8,S04,C0144,ecommerce,control,Value,74.9,31.46,0
T08S04086,8,S04,C0151,store,control,Core,58.32,24.49,0
T08S04087,8,S04,C0158,store,control,Premium,80.82,33.94,1
T08S04088,8,S04,C0165,store,control,Value,68.19,23.87,0
T08S04089,8,S04,C0172,store,control,Core,47.08,19.77,0
T08S04090,8,S04,C0179,ecommerce,control,Premium,78.64,33.03,1
T08S04091,8,S04,C0186,store,control,Value,63.35,26.61,0
T08S04092,8,S04,C0193,store,control,Core,94.23,32.98,1
T08S04093,8,S04,C0200,store,control,Premium,83.08,34.89,1
T08S04094,8,S04,C0007,store,control,Core,55.5,23.31,0
T08S04095,8,S04,C0014,ecommerce,control,Premium,75.71,31.8,0
T08S04096,8,S04,C0021,store,control,Value,58.05,20.32,0
T08S04097,8,S04,C0028,store,control,Core,76.32,32.05,1
T08S04098,8,S04,C0035,store,control,Premium,70.63,29.67,0
T08S04099,8,S04,C0042,store,control,Value,67.33,28.28,0
T08S04100,8,S04,C0049,ecommerce,control,Core,58.38,20.43,0
T08S04101,8,S04,C0056,store,control,Premium,97.42,40.92,1
T08S04102,8,S04,C0063,store,control,Value,71.16,29.89,0
T08S04103,8,S04,C0070,store,control,Core,83.11,34.91,1
T08S04104,8,S04,C0077,store,control,Premium,93.78,32.82,1
T08S04105,8,S04,C0084,ecommerce,control,Value,95.59,40.15,1
T08S04106,8,S04,C0091,store,control,Core,74.14,31.14,0
T08S04107,8,S04,C0098,store,control,Premium,97.64,41.01,1
T08S04108,8,S04,C0105,store,control,Value,64.44,22.55,0
T08S04109,8,S04,C0112,store,control,Core,74.42,31.26,0
T08S04110,8,S04,C0119,ecommerce,control,Premium,88.73,37.27,1
T08S04111,8,S04,C0126,store,control,Value,92.11,38.69,1
T08S04112,8,S04,C0133,store,control,Core,88.67,31.03,1
T08S04113,8,S04,C0140,store,control,Premium,87.25,36.64,1
T08S04114,8,S04,C0147,store,control,Value,57.83,24.29,0
T08S04115,8,S04,C0154,ecommerce,control,Core,117.13,49.2,1
T08S04116,8,S04,C0161,store,control,Premium,115.93,40.58,1
T08S04117,8,S04,C0168,store,control,Value,66.37,27.88,0
T08S04118,8,S04,C0175,store,control,Core,58.53,24.58,0
T08S04119,8,S04,C0182,store,control,Premium,75.75,31.82,0
T08S04120,8,S04,C0189,ecommerce,control,Value,83.23,29.13,1
T08S04121,8,S04,C0196,store,control,Core,88.38,37.12,1
T08S04122,8,S04,C0003,store,control,Value,83.99,35.27,1
T08S04123,8,S04,C0010,store,control,Core,74.04,31.1,0
T08S04124,8,S04,C0017,store,control,Premium,128.65,45.03,1
T08S04125,8,S04,C0024,ecommerce,control,Value,72.81,30.58,0
T08S04126,8,S04,C0031,store,control,Core,70.2,29.48,0
T08S04127,8,S04,C0038,store,control,Premium,64.6,27.13,0
T08S04128,8,S04,C0045,store,control,Value,80.87,28.3,1
T08S04129,8,S04,C0052,store,control,Core,76.64,32.19,1
T08S04130,8,S04,C0059,ecommerce,control,Premium,86.95,36.52,1
T08S04131,8,S04,C0066,store,control,Value,79.75,33.5,1
T08S04132,8,S04,C0073,store,control,Core,62.91,22.02,0
T08S04133,8,S04,C0080,store,control,Premium,94.51,39.69,1
T08S04134,8,S04,C0087,store,control,Value,88.31,37.09,1
T08S04135,8,S04,C0094,ecommerce,control,Core,85.01,35.7,1
T08S04136,8,S04,C0101,store,control,Premium,104.13,36.45,1
T08S04137,8,S04,C0108,store,control,Value,59.38,24.94,0
T08S04138,8,S04,C0115,store,control,Core,102.47,43.04,1
T08S04139,8,S04,C0122,store,control,Premium,33.09,13.9,0
T08S04140,8,S04,C0129,ecommerce,control,Value,78.76,27.57,1
T08S04141,8,S04,C0136,store,control,Core,67.65,28.41,0
T08S04142,8,S04,C0143,store,control,Premium,74.15,31.14,0
T08S04143,8,S04,C0150,store,control,Value,67.23,28.24,0
T08S04144,8,S04,C0157,store,control,Core,65.08,22.78,0
T08S04145,8,S04,C0164,ecommerce,control,Premium,99.99,42.0,1
T08S04146,8,S04,C0171,store,control,Value,81.59,34.27,1
T08S04147,8,S04,C0178,store,control,Core,67.49,28.34,0
T08S04148,8,S04,C0185,store,control,Premium,51.73,18.1,0
T08S04149,8,S04,C0192,store,control,Value,64.86,27.24,0
T08S04150,8,S04,C0199,ecommerce,control,Core,63.14,26.52,0
T08S04151,8,S04,C0006,store,control,Value,54.09,22.72,0
T08S04152,8,S04,C0013,store,control,Core,123.4,43.19,1
T08S04153,8,S04,C0020,store,control,Premium,73.76,30.98,0
T08S04154,8,S04,C0027,store,control,Value,74.26,31.19,0
T08S04155,8,S04,C0034,ecommerce,control,Core,46.04,19.34,0
T08S04156,8,S04,C0041,store,control,Premium,93.42,32.7,1
T08S04157,8,S04,C0048,store,control,Value,96.19,40.4,1
T08S04158,8,S04,C0055,store,control,Core,101.84,42.77,1
T08S04159,8,S04,C0062,store,control,Premium,102.81,43.18,1
T08S05000,8,S05,C0162,ecommerce,treatment,Value,38.53,13.48,0
T08S05001,8,S05,C0169,store,treatment,Core,77.69,32.63,1
T08S05002,8,S05,C0176,store,treatment,Premium,113.81,47.8,1
T08S05003,8,S05,C0183,store,treatment,Value,68.41,28.73,0
T08S05004,8,S05,C0190,store,treatment,Core,94.63,33.12,1
T08S05005,8,S05,C0197,ecommerce,treatment,Premium,91.14,38.28,1
T08S05006,8,S05,C0004,store,treatment,Core,78.39,32.92,1
T08S05007,8,S05,C0011,store,treatment,Premium,99.17,41.65,1
T08S05008,8,S05,C0018,store,treatment,Value,90.66,31.73,1
T08S05009,8,S05,C0025,store,treatment,Core,99.07,41.61,1
T08S05010,8,S05,C0032,ecommerce,treatment,Premium,90.68,38.09,1
T08S05011,8,S05,C0039,store,treatment,Value,86.65,36.39,1
T08S05012,8,S05,C0046,store,treatment,Core,102.18,35.76,1
T08S05013,8,S05,C0053,store,treatment,Premium,117.91,49.52,1
T08S05014,8,S05,C0060,store,treatment,Value,73.47,30.86,0
T08S05015,8,S05,C0067,ecommerce,treatment,Core,77.39,32.5,1
T08S05016,8,S05,C0074,store,treatment,Premium,99.94,34.98,1
T08S05017,8,S05,C0081,store,treatment,Value,83.62,35.12,1
T08S05018,8,S05,C0088,store,treatment,Core,64.57,27.12,0
T08S05019,8,S05,C0095,store,treatment,Premium,109.49,45.99,1
T08S05020,8,S05,C0102,ecommerce,treatment,Value,111.51,39.03,1
T08S05021,8,S05,C0109,store,treatment,Core,86.51,36.33,1
T08S05022,8,S05,C0116,store,treatment,Premium,111.57,46.86,1
T08S05023,8,S05,C0123,store,treatment,Value,99.94,41.97,1
T08S05024,8,S05,C0130,store,treatment,Core,94.73,33.15,1
T08S05025,8,S05,C0137,ecommerce,treatment,Premium,103.1,43.3,1
T08S05026,8,S05,C0144,store,treatment,Value,63.71,26.76,0
T08S05027,8,S05,C0151,store,treatment,Core,106.36,44.67,1
T08S05028,8,S05,C0158,store,treatment,Premium,88.43,30.95,1
T08S05029,8,S05,C0165,store,treatment,Value,105.43,44.28,1
T08S05030,8,S05,C0172,ecommerce,treatment,Core,78.14,32.82,1
T08S05031,8,S05,C0179,store,treatment,Premium,119.87,50.34,1
T08S05032,8,S05,C0186,store,treatment,Value,90.22,31.58,1
T08S05033,8,S05,C0193,store,treatment,Core,91.79,38.55,1
T08S05034,8,S05,C0200,store,treatment,Premium,72.17,30.31,0
T08S05035,8,S05,C0007,ecommerce,treatment,Core,77.62,32.6,1
T08S05036,8,S05,C0014,store,treatment,Premium,101.21,35.43,1
T08S05037,8,S05,C0021,store,treatment,Value,93.88,39.43,1
T08S05038,8,S05,C0028,store,treatment,Core,74.28,31.2,0
T08S05039,8,S05,C0035,store,treatment,Premium,63.91,26.84,0
T08S05040,8,S05,C0042,ecommerce,treatment,Value,80.91,28.32,1
T08S05041,8,S05,C0049,store,treatment,Core,115.88,48.67,1
T08S05042,8,S05,C0056,store,treatment,Premium,91.15,38.28,1
T08S05043,8,S05,C0063,store,treatment,Value,99.77,41.9,1
T08S05044,8,S05,C0070,store,treatment,Core,91.33,31.96,1
T08S05045,8,S05,C0077,ecommerce,treatment,Premium,92.65,38.91,1
T08S05046,8,S05,C0084,store,treatment,Value,88.66,37.24,1
T08S05047,8,S05,C0091,store,treatment,Core,65.75,27.61,0
T08S05048,8,S05,C0098,store,treatment,Premium,128.73,45.06,1
T08S05049,8,S05,C0105,store,treatment,Value,72.87,30.6,0
T08S05050,8,S05,C0112,ecommerce,treatment,Core,47.58,19.98,0
T08S05051,8,S05,C0119,store,treatment,Premium,111.01,46.62,1
T08S05052,8,S05,C0126,store,treatment,Value,57.67,20.18,0
T08S05053,8,S05,C0133,store,treatment,Core,109.27,45.89,1
T08S05054,8,S05,C0140,store,treatment,Premium,75.68,31.79,0
T08S05055,8,S05,C0147,ecommerce,treatment,Value,76.11,31.97,1
T08S05056,8,S05,C0154,store,treatment,Core,59.78,20.92,0
T08S05057,8,S05,C0161,store,treatment,Premium,135.53,56.92,1
T08S05058,8,S05,C0168,store,treatment,Value,87.92,36.93,1
T08S05059,8,S05,C0175,store,treatment,Core,127.92,53.73,1
T08S05060,8,S05,C0182,ecommerce,treatment,Premium,106.09,37.13,1
T08S05061,8,S05,C0189,store,treatment,Value,68.04,28.58,0
T08S05062,8,S05,C0196,store,treatment,Core,123.78,51.99,1
T08S05063,8,S05,C0003,store,treatment,Value,70.35,29.55,0
T08S05064,8,S05,C0010,store,treatment,Core,89.94,31.48,1
T08S05065,8,S05,C0017,ecommerce,treatment,Premium,105.18,44.17,1
T08S05066,8,S05,C0024,store,treatment,Value,95.07,39.93,1
T08S05067,8,S05,C0031,store,treatment,Core,75.41,31.67,0
T08S05068,8,S05,C0038,store,treatment,Premium,111.19,38.92,1
T08S05069,8,S05,C0045,store,treatment,Value,71.38,29.98,0
T08S05070,8,S05,C0052,ecommerce,treatment,Core,85.88,36.07,1
T08S05071,8,S05,C0059,store,treatment,Premium,81.59,34.27,1
T08S05072,8,S05,C0066,store,treatment,Value,89.13,31.2,1
T08S05073,8,S05,C0073,store,treatment,Core,111.12,46.67,1
T08S05074,8,S05,C0080,store,treatment,Premium,107.33,45.08,1
T08S05075,8,S05,C0087,ecommerce,treatment,Value,127.67,53.62,1
T08S05076,8,S05,C0094,store,treatment,Core,82.28,28.8,1
T08S05077,8,S05,C0101,store,treatment,Premium,108.95,45.76,1
T08S05078,8,S05,C0108,store,treatment,Value,74.84,31.43,0
T08S05079,8,S05,C0115,store,treatment,Core,59.45,24.97,0
T08S05080,8,S05,C0122,ecommerce,treatment,Premium,67.58,23.65,0
T08S05081,8,S05,C0129,store,treatment,Value,77.43,32.52,1
T08S05082,8,S05,C0136,store,treatment,Core,114.47,48.08,1
T08S05083,8,S05,C0143,store,treatment,Premium,86.02,36.13,1
T08S05084,8,S05,C0150,store,treatment,Value,95.1,33.28,1
T08S05085,8,S05,C0157,ecommerce,treatment,Core,90.9,38.18,1
T08S05086,8,S05,C0164,store,treatment,Premium,88.77,37.28,1
T08S05087,8,S05,C0171,store,treatment,Value,80.59,33.85,1
T08S05088,8,S05,C0178,store,treatment,Core,94.47,33.07,1
T08S05089,8,S05,C0185,store,treatment,Premium,121.81,51.16,1
T08S05090,8,S05,C0192,ecommerce,treatment,Value,93.54,39.29,1
T08S05091,8,S05,C0199,store,treatment,Core,135.07,56.73,1
T08S05092,8,S05,C0006,store,treatment,Value,91.15,31.9,1
T08S05093,8,S05,C0013,store,treatment,Core,101.72,42.72,1
T08S05094,8,S05,C0020,store,treatment,Premium,143.38,60.22,1
T08S05095,8,S05,C0027,ecommerce,treatment,Value,69.64,29.25,0
T08S05096,8,S05,C0034,store,treatment,Core,79.59,27.86,1
T08S05097,8,S05,C0041,store,treatment,Premium,122.72,51.54,1
T08S05098,8,S05,C0048,store,treatment,Value,92.4,38.81,1
T08S05099,8,S05,C0055,store,treatment,Core,57.35,24.09,0
T08S05100,8,S05,C0062,ecommerce,treatment,Premium,108.1,37.83,1
T08S05101,8,S05,C0069,store,treatment,Value,95.04,39.92,1
T08S05102,8,S05,C0076,store,treatment,Core,111.75,46.93,1
T08S05103,8,S05,C0083,store,treatment,Premium,116.29,48.84,1
T08S05104,8,S05,C0090,store,treatment,Value,75.0,26.25,0
T08S05105,8,S05,C0097,ecommerce,treatment,Core,75.49,31.71,0
T08S05106,8,S05,C0104,store,treatment,Premium,82.05,34.46,1
T08S05107,8,S05,C0111,store,treatment,Value,57.57,24.18,0
T08S05108,8,S05,C0118,store,treatment,Core,82.33,28.82,1
T08S05109,8,S05,C0125,store,treatment,Premium,86.2,36.2,1
T08S05110,8,S05,C0132,ecommerce,treatment,Value,82.79,34.77,1
T08S05111,8,S05,C0139,store,treatment,Core,94.71,39.78,1
T08S05112,8,S05,C0146,store,treatment,Premium,85.62,29.97,1
T08S05113,8,S05,C0153,store,treatment,Value,79.6,33.43,1
T08S05114,8,S05,C0160,store,treatment,Core,79.32,33.31,1
T08S05115,8,S05,C0167,ecommerce,treatment,Premium,80.42,33.78,1
T08S05116,8,S05,C0174,store,treatment,Value,92.88,32.51,1
T08S05117,8,S05,C0181,store,treatment,Core,88.69,37.25,1
T08S05118,8,S05,C0188,store,treatment,Premium,130.8,54.94,1
T08S05119,8,S05,C0195,store,treatment,Value,109.89,46.15,1
T08S05120,8,S05,C0002,ecommerce,treatment,Premium,81.03,28.36,1
T08S05121,8,S05,C0009,store,treatment,Value,96.43,40.5,1
T08S05122,8,S05,C0016,store,treatment,Core,128.24,53.86,1
T08S05123,8,S05,C0023,store,treatment,Premium,86.68,36.4,1
T08S05124,8,S05,C0030,store,treatment,Value,81.11,28.39,1
T08S05125,8,S05,C0037,ecommerce,treatment,Core,71.32,29.96,0
T08S05126,8,S05,C0044,store,treatment,Premium,101.64,42.69,1
T08S05127,8,S05,C0051,store,treatment,Value,96.96,40.72,1
T08S05128,8,S05,C0058,store,treatment,Core,76.77,26.87,1
T08S05129,8,S05,C0065,store,treatment,Premium,113.34,47.6,1
T08S05130,8,S05,C0072,ecommerce,treatment,Value,85.07,35.73,1
T08S05131,8,S05,C0079,store,treatment,Core,67.11,28.19,0
T08S05132,8,S05,C0086,store,treatment,Premium,104.78,36.67,1
T08S05133,8,S05,C0093,store,treatment,Value,78.79,33.09,1
T08S05134,8,S05,C0100,store,treatment,Core,85.78,36.03,1
T08S05135,8,S05,C0107,ecommerce,treatment,Premium,115.07,48.33,1
T08S05136,8,S05,C0114,store,treatment,Value,107.33,37.57,1
T08S05137,8,S05,C0121,store,treatment,Core,48.54,20.39,0
T08S05138,8,S05,C0128,store,treatment,Premium,116.81,49.06,1
T08S05139,8,S05,C0135,store,treatment,Value,121.57,51.06,1
T08S05140,8,S05,C0142,ecommerce,treatment,Core,101.57,35.55,1
T08S05141,8,S05,C0149,store,treatment,Premium,81.76,34.34,1
T08S05142,8,S05,C0156,store,treatment,Value,84.59,35.53,1
T08S05143,8,S05,C0163,store,treatment,Core,42.13,17.69,0
T08S05144,8,S05,C0170,store,treatment,Premium,108.6,38.01,1
T08S05145,8,S05,C0177,ecommerce,treatment,Value,109.96,46.18,1
T08S05146,8,S05,C0184,store,treatment,Core,121.03,50.83,1
T08S05147,8,S05,C0191,store,treatment,Premium,86.24,36.22,1
T08S05148,8,S05,C0198,store,treatment,Value,71.63,25.07,0
T08S05149,8,S05,C0005,store,treatment,Premium,92.78,38.97,1
T08S05150,8,S05,C0012,ecommerce,treatment,Value,75.59,31.75,0
T08S05151,8,S05,C0019,store,treatment,Core,114.01,47.89,1
T08S05152,8,S05,C0026,store,treatment,Premium,82.28,28.8,1
T08S05153,8,S05,C0033,store,treatment,Value,95.07,39.93,1
T08S05154,8,S05,C0040,store,treatment,Core,114.87,48.25,1
T08S05155,8,S05,C0047,ecommerce,treatment,Premium,92.29,38.76,1
T08S05156,8,S05,C0054,store,treatment,Value,66.42,23.25,0
T08S05157,8,S05,C0061,store,treatment,Core,114.98,48.29,1
T08S05158,8,S05,C0068,store,treatment,Premium,115.36,48.45,1
T08S05159,8,S05,C0075,store,treatment,Value,99.17,41.65,1
T08S06000,8,S06,C0175,ecommerce,control,Core,66.39,23.24,0
T08S06001,8,S06,C0182,store,control,Premium,106.62,44.78,1
T08S06002,8,S06,C0189,store,control,Value,80.08,33.63,1
T08S06003,8,S06,C0196,store,control,Core,91.8,38.56,1
T08S06004,8,S06,C0003,store,control,Value,73.96,25.89,0
T08S06005,8,S06,C0010,ecommerce,control,Core,79.72,33.48,1
T08S06006,8,S06,C0017,store,control,Premium,53.5,22.47,0
T08S06007,8,S06,C0024,store,control,Value,88.91,37.34,1
T08S06008,8,S06,C0031,store,control,Core,72.26,25.29,0
T08S06009,8,S06,C0038,store,control,Premium,116.23,48.82,1
T08S06010,8,S06,C0045,ecommerce,control,Value,57.92,24.33,0
T08S06011,8,S06,C0052,store,control,Core,86.65,36.39,1
T08S06012,8,S06,C0059,store,control,Premium,59.11,20.69,0
T08S06013,8,S06,C0066,store,control,Value,71.19,29.9,0
T08S06014,8,S06,C0073,store,control,Core,71.82,30.17,0
T08S06015,8,S06,C0080,ecommerce,control,Premium,72.75,30.56,0
T08S06016,8,S06,C0087,store,control,Value,108.92,38.12,1
T08S06017,8,S06,C0094,store,control,Core,80.79,33.93,1
T08S06018,8,S06,C0101,store,control,Premium,103.17,43.33,1
T08S06019,8,S06,C0108,store,control,Value,76.29,32.04,1
T08S06020,8,S06,C0115,ecommerce,control,Core,68.75,24.06,0
T08S06021,8,S06,C0122,store,control,Premium,101.9,42.8,1
T08S06022,8,S06,C0129,store,control,Value,66.12,27.77,0
T08S06023,8,S06,C0136,store,control,Core,102.06,42.87,1
T08S06024,8,S06,C0143,store,control,Premium,58.38,20.43,0
T08S06025,8,S06,C0150,ecommerce,control,Value,61.32,25.76,0
T08S06026,8,S06,C0157,store,control,Core,90.17,37.87,1
T08S06027,8,S06,C0164,store,control,Premium,51.99,21.84,0
T08S06028,8,S06,C0171,store,control,Value,72.1,25.23,0
T08S06029,8,S06,C0178,store,control,Core,81.45,34.21,1
T08S06030,8,S06,C0185,ecommerce,control,Premium,109.04,45.8,1
T08S06031,8,S06,C0192,store,control,Value,65.77,27.62,0
T08S06032,8,S06,C0199,store,control,Core,95.4,33.39,1
T08S06033,8,S06,C0006,store,control,Value,98.15,41.22,1
T08S06034,8,S06,C0013,store,control,Core,70.93,29.79,0
T08S06035,8,S06,C0020,ecommerce,control,Premium,55.86,23.46,0
T08S06036,8,S06,C0027,store,control,Value,57.59,20.16,0
T08S06037,8,S06,C0034,store,control,Core,107.92,45.33,1
T08S06038,8,S06,C0041,store,control,Premium,118.23,49.66,1
T08S06039,8,S06,C0048,store,control,Value,71.74,30.13,0
T08S06040,8,S06,C0055,ecommerce,control,Core,92.53,32.39,1
T08S06041,8,S06,C0062,store,control,Premium,81.63,34.28,1
T08S06042,8,S06,C0069,store,control,Value,66.22,27.81,0
T08S06043,8,S06,C0076,store,control,Core,83.38,35.02,1
T08S06044,8,S06,C0083,store,control,Premium,107.55,37.64,1
T08S06045,8,S06,C0090,ecommerce,control,Value,76.44,32.1,1
T08S06046,8,S06,C0097,store,control,Core,94.26,39.59,1
T08S06047,8,S06,C0104,store,control,Premium,99.79,41.91,1
T08S06048,8,S06,C0111,store,control,Value,63.45,22.21,0
T08S06049,8,S06,C0118,store,control,Core,75.26,31.61,0
T08S06050,8,S06,C0125,ecommerce,control,Premium,115.01,48.3,1
T08S06051,8,S06,C0132,store,control,Value,106.88,44.89,1
T08S06052,8,S06,C0139,store,control,Core,56.65,19.83,0
T08S06053,8,S06,C0146,store,control,Premium,130.26,54.71,1
T08S06054,8,S06,C0153,store,control,Value,69.74,29.29,0
T08S06055,8,S06,C0160,ecommerce,control,Core,71.49,30.02,0
T08S06056,8,S06,C0167,store,control,Premium,86.1,30.13,1
T08S06057,8,S06,C0174,store,control,Value,93.73,39.37,1
T08S06058,8,S06,C0181,store,control,Core,88.98,37.37,1
T08S06059,8,S06,C0188,store,control,Premium,95.91,40.28,1
T08S06060,8,S06,C0195,ecommerce,control,Value,77.98,27.29,1
T08S06061,8,S06,C0002,store,control,Premium,105.25,44.2,1
T08S06062,8,S06,C0009,store,control,Value,95.65,40.17,1
T08S06063,8,S06,C0016,store,control,Core,40.98,17.21,0
T08S06064,8,S06,C0023,store,control,Premium,122.22,42.78,1
T08S06065,8,S06,C0030,ecommerce,control,Value,63.67,26.74,0
T08S06066,8,S06,C0037,store,control,Core,76.65,32.19,1
T08S06067,8,S06,C0044,store,control,Premium,90.68,38.09,1
T08S06068,8,S06,C0051,store,control,Value,80.19,28.07,1
T08S06069,8,S06,C0058,store,control,Core,49.23,20.68,0
T08S06070,8,S06,C0065,ecommerce,control,Premium,60.77,25.52,0
T08S06071,8,S06,C0072,store,control,Value,96.98,40.73,1
T08S06072,8,S06,C0079,store,control,Core,84.15,29.45,1
T08S06073,8,S06,C0086,store,control,Premium,87.52,36.76,1
T08S06074,8,S06,C0093,store,control,Value,60.49,25.4,0
T08S06075,8,S06,C0100,ecommerce,control,Core,65.96,27.7,0
T08S06076,8,S06,C0107,store,control,Premium,85.41,29.89,1
T08S06077,8,S06,C0114,store,control,Value,112.16,47.11,1
T08S06078,8,S06,C0121,store,control,Core,105.02,44.11,1
T08S06079,8,S06,C0128,store,control,Premium,53.36,22.41,0
T08S06080,8,S06,C0135,ecommerce,control,Value,54.66,19.13,0
T08S06081,8,S06,C0142,store,control,Core,64.03,26.89,0
T08S06082,8,S06,C0149,store,control,Premium,77.14,32.4,1
T08S06083,8,S06,C0156,store,control,Value,93.38,39.22,1
T08S06084,8,S06,C0163,store,control,Core,65.87,23.05,0
T08S06085,8,S06,C0170,ecommerce,control,Premium,80.68,33.88,1
T08S06086,8,S06,C0177,store,control,Value,68.37,28.72,0
T08S06087,8,S06,C0184,store,control,Core,99.7,41.88,1
T08S06088,8,S06,C0191,store,control,Premium,73.7,25.79,0
T08S06089,8,S06,C0198,store,control,Value,96.61,40.58,1
T08S06090,8,S06,C0005,ecommerce,control,Premium,90.85,38.16,1
T08S06091,8,S06,C0012,store,control,Value,80.28,33.72,1
T08S06092,8,S06,C0019,store,control,Core,93.26,32.64,1
T08S06093,8,S06,C0026,store,control,Premium,96.05,40.34,1
T08S06094,8,S06,C0033,store,control,Value,106.98,44.93,1
T08S06095,8,S06,C0040,ecommerce,control,Core,100.69,42.29,1
T08S06096,8,S06,C0047,store,control,Premium,71.81,25.13,0
T08S06097,8,S06,C0054,store,control,Value,74.7,31.37,0
T08S06098,8,S06,C0061,store,control,Core,64.29,27.0,0
T08S06099,8,S06,C0068,store,control,Premium,116.62,48.98,1
T08S06100,8,S06,C0075,ecommerce,control,Value,71.28,24.95,0
T08S06101,8,S06,C0082,store,control,Core,70.01,29.41,0
T08S06102,8,S06,C0089,store,control,Premium,75.28,31.62,0
T08S06103,8,S06,C0096,store,control,Value,52.55,22.07,0
T08S06104,8,S06,C0103,store,control,Core,66.47,23.27,0
T08S06105,8,S06,C0110,ecommerce,control,Premium,88.44,37.15,1
T08S06106,8,S06,C0117,store,control,Value,74.05,31.1,0
T08S06107,8,S06,C0124,store,control,Core,74.24,31.18,0
T08S06108,8,S06,C0131,store,control,Premium,69.99,24.5,0
T08S06109,8,S06,C0138,store,control,Value,74.28,31.2,0
T08S06110,8,S06,C0145,ecommerce,control,Core,64.36,27.03,0
T08S06111,8,S06,C0152,store,control,Premium,85.57,35.94,1
T08S06112,8,S06,C0159,store,control,Value,79.3,27.76,1
T08S06113,8,S06,C0166,store,control,Core,67.22,28.23,0
T08S06114,8,S06,C0173,store,control,Premium,78.34,32.9,1
T08S06115,8,S06,C0180,ecommerce,control,Value,60.96,25.6,0
T08S06116,8,S06,C0187,store,control,Core,52.81,18.48,0
T08S06117,8,S06,C0194,store,control,Premium,38.86,16.32,0
T08S06118,8,S06,C0001,store,control,Core,76.66,32.2,1
T08S06119,8,S06,C0008,store,control,Premium,74.24,31.18,0
T08S06120,8,S06,C0015,ecommerce,control,Value,83.01,29.05,1
T08S06121,8,S06,C0022,store,control,Core,83.76,35.18,1
T08S06122,8,S06,C0029,store,control,Premium,93.9,39.44,1
T08S06123,8,S06,C0036,store,control,Value,80.2,33.68,1
T08S06124,8,S06,C0043,store,control,Core,77.49,27.12,1
T08S06125,8,S06,C0050,ecommerce,control,Premium,77.16,32.41,1
T08S06126,8,S06,C0057,store,control,Value,76.17,31.99,1
T08S06127,8,S06,C0064,store,control,Core,67.18,28.22,0
T08S06128,8,S06,C0071,store,control,Premium,64.5,22.58,0
T08S06129,8,S06,C0078,store,control,Value,86.51,36.33,1
T08S06130,8,S06,C0085,ecommerce,control,Core,80.18,33.67,1
T08S06131,8,S06,C0092,store,control,Premium,66.43,27.9,0
T08S06132,8,S06,C0099,store,control,Value,67.83,23.74,0
T08S06133,8,S06,C0106,store,control,Core,96.8,40.65,1
T08S06134,8,S06,C0113,store,control,Premium,118.06,49.58,1
T08S06135,8,S06,C0120,ecommerce,control,Value,91.92,38.61,1
T08S06136,8,S06,C0127,store,control,Core,75.5,26.42,0
T08S06137,8,S06,C0134,store,control,Premium,47.74,20.05,0
T08S06138,8,S06,C0141,store,control,Value,105.65,44.37,1
T08S06139,8,S06,C0148,store,control,Core,83.67,35.14,1
T08S06140,8,S06,C0155,ecommerce,control,Premium,109.14,38.2,1
T08S06141,8,S06,C0162,store,control,Value,87.22,36.63,1
T08S06142,8,S06,C0169,store,control,Core,36.86,15.48,0
T08S06143,8,S06,C0176,store,control,Premium,84.77,35.6,1
T08S06144,8,S06,C0183,store,control,Value,72.33,25.31,0
T08S06145,8,S06,C0190,ecommerce,control,Core,40.71,17.1,0
T08S06146,8,S06,C0197,store,control,Premium,82.54,34.67,1
T08S06147,8,S06,C0004,store,control,Core,72.05,30.26,0
T08S06148,8,S06,C0011,store,control,Premium,95.7,33.49,1
T08S06149,8,S06,C0018,store,control,Value,68.94,28.96,0
T08S06150,8,S06,C0025,ecommerce,control,Core,63.15,26.52,0
T08S06151,8,S06,C0032,store,control,Premium,103.73,43.57,1
T08S06152,8,S06,C0039,store,control,Value,47.22,16.53,0
T08S06153,8,S06,C0046,store,control,Core,51.97,21.83,0
T08S06154,8,S06,C0053,store,control,Premium,77.33,32.48,1
T08S06155,8,S06,C0060,ecommerce,control,Value,71.57,30.06,0
T08S06156,8,S06,C0067,store,control,Core,75.39,26.39,0
T08S06157,8,S06,C0074,store,control,Premium,76.23,32.02,1
T08S06158,8,S06,C0081,store,control,Value,85.77,36.03,1
T08S06159,8,S06,C0088,store,control,Core,68.27,28.67,0
T08S07000,8,S07,C0188,ecommerce,treatment,Premium,77.58,27.15,1
T08S07001,8,S07,C0195,store,treatment,Value,101.47,42.62,1
T08S07002,8,S07,C0002,store,treatment,Premium,144.7,60.77,1
T08S07003,8,S07,C0009,store,treatment,Value,101.74,42.73,1
T08S07004,8,S07,C0016,store,treatment,Core,86.88,30.41,1
T08S07005,8,S07,C0023,ecommerce,treatment,Premium,82.0,34.44,1
T08S07006,8,S07,C0030,store,treatment,Value,96.88,40.69,1
T08S07007,8,S07,C0037,store,treatment,Core,88.93,37.35,1
T08S07008,8,S07,C0044,store,treatment,Premium,107.12,37.49,1
T08S07009,8,S07,C0051,store,treatment,Value,88.72,37.26,1
T08S07010,8,S07,C0058,ecommerce,treatment,Core,86.69,36.41,1
T08S07011,8,S07,C0065,store,treatment,Premium,81.29,34.14,1
T08S07012,8,S07,C0072,store,treatment,Value,76.49,26.77,1
T08S07013,8,S07,C0079,store,treatment,Core,109.18,45.85,1
T08S07014,8,S07,C0086,store,treatment,Premium,110.06,46.22,1
T08S07015,8,S07,C0093,ecommerce,treatment,Value,96.82,40.67,1
T08S07016,8,S07,C0100,store,treatment,Core,99.56,34.85,1
T08S07017,8,S07,C0107,store,treatment,Premium,104.67,43.96,1
T08S07018,8,S07,C0114,store,treatment,Value,93.13,39.11,1
T08S07019,8,S07,C0121,store,treatment,Core,90.64,38.07,1
T08S07020,8,S07,C0128,ecommerce,treatment,Premium,109.15,38.2,1
T08S07021,8,S07,C0135,store,treatment,Value,110.73,46.51,1
T08S07022,8,S07,C0142,store,treatment,Core,73.95,31.06,0
T08S07023,8,S07,C0149,store,treatment,Premium,110.91,46.58,1
T08S07024,8,S07,C0156,store,treatment,Value,90.79,31.78,1
T08S07025,8,S07,C0163,ecommerce,treatment,Core,76.31,32.05,1
T08S07026,8,S07,C0170,store,treatment,Premium,111.51,46.84,1
T08S07027,8,S07,C0177,store,treatment,Value,85.44,35.88,1
T08S07028,8,S07,C0184,store,treatment,Core,78.8,27.58,1
T08S07029,8,S07,C0191,store,treatment,Premium,100.04,42.02,1
T08S07030,8,S07,C0198,ecommerce,treatment,Value,102.63,43.11,1
T08S07031,8,S07,C0005,store,treatment,Premium,99.03,41.59,1
T08S07032,8,S07,C0012,store,treatment,Value,77.36,27.08,1
T08S07033,8,S07,C0019,store,treatment,Core,91.63,38.49,1
T08S07034,8,S07,C0026,store,treatment,Premium,120.34,50.54,1
T08S07035,8,S07,C0033,ecommerce,treatment,Value,95.2,39.98,1
T08S07036,8,S07,C0040,store,treatment,Core,101.15,35.4,1
T08S07037,8,S07,C0047,store,treatment,Premium,111.17,46.69,1
T08S07038,8,S07,C0054,store,treatment,Value,112.32,47.17,1
T08S07039,8,S07,C0061,store,treatment,Core,80.0,33.6,1
T08S07040,8,S07,C0068,ecommerce,treatment,Premium,120.4,42.14,1
T08S07041,8,S07,C0075,store,treatment,Value,85.44,35.89,1
T08S07042,8,S07,C0082,store,treatment,Core,94.86,39.84,1
T08S07043,8,S07,C0089,store,treatment,Premium,93.42,39.24,1
T08S07044,8,S07,C0096,store,treatment,Value,87.18,30.51,1
T08S07045,8,S07,C0103,ecommerce,treatment,Core,114.77,48.21,1
T08S07046,8,S07,C0110,store,treatment,Premium,83.97,35.27,1
T08S07047,8,S07,C0117,store,treatment,Value,90.1,37.84,1
T08S07048,8,S07,C0124,store,treatment,Core,107.1,37.48,1
T08S07049,8,S07,C0131,store,treatment,Premium,123.08,51.69,1
T08S07050,8,S07,C0138,ecommerce,treatment,Value,66.28,27.84,0
T08S07051,8,S07,C0145,store,treatment,Core,101.48,42.62,1
T08S07052,8,S07,C0152,store,treatment,Premium,127.61,44.66,1
T08S07053,8,S07,C0159,store,treatment,Value,92.51,38.85,1
T08S07054,8,S07,C0166,store,treatment,Core,98.62,41.42,1
T08S07055,8,S07,C0173,ecommerce,treatment,Premium,100.86,42.36,1
T08S07056,8,S07,C0180,store,treatment,Value,114.51,40.08,1
T08S07057,8,S07,C0187,store,treatment,Core,113.64,47.73,1
T08S07058,8,S07,C0194,store,treatment,Premium,100.43,42.18,1
T08S07059,8,S07,C0001,store,treatment,Core,67.23,28.23,0
T08S07060,8,S07,C0008,ecommerce,treatment,Premium,89.39,31.29,1
T08S07061,8,S07,C0015,store,treatment,Value,83.89,35.23,1
T08S07062,8,S07,C0022,store,treatment,Core,105.57,44.34,1
T08S07063,8,S07,C0029,store,treatment,Premium,91.05,38.24,1
T08S07064,8,S07,C0036,store,treatment,Value,55.5,19.42,0
T08S07065,8,S07,C0043,ecommerce,treatment,Core,106.46,44.71,1
T08S07066,8,S07,C0050,store,treatment,Premium,124.52,52.3,1
T08S07067,8,S07,C0057,store,treatment,Value,74.13,31.14,0
T08S07068,8,S07,C0064,store,treatment,Core,85.42,29.9,1
T08S07069,8,S07,C0071,store,treatment,Premium,96.68,40.6,1
T08S07070,8,S07,C0078,ecommerce,treatment,Value,102.3,42.97,1
T08S07071,8,S07,C0085,store,treatment,Core,84.94,35.67,1
T08S07072,8,S07,C0092,store,treatment,Premium,140.71,49.25,1
T08S07073,8,S07,C0099,store,treatment,Value,35.47,14.9,0
T08S07074,8,S07,C0106,store,treatment,Core,81.27,34.13,1
T08S07075,8,S07,C0113,ecommerce,treatment,Premium,88.27,37.07,1
T08S07076,8,S07,C0120,store,treatment,Value,92.94,32.53,1
T08S07077,8,S07,C0127,store,treatment,Core,93.58,39.3,1
T08S07078,8,S07,C0134,store,treatment,Premium,96.05,40.34,1
T08S07079,8,S07,C0141,store,treatment,Value,76.48,32.12,1
T08S07080,8,S07,C0148,ecommerce,treatment,Core,114.23,39.98,1
T08S07081,8,S07,C0155,store,treatment,Premium,94.05,39.5,1
T08S07082,8,S07,C0162,store,treatment,Value,77.8,32.67,1
T08S07083,8,S07,C0169,store,treatment,Core,104.01,43.69,1
T08S07084,8,S07,C0176,store,treatment,Premium,141.46,49.51,1
T08S07085,8,S07,C0183,ecommerce,treatment,Value,53.38,22.42,0
T08S07086,8,S07,C0190,store,treatment,Core,101.06,42.44,1
T08S07087,8,S07,C0197,store,treatment,Premium,127.79,53.67,1
T08S07088,8,S07,C0004,store,treatment,Core,120.42,42.15,1
T08S07089,8,S07,C0011,store,treatment,Premium,49.27,20.69,0
T08S07090,8,S07,C0018,ecommerce,treatment,Value,105.41,44.27,1
T08S07091,8,S07,C0025,store,treatment,Core,68.56,28.8,0
T08S07092,8,S07,C0032,store,treatment,Premium,139.7,48.9,1
T08S07093,8,S07,C0039,store,treatment,Value,83.9,35.24,1
T08S07094,8,S07,C0046,store,treatment,Core,104.69,43.97,1
T08S07095,8,S07,C0053,ecommerce,treatment,Premium,79.7,33.47,1
T08S07096,8,S07,C0060,store,treatment,Value,50.48,17.67,0
T08S07097,8,S07,C0067,store,treatment,Core,98.37,41.31,1
T08S07098,8,S07,C0074,store,treatment,Premium,125.41,52.67,1
T08S07099,8,S07,C0081,store,treatment,Value,77.73,32.65,1
T08S07100,8,S07,C0088,ecommerce,treatment,Core,84.53,29.59,1
T08S07101,8,S07,C0095,store,treatment,Premium,128.34,53.9,1
T08S07102,8,S07,C0102,store,treatment,Value,109.86,46.14,1
T08S07103,8,S07,C0109,store,treatment,Core,103.54,43.49,1
T08S07104,8,S07,C0116,store,treatment,Premium,134.81,47.18,1
T08S07105,8,S07,C0123,ecommerce,treatment,Value,98.48,41.36,1
T08S07106,8,S07,C0130,store,treatment,Core,93.31,39.19,1
T08S07107,8,S07,C0137,store,treatment,Premium,121.66,51.1,1
T08S07108,8,S07,C0144,store,treatment,Value,111.26,38.94,1
T08S07109,8,S07,C0151,store,treatment,Core,98.11,41.21,1
T08S07110,8,S07,C0158,ecommerce,treatment,Premium,126.05,52.94,1
T08S07111,8,S07,C0165,store,treatment,Value,114.97,48.29,1
T08S07112,8,S07,C0172,store,treatment,Core,115.56,40.45,1
T08S07113,8,S07,C0179,store,treatment,Premium,100.36,42.15,1
T08S07114,8,S07,C0186,store,treatment,Value,120.94,50.8,1
T08S07115,8,S07,C0193,ecommerce,treatment,Core,92.25,38.74,1
T08S07116,8,S07,C0200,store,treatment,Premium,108.82,38.09,1
T08S07117,8,S07,C0007,store,treatment,Core,82.51,34.65,1
T08S07118,8,S07,C0014,store,treatment,Premium,111.17,46.69,1
T08S07119,8,S07,C0021,store,treatment,Value,64.3,27.01,0
T08S07120,8,S07,C0028,ecommerce,treatment,Core,117.5,41.12,1
T08S07121,8,S07,C0035,store,treatment,Premium,91.21,38.31,1
T08S07122,8,S07,C0042,store,treatment,Value,107.9,45.32,1
T08S07123,8,S07,C0049,store,treatment,Core,78.04,32.78,1
T08S07124,8,S07,C0056,store,treatment,Premium,112.62,39.42,1
T08S07125,8,S07,C0063,ecommerce,treatment,Value,73.24,30.76,0
T08S07126,8,S07,C0070,store,treatment,Core,120.87,50.77,1
T08S07127,8,S07,C0077,store,treatment,Premium,116.4,48.89,1
T08S07128,8,S07,C0084,store,treatment,Value,67.49,23.62,0
T08S07129,8,S07,C0091,store,treatment,Core,108.65,45.63,1
T08S07130,8,S07,C0098,ecommerce,treatment,Premium,145.37,61.06,1
T08S07131,8,S07,C0105,store,treatment,Value,104.76,44.0,1
T08S07132,8,S07,C0112,store,treatment,Core,79.4,27.79,1
T08S07133,8,S07,C0119,store,treatment,Premium,86.35,36.27,1
T08S07134,8,S07,C0126,store,treatment,Value,94.34,39.62,1
T08S07135,8,S07,C0133,ecommerce,treatment,Core,131.82,55.36,1
T08S07136,8,S07,C0140,store,treatment,Premium,69.86,24.45,0
T08S07137,8,S07,C0147,store,treatment,Value,85.33,35.84,1
T08S07138,8,S07,C0154,store,treatment,Core,106.29,44.64,1
T08S07139,8,S07,C0161,store,treatment,Premium,87.38,36.7,1
T08S07140,8,S07,C0168,ecommerce,treatment,Value,120.47,42.17,1
T08S07141,8,S07,C0175,store,treatment,Core,71.17,29.89,0
T08S07142,8,S07,C0182,store,treatment,Premium,103.9,43.64,1
T08S07143,8,S07,C0189,store,treatment,Value,58.91,24.74,0
T08S07144,8,S07,C0196,store,treatment,Core,88.1,30.84,1
T08S07145,8,S07,C0003,ecommerce,treatment,Value,89.07,37.41,1
T08S07146,8,S07,C0010,store,treatment,Core,104.8,44.02,1
T08S07147,8,S07,C0017,store,treatment,Premium,124.99,52.5,1
T08S07148,8,S07,C0024,store,treatment,Value,76.69,26.84,1
T08S07149,8,S07,C0031,store,treatment,Core,62.45,26.23,0
T08S07150,8,S07,C0038,ecommerce,treatment,Premium,118.01,49.56,1
T08S07151,8,S07,C0045,store,treatment,Value,89.38,37.54,1
T08S07152,8,S07,C0052,store,treatment,Core,81.92,28.67,1
T08S07153,8,S07,C0059,store,treatment,Premium,125.17,52.57,1
T08S07154,8,S07,C0066,store,treatment,Value,89.68,37.67,1
T08S07155,8,S07,C0073,ecommerce,treatment,Core,107.88,45.31,1
T08S07156,8,S07,C0080,store,treatment,Premium,90.64,31.72,1
T08S07157,8,S07,C0087,store,treatment,Value,74.65,31.35,0
T08S07158,8,S07,C0094,store,treatment,Core,97.57,40.98,1
T08S07159,8,S07,C0101,store,treatment,Premium,91.62,38.48,1
T08S08000,8,S08,C0001,ecommerce,control,Core,80.27,28.09,1
T08S08001,8,S08,C0008,store,control,Premium,96.51,40.54,1
T08S08002,8,S08,C0015,store,control,Value,32.13,13.49,0
T08S08003,8,S08,C0022,store,control,Core,51.74,21.73,0
T08S08004,8,S08,C0029,store,control,Premium,99.37,34.78,1
T08S08005,8,S08,C0036,ecommerce,control,Value,57.07,23.97,0
T08S08006,8,S08,C0043,store,control,Core,97.43,40.92,1
T08S08007,8,S08,C0050,store,control,Premium,106.4,44.69,1
T08S08008,8,S08,C0057,store,control,Value,75.25,26.34,0
T08S08009,8,S08,C0064,store,control,Core,88.0,36.96,1
T08S08010,8,S08,C0071,ecommerce,control,Premium,73.2,30.74,0
T08S08011,8,S08,C0078,store,control,Value,74.37,31.24,0
T08S08012,8,S08,C0085,store,control,Core,105.78,37.02,1
T08S08013,8,S08,C0092,store,control,Premium,91.86,38.58,1
T08S08014,8,S08,C0099,store,control,Value,85.11,35.74,1
T08S08015,8,S08,C0106,ecommerce,control,Core,97.59,40.99,1
T08S08016,8,S08,C0113,store,control,Premium,87.29,30.55,1
T08S08017,8,S08,C0120,store,control,Value,87.93,36.93,1
T08S08018,8,S08,C0127,store,control,Core,90.15,37.86,1
T08S08019,8,S08,C0134,store,control,Premium,83.59,35.11,1
T08S08020,8,S08,C0141,ecommerce,control,Value,49.19,17.22,0
T08S08021,8,S08,C0148,store,control,Core,73.88,31.03,0
T08S08022,8,S08,C0155,store,control,Premium,74.08,31.11,0
T08S08023,8,S08,C0162,store,control,Value,84.01,35.28,1
T08S08024,8,S08,C0169,store,control,Core,86.28,30.2,1
T08S08025,8,S08,C0176,ecommerce,control,Premium,92.87,39.0,1
T08S08026,8,S08,C0183,store,control,Value,86.85,36.48,1
T08S08027,8,S08,C0190,store,control,Core,77.53,32.56,1
T08S08028,8,S08,C0197,store,control,Premium,94.25,32.99,1
T08S08029,8,S08,C0004,store,control,Core,92.42,38.82,1
T08S08030,8,S08,C0011,ecommerce,control,Premium,97.12,40.79,1
T08S08031,8,S08,C0018,store,control,Value,87.71,36.84,1
T08S08032,8,S08,C0025,store,control,Core,91.84,32.14,1
T08S08033,8,S08,C0032,store,control,Premium,102.22,42.93,1
T08S08034,8,S08,C0039,store,control,Value,47.0,19.74,0
T08S08035,8,S08,C0046,ecommerce,control,Core,62.46,26.24,0
T08S08036,8,S08,C0053,store,control,Premium,102.6,35.91,1
T08S08037,8,S08,C0060,store,control,Value,86.63,36.38,1
T08S08038,8,S08,C0067,store,control,Core,96.1,40.36,1
T08S08039,8,S08,C0074,store,control,Premium,110.28,46.32,1
T08S08040,8,S08,C0081,ecommerce,control,Value,78.9,27.61,1
T08S08041,8,S08,C0088,store,control,Core,73.38,30.82,0
T08S08042,8,S08,C0095,store,control,Premium,84.47,35.48,1
T08S08043,8,S08,C0102,store,control,Value,92.91,39.02,1
T08S08044,8,S08,C0109,store,control,Core,101.79,35.63,1
T08S08045,8,S08,C0116,ecommerce,control,Premium,123.7,51.95,1
T08S08046,8,S08,C0123,store,control,Value,76.99,32.34,1
T08S08047,8,S08,C0130,store,control,Core,45.35,19.05,0
T08S08048,8,S08,C0137,store,control,Premium,114.26,39.99,1
T08S08049,8,S08,C0144,store,control,Value,74.82,31.42,0
T08S08050,8,S08,C0151,ecommerce,control,Core,74.48,31.28,0
T08S08051,8,S08,C0158,store,control,Premium,112.32,47.18,1
T08S08052,8,S08,C0165,store,control,Value,40.86,14.3,0
T08S08053,8,S08,C0172,store,control,Core,84.41,35.45,1
T08S08054,8,S08,C0179,store,control,Premium,96.59,40.57,1
T08S08055,8,S08,C0186,ecommerce,control,Value,88.9,37.34,1
T08S08056,8,S08,C0193,store,control,Core,85.67,29.99,1
T08S08057,8,S08,C0200,store,control,Premium,64.22,26.97,0
T08S08058,8,S08,C0007,store,control,Core,96.83,40.67,1
T08S08059,8,S08,C0014,store,control,Premium,86.62,36.38,1
T08S08060,8,S08,C0021,ecommerce,control,Value,106.45,37.26,1
T08S08061,8,S08,C0028,store,control,Core,74.3,31.21,0
T08S08062,8,S08,C0035,store,control,Premium,65.17,27.37,0
T08S08063,8,S08,C0042,store,control,Value,93.06,39.09,1
T08S08064,8,S08,C0049,store,control,Core,49.19,17.22,0
T08S08065,8,S08,C0056,ecommerce,control,Premium,115.04,48.32,1
T08S08066,8,S08,C0063,store,control,Value,94.02,39.49,1
T08S08067,8,S08,C0070,store,control,Core,70.05,29.42,0
T08S08068,8,S08,C0077,store,control,Premium,108.08,37.83,1
T08S08069,8,S08,C0084,store,control,Value,88.95,37.36,1
T08S08070,8,S08,C0091,ecommerce,control,Core,62.69,26.33,0
T08S08071,8,S08,C0098,store,control,Premium,103.16,43.33,1
T08S08072,8,S08,C0105,store,control,Value,93.61,32.76,1
T08S08073,8,S08,C0112,store,control,Core,63.13,26.51,0
T08S08074,8,S08,C0119,store,control,Premium,86.99,36.54,1
T08S08075,8,S08,C0126,ecommerce,control,Value,88.91,37.34,1
T08S08076,8,S08,C0133,store,control,Core,52.46,18.36,0
T08S08077,8,S08,C0140,store,control,Premium,97.69,41.03,1
T08S08078,8,S08,C0147,store,control,Value,73.58,30.9,0
T08S08079,8,S08,C0154,store,control,Core,51.19,21.5,0
T08S08080,8,S08,C0161,ecommerce,control,Premium,95.27,33.34,1
T08S08081,8,S08,C0168,store,control,Value,95.18,39.97,1
T08S08082,8,S08,C0175,store,control,Core,93.74,39.37,1
T08S08083,8,S08,C0182,store,control,Premium,63.35,26.61,0
T08S08084,8,S08,C0189,store,control,Value,78.85,27.6,1
T08S08085,8,S08,C0196,ecommerce,control,Core,65.72,27.6,0
T08S08086,8,S08,C0003,store,control,Value,87.37,36.7,1
T08S08087,8,S08,C0010,store,control,Core,79.38,33.34,1
T08S08088,8,S08,C0017,store,control,Premium,108.85,38.1,1
T08S08089,8,S08,C0024,store,control,Value,92.63,38.91,1
T08S08090,8,S08,C0031,ecommerce,control,Core,74.89,31.45,0
T08S08091,8,S08,C0038,store,control,Premium,68.29,28.68,0
T08S08092,8,S08,C0045,store,control,Value,61.51,21.53,0
T08S08093,8,S08,C0052,store,control,Core,70.9,29.78,0
T08S08094,8,S08,C0059,store,control,Premium,88.37,37.12,1
T08S08095,8,S08,C0066,ecommerce,control,Value,59.54,25.01,0
T08S08096,8,S08,C0073,store,control,Core,75.58,26.45,0
T08S08097,8,S08,C0080,store,control,Premium,108.03,45.37,1
T08S08098,8,S08,C0087,store,control,Value,89.82,37.72,1
T08S08099,8,S08,C0094,store,control,Core,73.16,30.73,0
T08S08100,8,S08,C0101,ecommerce,control,Premium,54.9,19.21,0
T08S08101,8,S08,C0108,store,control,Value,74.55,31.31,0
T08S08102,8,S08,C0115,store,control,Core,78.25,32.86,1
T08S08103,8,S08,C0122,store,control,Premium,81.01,34.02,1
T08S08104,8,S08,C0129,store,control,Value,92.98,32.54,1
T08S08105,8,S08,C0136,ecommerce,control,Core,99.72,41.88,1
T08S08106,8,S08,C0143,store,control,Premium,105.25,44.21,1
T08S08107,8,S08,C0150,store,control,Value,74.1,31.12,0
T08S08108,8,S08,C0157,store,control,Core,82.07,28.72,1
T08S08109,8,S08,C0164,store,control,Premium,97.0,40.74,1
T08S08110,8,S08,C0171,ecommerce,control,Value,87.68,36.83,1
T08S08111,8,S08,C0178,store,control,Core,58.03,24.37,0
T08S08112,8,S08,C0185,store,control,Premium,88.92,31.12,1
T08S08113,8,S08,C0192,store,control,Value,65.05,27.32,0
T08S08114,8,S08,C0199,store,control,Core,74.2,31.16,0
T08S08115,8,S08,C0006,ecommerce,control,Value,74.87,31.45,0
T08S08116,8,S08,C0013,store,control,Core,95.27,33.34,1
T08S08117,8,S08,C0020,store,control,Premium,107.55,45.17,1
T08S08118,8,S08,C0027,store,control,Value,55.94,23.5,0
T08S08119,8,S08,C0034,store,control,Core,108.52,45.58,1
T08S08120,8,S08,C0041,ecommerce,control,Premium,73.32,25.66,0
T08S08121,8,S08,C0048,store,control,Value,89.75,37.7,1
T08S08122,8,S08,C0055,store,control,Core,71.02,29.83,0
T08S08123,8,S08,C0062,store,control,Premium,115.35,48.45,1
T08S08124,8,S08,C0069,store,control,Value,51.61,18.06,0
T08S08125,8,S08,C0076,ecommerce,control,Core,78.46,32.95,1
T08S08126,8,S08,C0083,store,control,Premium,53.09,22.3,0
T08S08127,8,S08,C0090,store,control,Value,71.47,30.02,0
T08S08128,8,S08,C0097,store,control,Core,55.1,19.28,0
T08S08129,8,S08,C0104,store,control,Premium,74.62,31.34,0
T08S08130,8,S08,C0111,ecommerce,control,Value,97.23,40.84,1
T08S08131,8,S08,C0118,store,control,Core,71.63,30.09,0
T08S08132,8,S08,C0125,store,control,Premium,103.46,36.21,1
T08S08133,8,S08,C0132,store,control,Value,79.33,33.32,1
T08S08134,8,S08,C0139,store,control,Core,108.48,45.56,1
T08S08135,8,S08,C0146,ecommerce,control,Premium,120.38,50.56,1
T08S08136,8,S08,C0153,store,control,Value,75.47,26.42,0
T08S08137,8,S08,C0160,store,control,Core,64.16,26.95,0
T08S08138,8,S08,C0167,store,control,Premium,102.53,43.06,1
T08S08139,8,S08,C0174,store,control,Value,83.01,34.86,1
T08S08140,8,S08,C0181,ecommerce,control,Core,81.27,28.44,1
T08S08141,8,S08,C0188,store,control,Premium,89.17,37.45,1
T08S08142,8,S08,C0195,store,control,Value,67.33,28.28,0
T08S08143,8,S08,C0002,store,control,Premium,133.63,56.12,1
T08S08144,8,S08,C0009,store,control,Value,76.06,26.62,1
T08S08145,8,S08,C0016,ecommerce,control,Core,105.47,44.3,1
T08S08146,8,S08,C0023,store,control,Premium,87.79,36.87,1
T08S08147,8,S08,C0030,store,control,Value,83.87,35.23,1
T08S08148,8,S08,C0037,store,control,Core,59.17,20.71,0
T08S08149,8,S08,C0044,store,control,Premium,87.05,36.56,1
T08S08150,8,S08,C0051,ecommerce,control,Value,120.51,50.61,1
T08S08151,8,S08,C0058,store,control,Core,97.15,40.8,1
T08S08152,8,S08,C0065,store,control,Premium,67.07,23.48,0
T08S08153,8,S08,C0072,store,control,Value,74.58,31.33,0
T08S08154,8,S08,C0079,store,control,Core,80.6,33.85,1
T08S08155,8,S08,C0086,ecommerce,control,Premium,72.84,30.59,0
T08S08156,8,S08,C0093,store,control,Value,62.61,21.91,0
T08S08157,8,S08,C0100,store,control,Core,109.45,45.97,1
T08S08158,8,S08,C0107,store,control,Premium,75.98,31.91,0
T08S08159,8,S08,C0114,store,control,Value,53.42,22.44,0
